run_id,seed,year,population,men,women,births,deaths,couples,breakups
1,191664963,0,1000,503,497,17,17,222,0
1,191664963,1,1078,544,534,105,27,255,0
1,191664963,2,1153,575,578,90,15,272,0
1,191664963,3,1222,612,610,84,15,275,0
1,191664963,4,1307,663,644,93,8,277,0
1,191664963,5,1346,680,666,57,18,267,10
1,191664963,6,1367,692,675,31,10,258,9
1,191664963,7,1375,696,679,26,18,241,17
1,191664963,8,1388,702,686,22,9,251,0
1,191664963,9,1405,710,695,25,8,254,0
1,191664963,10,1426,727,699,30,9,251,3
1,191664963,11,1433,731,702,21,14,251,0
1,191664963,12,1439,736,703,25,19,244,7
1,191664963,13,1433,734,699,15,21,260,0
1,191664963,14,1441,738,703,27,19,286,0
1,191664963,15,1454,744,710,31,18,311,0
1,191664963,16,1478,750,728,46,22,340,0
1,191664963,17,1524,768,756,53,7,374,0
1,191664963,18,1590,799,791,78,12,374,0
1,191664963,19,1672,845,827,91,9,389,0
1,191664963,20,1729,874,855,73,16,378,11
1,191664963,21,1819,923,896,106,16,367,11
1,191664963,22,1869,941,928,65,15,372,0
1,191664963,23,1922,971,951,67,14,398,0
1,191664963,24,1971,1003,968,61,12,397,1
1,191664963,25,2025,1038,987,63,9,425,0
1,191664963,26,2031,1044,987,27,21,435,0
1,191664963,27,2047,1061,986,35,19,443,0
1,191664963,28,2054,1066,988,43,36,436,7
1,191664963,29,2072,1076,996,41,23,433,3
1,191664963,30,2101,1088,1013,48,19,461,0
1,191664963,31,2141,1113,1028,50,10,490,0
1,191664963,32,2189,1137,1052,61,13,533,0
1,191664963,33,2240,1161,1079,65,14,567,0
1,191664963,34,2286,1175,1111,63,17,593,0
1,191664963,35,2352,1207,1145,86,20,601,0
1,191664963,36,2436,1257,1179,97,13,610,0
1,191664963,37,2478,1281,1197,58,16,636,0
1,191664963,38,2557,1329,1228,94,15,657,0
1,191664963,39,2639,1370,1269,96,14,642,15
1,191664963,40,2729,1418,1311,109,19,648,0
1,191664963,41,2796,1452,1344,79,12,671,0
1,191664963,42,2867,1478,1389,86,15,663,8
1,191664963,43,2910,1503,1407,59,16,696,0
1,191664963,44,2847,1477,1370,53,116,668,28
1,191664963,45,2886,1491,1395,54,15,696,0
1,191664963,46,2936,1520,1416,58,8,739,0
1,191664963,47,2987,1546,1441,73,22,743,0
1,191664963,48,3035,1570,1465,66,18,760,0
1,191664963,49,3096,1607,1489,78,17,792,0
1,191664963,50,3152,1638,1514,70,14,797,0
1,191664963,51,3210,1654,1556,70,12,827,0
1,191664963,52,3297,1703,1594,98,11,868,0
1,191664963,53,3371,1745,1626,91,17,889,0
1,191664963,54,3457,1782,1675,94,8,899,0
1,191664963,55,3543,1822,1721,97,11,920,0
1,191664963,56,3640,1871,1769,113,16,955,0
1,191664963,57,3734,1922,1812,108,14,972,0
1,191664963,58,3807,1959,1848,85,12,956,16
1,191664963,59,3911,2015,1896,118,14,999,0
1,191664963,60,3984,2046,1938,86,13,1029,0
1,191664963,61,4039,2081,1958,77,22,1054,0
1,191664963,62,4115,2117,1998,85,9,1048,6
1,191664963,63,4199,2162,2037,106,22,1021,27
1,191664963,64,4268,2199,2069,88,19,1062,0
1,191664963,65,4367,2249,2118,110,11,1088,0
1,191664963,66,4442,2289,2153,88,13,1134,0
1,191664963,67,4533,2334,2199,108,17,1150,0
1,191664963,68,4637,2391,2246,117,13,1133,17
1,191664963,69,4717,2426,2291,99,19,1167,0
1,191664963,70,4840,2484,2356,141,18,1188,0
1,191664963,71,4973,2547,2426,153,20,1249,0
1,191664963,72,5079,2592,2487,121,15,1261,0
1,191664963,73,5170,2640,2530,113,22,1282,0
1,191664963,74,5280,2690,2590,135,25,1294,0
1,191664963,75,5396,2743,2653,133,17,1333,0
1,191664963,76,5500,2802,2698,121,17,1372,0
1,191664963,77,5623,2862,2761,143,20,1383,0
1,191664963,78,5707,2913,2794,110,26,1394,0
1,191664963,79,5801,2953,2848,126,32,1408,0
1,191664963,80,5894,3002,2892,117,24,1454,0
1,191664963,81,5993,3040,2953,137,38,1462,0
1,191664963,82,6096,3100,2996,148,45,1479,0
1,191664963,83,6200,3152,3048,136,32,1533,0
1,191664963,84,6288,3194,3094,133,45,1535,0
1,191664963,85,6417,3256,3161,164,35,1605,0
1,191664963,86,6510,3303,3207,125,32,1646,0
1,191664963,87,6641,3374,3267,176,45,1638,8
1,191664963,88,6781,3434,3347,180,40,1684,0
1,191664963,89,6923,3501,3422,183,41,1733,0
1,191664963,90,7059,3572,3487,182,46,1723,10
1,191664963,91,7187,3648,3539,168,40,1796,0
1,191664963,92,7328,3724,3604,170,29,1805,0
1,191664963,93,7483,3796,3687,176,21,1843,0
1,191664963,94,7637,3870,3767,176,22,1888,0
1,191664963,95,7782,3939,3843,172,27,1937,0
1,191664963,96,7935,4012,3923,183,30,1912,25
1,191664963,97,8056,4073,3983,162,41,1972,0
1,191664963,98,8186,4122,4064,158,28,2001,0
1,191664963,99,8304,4180,4124,162,44,2090,0
2,1662057957,0,995,494,501,15,20,222,0
2,1662057957,1,1087,542,545,102,10,255,0
2,1662057957,2,1157,574,583,89,19,253,2
2,1662057957,3,1225,598,627,79,11,252,1
2,1662057957,4,1237,607,630,36,24,248,4
2,1662057957,5,1267,620,647,50,20,243,5
2,1662057957,6,1285,629,656,38,20,223,20
2,1662057957,7,1312,644,668,44,17,227,0
2,1662057957,8,1340,657,683,46,18,225,2
2,1662057957,9,1356,664,692,29,13,239,0
2,1662057957,10,1368,671,697,28,16,224,15
2,1662057957,11,1379,675,704,24,13,222,2
2,1662057957,12,1398,683,715,30,11,239,0
2,1662057957,13,1387,682,705,20,31,238,1
2,1662057957,14,1369,661,708,22,40,246,0
2,1662057957,15,1386,671,715,31,14,285,0
2,1662057957,16,1409,688,721,39,16,315,0
2,1662057957,17,1458,713,745,61,12,326,0
2,1662057957,18,1495,724,771,57,20,327,0
2,1662057957,19,1548,749,799,74,21,348,0
2,1662057957,20,1609,783,826,76,15,351,0
2,1662057957,21,1687,830,857,85,7,372,0
2,1662057957,22,1754,862,892,78,11,378,0
2,1662057957,23,1799,879,920,59,14,370,8
2,1662057957,24,1855,900,955,67,11,395,0
2,1662057957,25,1892,916,976,51,14,388,7
2,1662057957,26,1913,925,988,46,25,403,0
2,1662057957,27,1954,942,1012,54,13,408,0
2,1662057957,28,1984,961,1023,45,15,412,0
2,1662057957,29,2019,984,1035,54,19,427,0
2,1662057957,30,2061,999,1062,59,17,447,0
2,1662057957,31,2015,974,1041,55,101,427,20
2,1662057957,32,2047,993,1054,46,14,486,0
2,1662057957,33,2091,1015,1076,50,6,519,0
2,1662057957,34,2133,1039,1094,54,12,547,0
2,1662057957,35,2197,1064,1133,71,7,565,0
2,1662057957,36,2250,1091,1159,70,17,566,0
2,1662057957,37,2323,1129,1194,85,12,594,0
2,1662057957,38,2418,1188,1230,103,8,587,7
2,1662057957,39,2508,1246,1262,98,8,626,0
2,1662057957,40,2577,1276,1301,87,18,617,9
2,1662057957,41,2648,1311,1337,81,10,653,0
2,1662057957,42,2732,1344,1388,92,8,665,0
2,1662057957,43,2814,1387,1427,97,15,660,5
2,1662057957,44,2883,1417,1466,83,14,690,0
2,1662057957,45,2951,1443,1508,84,16,705,0
2,1662057957,46,3003,1469,1534,66,14,716,0
2,1662057957,47,3043,1487,1556,55,15,727,0
2,1662057957,48,3097,1518,1579,72,18,731,0
2,1662057957,49,3154,1554,1600,66,9,782,0
2,1662057957,50,3217,1587,1630,80,17,804,0
2,1662057957,51,3278,1607,1671,79,18,814,0
2,1662057957,52,3367,1657,1710,104,15,875,0
2,1662057957,53,3453,1705,1748,105,19,874,1
2,1662057957,54,3555,1756,1799,114,12,916,0
2,1662057957,55,3648,1809,1839,107,14,957,0
2,1662057957,56,3718,1846,1872,85,15,963,0
2,1662057957,57,3788,1892,1896,91,21,994,0
2,1662057957,58,3892,1939,1953,131,27,1014,0
2,1662057957,59,4011,2003,2008,134,15,1018,0
2,1662057957,60,4139,2075,2064,137,9,1044,0
2,1662057957,61,4262,2138,2124,142,19,1080,0
2,1662057957,62,4367,2190,2177,118,13,1078,2
2,1662057957,63,4466,2245,2221,120,21,1112,0
2,1662057957,64,4567,2292,2275,117,16,1114,0
2,1662057957,65,4648,2339,2309,103,22,1151,0
2,1662057957,66,4770,2397,2373,141,19,1159,0
2,1662057957,67,4847,2432,2415,96,19,1203,0
2,1662057957,68,4960,2493,2467,134,21,1228,0
2,1662057957,69,5044,2526,2518,104,20,1235,0
2,1662057957,70,5150,2572,2578,124,18,1292,0
2,1662057957,71,5263,2618,2645,132,19,1315,0
2,1662057957,72,5415,2691,2724,158,6,1355,0
2,1662057957,73,5537,2747,2790,127,5,1413,0
2,1662057957,74,5663,2810,2853,143,17,1452,0
2,1662057957,75,5793,2882,2911,150,20,1511,0
2,1662057957,76,5902,2935,2967,138,29,1498,13
2,1662057957,77,6035,2993,3042,163,30,1516,0
2,1662057957,78,6173,3063,3110,162,24,1567,0
2,1662057957,79,6282,3121,3161,152,43,1589,0
2,1662057957,80,6428,3200,3228,181,35,1620,0
2,1662057957,81,6537,3239,3298,145,36,1665,0
2,1662057957,82,6688,3307,3381,186,35,1656,9
2,1662057957,83,6823,3379,3444,177,42,1718,0
2,1662057957,84,6949,3458,3491,172,46,1739,0
2,1662057957,85,7110,3543,3567,173,12,1760,0
2,1662057957,86,7219,3608,3611,146,37,1775,0
2,1662057957,87,7361,3672,3689,168,26,1813,0
2,1662057957,88,7490,3739,3751,154,25,1868,0
2,1662057957,89,7622,3807,3815,188,56,1903,0
2,1662057957,90,7795,3891,3904,181,8,1972,0
2,1662057957,91,7960,3970,3990,195,30,2036,0
2,1662057957,92,8150,4073,4077,205,15,2072,0
2,1662057957,93,8302,4155,4147,173,21,2080,0
2,1662057957,94,8509,4265,4244,224,17,2145,0
2,1662057957,95,8709,4367,4342,237,37,2211,0
2,1662057957,96,8840,4447,4393,187,56,2283,0
2,1662057957,97,9103,4577,4526,307,44,2312,0
2,1662057957,98,9247,4648,4599,191,47,2295,17
2,1662057957,99,9410,4727,4683,224,61,2298,0
3,1405681631,0,992,491,501,10,18,229,0
3,1405681631,1,1081,530,551,112,23,268,0
3,1405681631,2,1160,570,590,100,21,277,0
3,1405681631,3,1213,590,623,73,20,267,10
3,1405681631,4,1252,603,649,56,17,273,0
3,1405681631,5,1299,628,671,62,15,262,11
3,1405681631,6,1320,641,679,39,18,251,11
3,1405681631,7,1349,656,693,45,16,243,8
3,1405681631,8,1365,666,699,30,14,253,0
3,1405681631,9,1385,672,713,39,19,256,0
3,1405681631,10,1396,675,721,22,11,238,18
3,1405681631,11,1402,675,727,21,15,254,0
3,1405681631,12,1413,678,735,26,15,236,18
3,1405681631,13,1416,676,740,21,18,232,4
3,1405681631,14,1418,678,740,19,17,268,0
3,1405681631,15,1440,686,754,42,20,301,0
3,1405681631,16,1466,697,769,42,16,335,0
3,1405681631,17,1486,706,780,38,18,345,0
3,1405681631,18,1533,732,801,65,18,360,0
3,1405681631,19,1597,769,828,77,13,384,0
3,1405681631,20,1672,810,862,85,10,386,0
3,1405681631,21,1702,827,875,55,25,391,0
3,1405681631,22,1753,844,909,69,18,394,0
3,1405681631,23,1820,872,948,73,6,407,0
3,1405681631,24,1878,899,979,75,17,414,0
3,1405681631,25,1937,930,1007,75,16,397,17
3,1405681631,26,1979,956,1023,59,17,415,0
3,1405681631,27,2017,974,1043,57,19,423,0
3,1405681631,28,2053,994,1059,51,15,422,1
3,1405681631,29,2076,1007,1069,34,11,438,0
3,1405681631,30,2098,1027,1071,40,18,450,0
3,1405681631,31,2139,1053,1086,67,26,469,0
3,1405681631,32,2159,1061,1098,42,22,499,0
3,1405681631,33,2209,1085,1124,60,10,531,0
3,1405681631,34,2260,1110,1150,62,11,537,0
3,1405681631,35,2313,1137,1176,70,17,562,0
3,1405681631,36,2388,1177,1211,88,13,595,0
3,1405681631,37,2341,1110,1231,66,113,541,54
3,1405681631,38,2392,1129,1263,70,19,566,0
3,1405681631,39,2478,1168,1310,105,19,575,0
3,1405681631,40,2552,1207,1345,86,12,593,0
3,1405681631,41,2623,1240,1383,81,10,591,2
3,1405681631,42,2660,1261,1399,53,16,613,0
3,1405681631,43,2732,1293,1439,84,12,637,0
3,1405681631,44,2803,1333,1470,86,15,640,0
3,1405681631,45,2864,1362,1502,76,15,656,0
3,1405681631,46,2930,1403,1527,79,13,687,0
3,1405681631,47,2998,1433,1565,86,18,700,0
3,1405681631,48,3060,1471,1589,83,21,741,0
3,1405681631,49,3112,1503,1609,64,12,740,1
3,1405681631,50,3189,1549,1640,79,2,752,0
3,1405681631,51,3261,1590,1671,87,15,785,0
3,1405681631,52,3345,1633,1712,91,7,806,0
3,1405681631,53,3428,1662,1766,92,9,831,0
3,1405681631,54,3507,1701,1806,96,17,846,0
3,1405681631,55,3593,1750,1843,96,10,884,0
3,1405681631,56,3691,1801,1890,105,7,928,0
3,1405681631,57,3790,1850,1940,108,9,960,0
3,1405681631,58,3889,1906,1983,108,9,984,0
3,1405681631,59,4002,1971,2031,124,11,999,0
3,1405681631,60,4079,2009,2070,89,12,1017,0
3,1405681631,61,4183,2062,2121,119,15,1049,0
3,1405681631,62,4272,2106,2166,100,11,1049,0
3,1405681631,63,4366,2154,2212,109,15,1074,0
3,1405681631,64,4481,2210,2271,128,13,1123,0
3,1405681631,65,4578,2256,2322,106,9,1142,0
3,1405681631,66,4691,2305,2386,131,18,1159,0
3,1405681631,67,4787,2350,2437,105,9,1202,0
3,1405681631,68,4886,2403,2483,114,15,1202,0
3,1405681631,69,5003,2458,2545,124,7,1237,0
3,1405681631,70,5090,2505,2585,104,17,1269,0
3,1405681631,71,5232,2574,2658,154,12,1310,0
3,1405681631,72,5351,2642,2709,128,9,1329,0
3,1405681631,73,5269,2525,2744,166,248,1223,106
3,1405681631,74,5373,2582,2791,122,18,1244,0
3,1405681631,75,5461,2628,2833,109,21,1247,0
3,1405681631,76,5598,2697,2901,150,13,1271,0
3,1405681631,77,5714,2752,2962,133,17,1342,0
3,1405681631,78,5826,2809,3017,130,18,1380,0
3,1405681631,79,5925,2848,3077,117,18,1412,0
3,1405681631,80,6064,2923,3141,159,20,1467,0
3,1405681631,81,6206,2981,3225,163,21,1460,7
3,1405681631,82,6322,3046,3276,143,27,1521,0
3,1405681631,83,6424,3093,3331,134,32,1561,0
3,1405681631,84,6524,3143,3381,135,35,1581,0
3,1405681631,85,6649,3202,3447,158,33,1625,0
3,1405681631,86,6792,3253,3539,168,25,1652,0
3,1405681631,87,6969,3344,3625,187,10,1712,0
3,1405681631,88,7129,3427,3702,176,16,1763,0
3,1405681631,89,7303,3509,3794,203,29,1796,0
3,1405681631,90,7459,3590,3869,187,31,1797,0
3,1405681631,91,7590,3659,3931,158,27,1825,0
3,1405681631,92,7738,3734,4004,175,27,1903,0
3,1405681631,93,7904,3803,4101,198,32,1949,0
3,1405681631,94,8043,3868,4175,168,29,1968,0
3,1405681631,95,7938,3824,4114,176,281,1916,52
3,1405681631,96,8089,3907,4182,187,36,1982,0
3,1405681631,97,8258,4001,4257,206,37,2007,0
3,1405681631,98,8382,4070,4312,161,37,2059,0
3,1405681631,99,8536,4149,4387,184,30,2139,0
4,942484272,0,992,494,498,12,20,245,0
4,942484272,1,1072,526,546,92,12,293,0
4,942484272,2,1162,562,600,97,7,287,6
4,942484272,3,1240,605,635,92,14,284,3
4,942484272,4,1288,628,660,69,21,272,12
4,942484272,5,1332,644,688,59,15,253,19
4,942484272,6,1356,655,701,45,21,252,1
4,942484272,7,1377,668,709,39,18,251,1
4,942484272,8,1394,673,721,37,20,242,9
4,942484272,9,1408,671,737,33,19,251,0
4,942484272,10,1411,669,742,25,22,227,24
4,942484272,11,1420,672,748,27,18,220,7
4,942484272,12,1438,682,756,23,5,239,0
4,942484272,13,1446,684,762,23,15,257,0
4,942484272,14,1450,694,756,27,23,272,0
4,942484272,15,1453,696,757,23,20,309,0
4,942484272,16,1484,714,770,49,18,323,0
4,942484272,17,1472,700,772,49,61,342,0
4,942484272,18,1535,736,799,69,6,363,0
4,942484272,19,1578,758,820,58,15,357,6
4,942484272,20,1638,782,856,72,12,381,0
4,942484272,21,1692,809,883,62,8,373,8
4,942484272,22,1756,842,914,79,15,384,0
4,942484272,23,1807,862,945,69,18,377,7
4,942484272,24,1871,885,986,71,7,402,0
4,942484272,25,1926,911,1015,71,16,397,5
4,942484272,26,1974,939,1035,62,14,410,0
4,942484272,27,2019,961,1058,53,8,424,0
4,942484272,28,2055,975,1080,50,14,439,0
4,942484272,29,2080,986,1094,36,11,433,6
4,942484272,30,2115,1004,1111,43,8,436,0
4,942484272,31,2135,1019,1116,37,17,476,0
4,942484272,32,2162,1033,1129,46,19,497,0
4,942484272,33,2207,1055,1152,58,13,495,2
4,942484272,34,2232,1063,1169,51,26,532,0
4,942484272,35,2276,1083,1193,66,22,545,0
4,942484272,36,2316,1103,1213,58,18,565,0
4,942484272,37,2375,1135,1240,77,18,602,0
4,942484272,38,2457,1177,1280,89,7,615,0
4,942484272,39,2535,1216,1319,87,9,644,0
4,942484272,40,2645,1268,1377,113,3,656,0
4,942484272,41,2740,1314,1426,106,11,656,0
4,942484272,42,2812,1347,1465,87,15,638,18
4,942484272,43,2884,1377,1507,79,7,668,0
4,942484272,44,3021,1445,1576,139,2,686,0
4,942484272,45,3070,1469,1601,57,8,699,0
4,942484272,46,3130,1504,1626,67,7,704,0
4,942484272,47,3190,1526,1664,70,10,726,0
4,942484272,48,3235,1551,1684,59,14,732,0
4,942484272,49,3295,1575,1720,75,15,760,0
4,942484272,50,3346,1601,1745,63,12,764,0
4,942484272,51,3381,1625,1756,47,12,793,0
4,942484272,52,3452,1655,1797,77,6,826,0
4,942484272,53,3542,1701,1841,100,10,889,0
4,942484272,54,3623,1738,1885,89,8,924,0
4,942484272,55,3716,1789,1927,103,10,961,0
4,942484272,56,3792,1825,1967,88,12,997,0
4,942484272,57,3926,1894,2032,142,8,1009,0
4,942484272,58,4032,1946,2086,117,11,1056,0
4,942484272,59,4173,2023,2150,145,4,1071,0
4,942484272,60,4272,2079,2193,107,8,1060,11
4,942484272,61,4423,2161,2262,158,7,1103,0
4,942484272,62,4546,2221,2325,129,6,1101,2
4,942484272,63,4631,2260,2371,105,20,1105,0
4,942484272,64,4719,2305,2414,100,12,1123,0
4,942484272,65,4833,2366,2467,127,13,1120,3
4,942484272,66,4923,2409,2514,112,22,1148,0
4,942484272,67,5021,2460,2561,116,18,1206,0
4,942484272,68,5108,2502,2606,98,11,1227,0
4,942484272,69,5220,2563,2657,127,15,1254,0
4,942484272,70,5302,2613,2689,98,16,1270,0
4,942484272,71,5407,2666,2741,118,13,1321,0
4,942484272,72,5545,2741,2804,150,12,1363,0
4,942484272,73,5700,2821,2879,157,2,1453,0
4,942484272,74,5845,2898,2947,159,14,1501,0
4,942484272,75,5992,2963,3029,163,16,1512,0
4,942484272,76,6126,3024,3102,147,13,1501,11
4,942484272,77,6316,3117,3199,203,13,1538,0
4,942484272,78,6412,3160,3252,121,25,1573,0
4,942484272,79,6557,3240,3317,167,22,1626,0
4,942484272,80,6696,3302,3394,158,19,1638,0
4,942484272,81,6829,3354,3475,159,26,1688,0
4,942484272,82,6935,3413,3522,144,38,1688,0
4,942484272,83,7085,3491,3594,180,30,1757,0
4,942484272,84,7212,3555,3657,166,39,1770,0
4,942484272,85,7338,3630,3708,161,35,1802,0
4,942484272,86,7468,3700,3768,167,37,1895,0
4,942484272,87,7376,3663,3713,165,257,1799,96
4,942484272,88,7530,3739,3791,187,33,1881,0
4,942484272,89,7646,3803,3843,136,20,1929,0
4,942484272,90,7818,3886,3932,202,30,1971,0
4,942484272,91,7972,3963,4009,183,29,1988,0
4,942484272,92,8123,4033,4090,176,25,2046,0
4,942484272,93,8288,4113,4175,195,30,2134,0
4,942484272,94,8480,4209,4271,232,40,2158,0
4,942484272,95,8628,4283,4345,181,33,2163,0
4,942484272,96,8803,4378,4425,206,31,2227,0
4,942484272,97,8988,4470,4518,219,34,2249,0
4,942484272,98,9211,4605,4606,256,33,2332,0
4,942484272,99,9427,4719,4708,239,23,2391,0
5,929893137,0,998,504,494,17,19,231,0
5,929893137,1,1089,557,532,113,22,270,0
5,929893137,2,1185,598,587,112,16,266,4
5,929893137,3,1233,623,610,70,22,273,0
5,929893137,4,1299,661,638,79,13,262,11
5,929893137,5,1330,678,652,46,15,242,20
5,929893137,6,1366,693,673,54,18,237,5
5,929893137,7,1381,704,677,37,22,255,0
5,929893137,8,1404,727,677,43,20,254,1
5,929893137,9,1405,731,674,25,24,223,31
5,929893137,10,1419,743,676,28,14,217,6
5,929893137,11,1427,744,683,23,15,231,0
5,929893137,12,1438,748,690,27,16,229,2
5,929893137,13,1443,751,692,15,10,264,0
5,929893137,14,1453,760,693,30,20,299,0
5,929893137,15,1474,775,699,33,12,324,0
5,929893137,16,1511,793,718,51,14,351,0
5,929893137,17,1563,815,748,59,7,368,0
5,929893137,18,1645,860,785,88,6,358,10
5,929893137,19,1690,885,805,59,14,346,12
5,929893137,20,1726,900,826,55,19,391,0
5,929893137,21,1786,932,854,74,14,387,4
5,929893137,22,1854,971,883,80,12,407,0
5,929893137,23,1913,1005,908,72,13,406,1
5,929893137,24,1964,1024,940,65,14,417,0
5,929893137,25,2008,1044,964,68,24,423,0
5,929893137,26,2048,1065,983,59,19,417,6
5,929893137,27,2080,1075,1005,47,15,423,0
5,929893137,28,2101,1085,1016,39,18,425,0
5,929893137,29,2103,1082,1021,16,14,468,0
5,929893137,30,2147,1101,1046,55,11,475,0
5,929893137,31,2181,1115,1066,52,18,511,0
5,929893137,32,2241,1142,1099,65,5,525,0
5,929893137,33,2279,1157,1122,46,8,541,0
5,929893137,34,2350,1185,1165,87,16,558,0
5,929893137,35,2394,1207,1187,63,19,590,0
5,929893137,36,2461,1243,1218,80,13,609,0
5,929893137,37,2518,1270,1248,76,19,635,0
5,929893137,38,2582,1296,1286,79,15,640,0
5,929893137,39,2652,1332,1320,87,17,650,0
5,929893137,40,2727,1374,1353,91,16,663,0
5,929893137,41,2795,1405,1390,82,14,675,0
5,929893137,42,2855,1432,1423,73,13,687,0
5,929893137,43,2936,1466,1470,95,14,715,0
5,929893137,44,2874,1441,1433,78,140,692,23
5,929893137,45,2944,1473,1471,79,9,717,0
5,929893137,46,2998,1503,1495,71,17,743,0
5,929893137,47,3063,1531,1532,77,12,741,2
5,929893137,48,3144,1572,1572,96,15,763,0
5,929893137,49,3205,1593,1612,83,22,802,0
5,929893137,50,3274,1625,1649,94,25,813,0
5,929893137,51,3344,1665,1679,88,18,856,0
5,929893137,52,3395,1687,1708,68,17,886,0
5,929893137,53,3460,1715,1745,79,14,873,13
5,929893137,54,3547,1759,1788,101,14,915,0
5,929893137,55,3631,1801,1830,107,23,940,0
5,929893137,56,3737,1850,1887,127,21,975,0
5,929893137,57,3822,1888,1934,103,18,976,0
5,929893137,58,3951,1948,2003,150,21,989,0
5,929893137,59,4035,1986,2049,103,19,1034,0
5,929893137,60,3948,1936,2012,102,189,1012,22
5,929893137,61,4033,1981,2052,94,9,1040,0
5,929893137,62,4126,2026,2100,108,15,1049,0
5,929893137,63,4220,2076,2144,111,17,1062,0
5,929893137,64,4295,2117,2178,92,17,1094,0
5,929893137,65,4420,2190,2230,139,14,1097,0
5,929893137,66,4541,2258,2283,128,7,1134,0
5,929893137,67,4669,2318,2351,134,6,1186,0
5,929893137,68,4757,2360,2397,107,19,1220,0
5,929893137,69,4870,2420,2450,124,11,1219,1
5,929893137,70,5002,2487,2515,143,11,1244,0
5,929893137,71,5109,2542,2567,122,15,1259,0
5,929893137,72,5228,2597,2631,142,23,1266,0
5,929893137,73,5348,2659,2689,133,13,1316,0
5,929893137,74,5460,2714,2746,131,19,1348,0
5,929893137,75,5411,2680,2731,136,185,1294,54
5,929893137,76,5519,2729,2790,125,17,1378,0
5,929893137,77,5637,2791,2846,135,17,1427,0
5,929893137,78,5759,2844,2915,143,21,1462,0
5,929893137,79,5900,2918,2982,155,14,1481,0
5,929893137,80,6003,2973,3030,126,23,1486,0
5,929893137,81,6118,3043,3075,145,30,1497,0
5,929893137,82,6256,3117,3139,161,23,1532,0
5,929893137,83,6411,3196,3215,178,23,1581,0
5,929893137,84,6552,3259,3293,163,22,1619,0
5,929893137,85,6686,3324,3362,163,29,1644,0
5,929893137,86,6782,3371,3411,120,24,1711,0
5,929893137,87,6912,3441,3471,154,24,1710,1
5,929893137,88,7059,3514,3545,173,26,1749,0
5,929893137,89,7210,3584,3626,176,25,1818,0
5,929893137,90,7361,3670,3691,177,26,1797,21
5,929893137,91,7531,3778,3753,198,28,1877,0
5,929893137,92,7686,3856,3830,177,22,1910,0
5,929893137,93,7871,3944,3927,217,32,1934,0
5,929893137,94,8040,4040,4000,196,27,1964,0
5,929893137,95,8210,4118,4092,201,31,2034,0
5,929893137,96,8402,4201,4201,215,23,2073,0
5,929893137,97,8566,4289,4277,196,32,2121,0
5,929893137,98,8748,4373,4375,213,31,2129,0
5,929893137,99,8890,4453,4437,178,36,2200,0
6,1843824992,0,1001,502,499,13,12,216,0
6,1843824992,1,1089,548,541,113,25,257,0
6,1843824992,2,1146,565,581,78,21,274,0
6,1843824992,3,1202,595,607,79,23,262,12
6,1843824992,4,1238,614,624,49,13,254,8
6,1843824992,5,1269,633,636,53,22,252,2
6,1843824992,6,1291,645,646,50,28,229,23
6,1843824992,7,1322,656,666,51,20,223,6
6,1843824992,8,1346,671,675,39,15,232,0
6,1843824992,9,1362,677,685,30,14,225,7
6,1843824992,10,1353,672,681,14,23,217,8
6,1843824992,11,1344,665,679,18,27,214,3
6,1843824992,12,1355,669,686,30,19,222,0
6,1843824992,13,1354,669,685,25,26,225,0
6,1843824992,14,1372,680,692,29,11,264,0
6,1843824992,15,1395,688,707,28,5,297,0
6,1843824992,16,1422,694,728,32,5,328,0
6,1843824992,17,1464,721,743,52,10,346,0
6,1843824992,18,1518,741,777,67,13,354,0
6,1843824992,19,1575,765,810,68,11,370,0
6,1843824992,20,1610,779,831,56,21,385,0
6,1843824992,21,1677,816,861,78,11,392,0
6,1843824992,22,1713,831,882,55,19,382,10
6,1843824992,23,1742,847,895,46,17,397,0
6,1843824992,24,1789,867,922,60,13,396,1
6,1843824992,25,1820,889,931,48,17,406,0
6,1843824992,26,1865,908,957,60,15,416,0
6,1843824992,27,1911,931,980,63,17,426,0
6,1843824992,28,1967,966,1001,72,16,427,0
6,1843824992,29,1994,978,1016,37,10,425,2
6,1843824992,30,2028,1002,1026,43,9,429,0
6,1843824992,31,2048,1008,1040,37,17,467,0
6,1843824992,32,2088,1019,1069,49,9,474,0
6,1843824992,33,2136,1045,1091,64,16,511,0
6,1843824992,34,2191,1071,1120,73,18,532,0
6,1843824992,35,2237,1096,1141,71,25,532,0
6,1843824992,36,2317,1140,1177,92,12,564,0
6,1843824992,37,2374,1163,1211,68,11,575,0
6,1843824992,38,2442,1202,1240,81,13,581,0
6,1843824992,39,2506,1245,1261,77,13,620,0
6,1843824992,40,2589,1285,1304,94,11,632,0
6,1843824992,41,2658,1321,1337,88,19,653,0
6,1843824992,42,2720,1350,1370,77,15,673,0
6,1843824992,43,2790,1391,1399,83,13,677,0
6,1843824992,44,2846,1432,1414,76,20,686,0
6,1843824992,45,2900,1467,1433,74,20,687,0
6,1843824992,46,2959,1495,1464,72,13,710,0
6,1843824992,47,3018,1517,1501,74,15,740,0
6,1843824992,48,2977,1509,1468,66,107,702,38
6,1843824992,49,3044,1546,1498,80,13,748,0
6,1843824992,50,3100,1574,1526,71,15,778,0
6,1843824992,51,3177,1619,1558,96,19,797,0
6,1843824992,52,3278,1669,1609,113,12,831,0
6,1843824992,53,3221,1635,1586,73,130,788,43
6,1843824992,54,3300,1672,1628,94,15,835,0
6,1843824992,55,3409,1731,1678,124,15,858,0
6,1843824992,56,3495,1775,1720,105,19,900,0
6,1843824992,57,3461,1696,1765,139,173,806,94
6,1843824992,58,3523,1728,1795,80,18,812,0
6,1843824992,59,3597,1762,1835,85,11,823,0
6,1843824992,60,3669,1803,1866,83,11,831,0
6,1843824992,61,3741,1839,1902,83,11,878,0
6,1843824992,62,3816,1881,1935,86,11,910,0
6,1843824992,63,3900,1918,1982,93,9,934,0
6,1843824992,64,4005,1969,2036,115,10,942,0
6,1843824992,65,4076,2004,2072,81,10,1001,0
6,1843824992,66,4160,2045,2115,99,15,1019,0
6,1843824992,67,4242,2083,2159,89,7,1070,0
6,1843824992,68,4350,2138,2212,115,7,1131,0
6,1843824992,69,4426,2166,2260,89,13,1163,0
6,1843824992,70,4535,2223,2312,115,6,1194,0
6,1843824992,71,4658,2293,2365,135,12,1181,13
6,1843824992,72,4758,2337,2421,112,12,1193,0
6,1843824992,73,4878,2393,2485,133,13,1231,0
6,1843824992,74,4998,2456,2542,129,9,1243,0
6,1843824992,75,5120,2513,2607,137,15,1261,0
6,1843824992,76,5226,2559,2667,113,7,1283,0
6,1843824992,77,5327,2597,2730,116,15,1334,0
6,1843824992,78,5407,2635,2772,105,25,1366,0
6,1843824992,79,5520,2689,2831,135,22,1389,0
6,1843824992,80,5606,2733,2873,100,14,1391,0
6,1843824992,81,5727,2789,2938,133,12,1458,0
6,1843824992,82,5860,2841,3019,154,21,1452,6
6,1843824992,83,5978,2902,3076,140,22,1513,0
6,1843824992,84,6120,2972,3148,170,28,1518,0
6,1843824992,85,6218,3022,3196,124,26,1545,0
6,1843824992,86,6362,3094,3268,165,21,1619,0
6,1843824992,87,6487,3156,3331,154,29,1636,0
6,1843824992,88,6308,3077,3231,157,336,1583,53
6,1843824992,89,6446,3129,3317,162,24,1602,0
6,1843824992,90,6556,3188,3368,133,23,1635,0
6,1843824992,91,6702,3261,3441,168,22,1664,0
6,1843824992,92,6844,3329,3515,162,20,1719,0
6,1843824992,93,6987,3414,3573,172,29,1732,0
6,1843824992,94,7092,3466,3626,132,27,1770,0
6,1843824992,95,7251,3538,3713,182,23,1787,0
6,1843824992,96,7391,3606,3785,164,24,1820,0
6,1843824992,97,7528,3675,3853,175,38,1858,0
6,1843824992,98,7666,3764,3902,178,40,1922,0
6,1843824992,99,7852,3874,3978,231,45,1975,0
7,184566854,0,996,500,496,12,16,234,0
7,184566854,1,1118,563,555,134,12,273,0
7,184566854,2,1204,605,599,102,16,291,0
7,184566854,3,1274,636,638,86,16,273,18
7,184566854,4,1325,663,662,66,15,256,17
7,184566854,5,1372,678,694,67,20,252,4
7,184566854,6,1388,685,703,43,27,249,3
7,184566854,7,1411,701,710,38,15,251,0
7,184566854,8,1441,715,726,45,15,229,22
7,184566854,9,1434,711,723,18,25,237,0
7,184566854,10,1442,718,724,24,16,235,2
7,184566854,11,1462,729,733,30,10,235,0
7,184566854,12,1474,731,743,28,16,244,0
7,184566854,13,1481,733,748,19,12,268,0
7,184566854,14,1500,742,758,32,13,287,0
7,184566854,15,1522,750,772,40,18,322,0
7,184566854,16,1544,757,787,39,17,344,0
7,184566854,17,1601,785,816,71,14,372,0
7,184566854,18,1667,829,838,79,13,387,0
7,184566854,19,1722,857,865,79,24,397,0
7,184566854,20,1797,896,901,100,25,399,0
7,184566854,21,1852,929,923,73,18,439,0
7,184566854,22,1924,960,964,86,14,436,3
7,184566854,23,1994,987,1007,82,12,422,14
7,184566854,24,2039,1012,1027,54,9,427,0
7,184566854,25,2105,1047,1058,75,9,420,7
7,184566854,26,2162,1076,1086,70,13,439,0
7,184566854,27,2206,1096,1110,56,12,447,0
7,184566854,28,2232,1107,1125,38,12,469,0
7,184566854,29,2239,1117,1122,27,20,485,0
7,184566854,30,2267,1131,1136,48,20,508,0
7,184566854,31,2287,1143,1144,33,13,524,0
7,184566854,32,2334,1165,1169,64,17,570,0
7,184566854,33,2378,1180,1198,56,12,622,0
7,184566854,34,2439,1211,1228,73,12,627,0
7,184566854,35,2533,1260,1273,102,8,646,0
7,184566854,36,2608,1296,1312,88,13,673,0
7,184566854,37,2704,1348,1356,111,15,680,0
7,184566854,38,2799,1400,1399,111,16,693,0
7,184566854,39,2887,1441,1446,110,22,729,0
7,184566854,40,2967,1477,1490,93,13,739,0
7,184566854,41,3045,1515,1530,94,16,750,0
7,184566854,42,3131,1561,1570,98,12,758,0
7,184566854,43,3175,1585,1590,55,11,769,0
7,184566854,44,3238,1625,1613,78,15,799,0
7,184566854,45,3294,1643,1651,69,13,792,7
7,184566854,46,3356,1670,1686,69,7,794,0
7,184566854,47,3409,1691,1718,77,24,837,0
7,184566854,48,3465,1720,1745,73,17,887,0
7,184566854,49,3541,1759,1782,87,11,897,0
7,184566854,50,3650,1811,1839,120,11,911,0
7,184566854,51,3721,1842,1879,91,20,983,0
7,184566854,52,3841,1897,1944,134,14,995,0
7,184566854,53,3923,1935,1988,105,23,1037,0
7,184566854,54,4015,1988,2027,110,18,1041,0
7,184566854,55,4112,2036,2076,114,17,1056,0
7,184566854,56,4227,2095,2132,131,16,1083,0
7,184566854,57,4305,2129,2176,103,25,1089,0
7,184566854,58,4378,2156,2222,92,19,1096,0
7,184566854,59,4462,2200,2262,106,22,1102,0
7,184566854,60,4547,2241,2306,101,16,1165,0
7,184566854,61,4628,2286,2342,107,26,1166,0
7,184566854,62,4755,2358,2397,143,16,1208,0
7,184566854,63,4867,2419,2448,129,17,1211,0
7,184566854,64,4978,2471,2507,121,10,1257,0
7,184566854,65,5085,2513,2572,123,16,1272,0
7,184566854,66,5202,2569,2633,138,21,1306,0
7,184566854,67,5333,2632,2701,143,12,1331,0
7,184566854,68,5434,2681,2753,117,16,1373,0
7,184566854,69,5572,2754,2818,161,23,1387,0
7,184566854,70,5707,2824,2883,168,33,1434,0
7,184566854,71,5819,2879,2940,137,25,1466,0
7,184566854,72,5916,2924,2992,144,47,1455,11
7,184566854,73,6031,2981,3050,135,20,1488,0
7,184566854,74,6176,3056,3120,160,15,1504,0
7,184566854,75,6322,3124,3198,172,26,1575,0
7,184566854,76,6445,3188,3257,146,23,1618,0
7,184566854,77,6580,3248,3332,164,29,1656,0
7,184566854,78,6704,3329,3375,138,14,1687,0
7,184566854,79,6832,3399,3433,156,28,1711,0
7,184566854,80,6772,3369,3403,189,249,1591,120
7,184566854,81,6892,3430,3462,163,43,1704,0
7,184566854,82,7026,3494,3532,182,48,1743,0
7,184566854,83,7180,3571,3609,190,36,1768,0
7,184566854,84,7311,3636,3675,172,41,1810,0
7,184566854,85,7419,3693,3726,164,56,1873,0
7,184566854,86,7530,3752,3778,161,50,1896,0
7,184566854,87,7652,3809,3843,158,36,1909,0
7,184566854,88,7771,3866,3905,164,45,1936,0
7,184566854,89,7921,3940,3981,191,41,1943,0
7,184566854,90,8087,4015,4072,206,40,2017,0
7,184566854,91,8236,4087,4149,190,41,2027,0
7,184566854,92,8379,4176,4203,187,44,2101,0
7,184566854,93,8555,4283,4272,222,46,2072,29
7,184566854,94,8285,4004,4281,151,421,1898,174
7,184566854,95,8485,4108,4377,252,52,2012,0
7,184566854,96,8342,4042,4300,175,318,1894,118
7,184566854,97,8489,4122,4367,187,40,2013,0
7,184566854,98,8594,4164,4430,179,74,2066,0
7,184566854,99,8817,4265,4552,263,40,2106,0
8,1497586438,0,1000,501,499,15,15,223,0
8,1497586438,1,1109,544,565,134,25,259,0
8,1497586438,2,1172,575,597,82,19,275,0
8,1497586438,3,1254,605,649,101,19,271,4
8,1497586438,4,1307,640,667,70,17,253,18
8,1497586438,5,1337,660,677,45,15,248,5
8,1497586438,6,1371,675,696,47,13,248,0
8,1497586438,7,1410,689,721,53,14,230,18
8,1497586438,8,1415,697,718,30,25,222,8
8,1497586438,9,1410,693,717,17,22,218,4
8,1497586438,10,1415,700,715,17,12,228,0
8,1497586438,11,1415,693,722,20,20,221,7
8,1497586438,12,1420,695,725,25,20,224,0
8,1497586438,13,1405,685,720,18,33,239,0
8,1497586438,14,1421,695,726,34,18,264,0
8,1497586438,15,1442,701,741,41,20,296,0
8,1497586438,16,1462,712,750,36,16,344,0
8,1497586438,17,1513,745,768,64,13,366,0
8,1497586438,18,1563,770,793,65,15,364,2
8,1497586438,19,1621,790,831,77,19,385,0
8,1497586438,20,1685,825,860,74,10,392,0
8,1497586438,21,1757,851,906,86,14,391,1
8,1497586438,22,1820,891,929,80,17,398,0
8,1497586438,23,1874,923,951,71,17,405,0
8,1497586438,24,1942,955,987,81,13,421,0
8,1497586438,25,1995,982,1013,68,15,409,12
8,1497586438,26,2034,1005,1029,49,10,414,0
8,1497586438,27,2060,1017,1043,34,8,438,0
8,1497586438,28,2081,1033,1048,37,16,454,0
8,1497586438,29,2096,1044,1052,30,15,481,0
8,1497586438,30,2127,1056,1071,38,7,478,3
8,1497586438,31,2161,1079,1082,37,3,520,0
8,1497586438,32,2216,1114,1102,62,7,546,0
8,1497586438,33,2259,1138,1121,62,19,574,0
8,1497586438,34,2309,1158,1151,66,16,603,0
8,1497586438,35,2368,1188,1180,79,20,607,0
8,1497586438,36,2426,1220,1206,75,17,612,0
8,1497586438,37,2486,1255,1231,90,30,652,0
8,1497586438,38,2558,1293,1265,88,16,686,0
8,1497586438,39,2642,1326,1316,96,12,657,29
8,1497586438,40,2701,1362,1339,76,17,677,0
8,1497586438,41,2781,1402,1379,91,11,689,0
8,1497586438,42,2850,1438,1412,82,13,702,0
8,1497586438,43,2908,1465,1443,70,12,732,0
8,1497586438,44,2983,1501,1482,85,10,737,0
8,1497586438,45,3027,1532,1495,61,17,732,5
8,1497586438,46,3080,1561,1519,78,25,770,0
8,1497586438,47,3139,1599,1540,70,11,788,0
8,1497586438,48,3204,1635,1569,76,11,799,0
8,1497586438,49,3254,1669,1585,65,15,802,0
8,1497586438,50,3339,1718,1621,100,15,840,0
8,1497586438,51,3418,1759,1659,96,17,887,0
8,1497586438,52,3509,1798,1711,107,16,927,0
8,1497586438,53,3590,1838,1752,97,16,949,0
8,1497586438,54,3673,1879,1794,89,6,974,0
8,1497586438,55,3777,1943,1834,124,20,976,0
8,1497586438,56,3870,1993,1877,102,9,986,0
8,1497586438,57,3972,2041,1931,118,16,1027,0
8,1497586438,58,4069,2095,1974,116,19,1021,6
8,1497586438,59,4142,2141,2001,85,12,1053,0
8,1497586438,60,4232,2177,2055,109,19,1064,0
8,1497586438,61,4313,2208,2105,96,15,1075,0
8,1497586438,62,4387,2244,2143,96,22,1097,0
8,1497586438,63,4483,2291,2192,116,20,1090,7
8,1497586438,64,4571,2342,2229,100,12,1154,0
8,1497586438,65,4654,2385,2269,99,16,1192,0
8,1497586438,66,4715,2417,2298,82,21,1213,0
8,1497586438,67,4801,2450,2351,100,14,1188,25
8,1497586438,68,4904,2508,2396,113,10,1238,0
8,1497586438,69,5000,2554,2446,117,21,1274,0
8,1497586438,70,5105,2614,2491,120,15,1280,0
8,1497586438,71,5221,2673,2548,134,18,1307,0
8,1497586438,72,5354,2730,2624,144,11,1363,0
8,1497586438,73,5481,2806,2675,145,18,1375,0
8,1497586438,74,5597,2853,2744,143,27,1425,0
8,1497586438,75,5750,2923,2827,171,18,1435,0
8,1497586438,76,5871,2990,2881,135,14,1534,0
8,1497586438,77,5954,3035,2919,115,32,1502,32
8,1497586438,78,6070,3093,2977,145,29,1520,0
8,1497586438,79,6170,3139,3031,130,30,1505,15
8,1497586438,80,6261,3194,3067,131,40,1534,0
8,1497586438,81,6370,3250,3120,149,40,1591,0
8,1497586438,82,6460,3299,3161,122,32,1597,0
8,1497586438,83,6564,3350,3214,144,40,1640,0
8,1497586438,84,6660,3413,3247,137,41,1681,0
8,1497586438,85,6780,3486,3294,162,42,1684,0
8,1497586438,86,6891,3540,3351,161,50,1718,0
8,1497586438,87,6715,3425,3290,152,328,1656,62
8,1497586438,88,6842,3492,3350,161,34,1759,0
8,1497586438,89,6981,3567,3414,172,33,1800,0
8,1497586438,90,7148,3641,3507,199,32,1819,0
8,1497586438,91,7315,3725,3590,209,42,1825,0
8,1497586438,92,7444,3783,3661,174,45,1818,7
8,1497586438,93,7582,3852,3730,186,48,1868,0
8,1497586438,94,7730,3932,3798,186,38,1889,0
8,1497586438,95,7844,3990,3854,155,41,1914,0
8,1497586438,96,7973,4054,3919,178,49,1939,0
8,1497586438,97,8090,4116,3974,165,48,1969,0
8,1497586438,98,8204,4174,4030,167,53,2065,0
8,1497586438,99,8346,4241,4105,186,44,2105,0
9,432652533,0,1008,506,502,24,16,239,0
9,432652533,1,1117,562,555,120,11,270,0
9,432652533,2,1191,600,591,92,18,279,0
9,432652533,3,1253,635,618,79,17,266,13
9,432652533,4,1306,662,644,72,19,264,2
9,432652533,5,1347,686,661,58,17,246,18
9,432652533,6,1370,697,673,35,12,258,0
9,432652533,7,1399,712,687,43,14,242,16
9,432652533,8,1430,729,701,51,20,246,0
9,432652533,9,1433,728,705,19,16,248,0
9,432652533,10,1457,740,717,35,11,243,5
9,432652533,11,1456,741,715,21,22,245,0
9,432652533,12,1466,740,726,22,12,248,0
9,432652533,13,1489,753,736,45,22,265,0
9,432652533,14,1505,763,742,32,16,290,0
9,432652533,15,1530,774,756,40,15,326,0
9,432652533,16,1562,786,776,47,15,357,0
9,432652533,17,1621,813,808,73,14,378,0
9,432652533,18,1662,831,831,50,9,387,0
9,432652533,19,1712,854,858,66,16,390,0
9,432652533,20,1770,887,883,78,20,406,0
9,432652533,21,1829,921,908,73,14,403,3
9,432652533,22,1883,950,933,76,22,405,0
9,432652533,23,1946,974,972,78,15,437,0
9,432652533,24,2008,1007,1001,79,17,429,8
9,432652533,25,2031,1017,1014,38,15,432,0
9,432652533,26,2096,1049,1047,80,15,456,0
9,432652533,27,2129,1068,1061,51,18,466,0
9,432652533,28,2179,1094,1085,60,10,477,0
9,432652533,29,2224,1103,1121,57,12,486,0
9,432652533,30,2252,1114,1138,42,14,523,0
9,432652533,31,2275,1123,1152,41,18,540,0
9,432652533,32,2329,1151,1178,65,11,561,0
9,432652533,33,2378,1181,1197,64,15,567,0
9,432652533,34,2434,1201,1233,82,26,571,0
9,432652533,35,2511,1240,1271,94,17,619,0
9,432652533,36,2586,1271,1315,85,10,638,0
9,432652533,37,2669,1315,1354,97,14,668,0
9,432652533,38,2740,1349,1391,82,11,689,0
9,432652533,39,2813,1391,1422,94,21,709,0
9,432652533,40,2910,1436,1474,109,12,725,0
9,432652533,41,2969,1463,1506,74,15,734,0
9,432652533,42,3048,1505,1543,96,17,745,0
9,432652533,43,3109,1526,1583,80,19,763,0
9,432652533,44,3153,1549,1604,66,22,772,0
9,432652533,45,3229,1593,1636,95,19,778,0
9,432652533,46,3296,1627,1669,77,10,821,0
9,432652533,47,3362,1657,1705,77,11,837,0
9,432652533,48,3437,1690,1747,89,14,856,0
9,432652533,49,3519,1732,1787,93,11,886,0
9,432652533,50,3601,1780,1821,101,19,907,0
9,432652533,51,3679,1826,1853,95,17,933,0
9,432652533,52,3662,1811,1851,103,120,890,43
9,432652533,53,3772,1872,1900,124,14,954,0
9,432652533,54,3839,1909,1930,83,16,977,0
9,432652533,55,3938,1969,1969,120,21,1013,0
9,432652533,56,4041,2019,2022,117,14,1015,0
9,432652533,57,4154,2072,2082,135,22,1046,0
9,432652533,58,4241,2113,2128,113,26,1046,0
9,432652533,59,4330,2163,2167,121,32,1065,0
9,432652533,60,4419,2213,2206,121,32,1095,0
9,432652533,61,4526,2274,2252,140,33,1111,0
9,432652533,62,4601,2320,2281,97,22,1126,0
9,432652533,63,4691,2371,2320,113,23,1163,0
9,432652533,64,4762,2413,2349,86,15,1186,0
9,432652533,65,4871,2467,2404,131,22,1231,0
9,432652533,66,4958,2500,2458,115,28,1247,0
9,432652533,67,5072,2555,2517,128,14,1294,0
9,432652533,68,5181,2610,2571,126,17,1301,0
9,432652533,69,5277,2667,2610,114,18,1371,0
9,432652533,70,5429,2751,2678,162,10,1408,0
9,432652533,71,5561,2822,2739,146,14,1450,0
9,432652533,72,5693,2887,2806,146,14,1460,0
9,432652533,73,5833,2947,2886,152,12,1472,0
9,432652533,74,5978,3013,2965,159,14,1555,0
9,432652533,75,6141,3105,3036,178,15,1543,12
9,432652533,76,6288,3173,3115,164,17,1517,26
9,432652533,77,6410,3236,3174,146,24,1566,0
9,432652533,78,6508,3293,3215,126,28,1627,0
9,432652533,79,6624,3349,3275,143,27,1638,0
9,432652533,80,6723,3394,3329,136,37,1684,0
9,432652533,81,6874,3477,3397,189,38,1699,0
9,432652533,82,7004,3548,3456,168,38,1702,0
9,432652533,83,7121,3598,3523,164,47,1762,0
9,432652533,84,7257,3656,3601,167,31,1759,3
9,432652533,85,7400,3722,3678,182,39,1803,0
9,432652533,86,7498,3774,3724,142,44,1864,0
9,432652533,87,7643,3846,3797,189,44,1911,0
9,432652533,88,7812,3923,3889,195,26,1923,0
9,432652533,89,7989,4008,3981,206,29,2012,0
9,432652533,90,8152,4097,4055,189,26,2068,0
9,432652533,91,8350,4200,4150,229,31,2077,0
9,432652533,92,8538,4288,4250,238,50,2095,0
9,432652533,93,8722,4381,4341,239,55,2108,0
9,432652533,94,8866,4464,4402,200,56,2106,2
9,432652533,95,9047,4550,4497,215,34,2177,0
9,432652533,96,9193,4623,4570,183,37,2290,0
9,432652533,97,9380,4728,4652,229,42,2378,0
9,432652533,98,9562,4813,4749,218,36,2416,0
9,432652533,99,9760,4913,4847,233,35,2453,0
10,202244314,0,1006,502,504,22,16,219,0
10,202244314,1,1096,547,549,109,19,245,0
10,202244314,2,1164,582,582,80,12,251,0
10,202244314,3,1210,597,613,66,20,250,1
10,202244314,4,1267,630,637,68,11,251,0
10,202244314,5,1297,645,652,45,15,245,6
10,202244314,6,1307,651,656,27,17,249,0
10,202244314,7,1330,658,672,37,14,246,3
10,202244314,8,1365,673,692,48,13,227,19
10,202244314,9,1373,674,699,26,18,234,0
10,202244314,10,1376,675,701,22,19,232,2
10,202244314,11,1380,678,702,22,18,242,0
10,202244314,12,1395,687,708,25,10,220,22
10,202244314,13,1404,694,710,21,12,250,0
10,202244314,14,1428,706,722,36,12,273,0
10,202244314,15,1461,716,745,50,17,314,0
10,202244314,16,1497,732,765,53,17,340,0
10,202244314,17,1553,764,789,70,14,357,0
10,202244314,18,1601,787,814,67,19,348,9
10,202244314,19,1651,806,845,72,22,356,0
10,202244314,20,1717,833,884,85,19,377,0
10,202244314,21,1769,858,911,59,7,386,0
10,202244314,22,1816,882,934,57,10,389,0
10,202244314,23,1868,911,957,67,15,403,0
10,202244314,24,1942,942,1000,98,24,399,4
10,202244314,25,1984,963,1021,61,19,420,0
10,202244314,26,2006,972,1034,44,22,419,1
10,202244314,27,2041,990,1051,44,9,427,0
10,202244314,28,2061,1006,1055,44,24,442,0
10,202244314,29,2082,1018,1064,54,33,449,0
10,202244314,30,2130,1049,1081,63,15,482,0
10,202244314,31,2162,1058,1104,48,16,503,0
10,202244314,32,2210,1080,1130,64,16,542,0
10,202244314,33,2245,1096,1149,55,20,552,0
10,202244314,34,2290,1115,1175,58,13,574,0
10,202244314,35,2351,1151,1200,72,11,597,0
10,202244314,36,2426,1189,1237,92,17,593,4
10,202244314,37,2481,1220,1261,74,19,614,0
10,202244314,38,2577,1276,1301,110,14,639,0
10,202244314,39,2655,1317,1338,91,13,642,0
10,202244314,40,2705,1328,1377,67,17,648,0
10,202244314,41,2775,1360,1415,85,15,669,0
10,202244314,42,2867,1404,1463,102,10,682,0
10,202244314,43,2928,1422,1506,76,15,738,0
10,202244314,44,2968,1442,1526,56,16,727,11
10,202244314,45,3057,1491,1566,98,9,752,0
10,202244314,46,3124,1522,1602,86,19,730,22
10,202244314,47,3185,1555,1630,73,12,769,0
10,202244314,48,3261,1594,1667,93,17,804,0
10,202244314,49,3329,1625,1704,80,12,854,0
10,202244314,50,3396,1659,1737,80,13,890,0
10,202244314,51,3479,1700,1779,101,18,883,7
10,202244314,52,3531,1729,1802,66,14,926,0
10,202244314,53,3610,1765,1845,91,12,975,0
10,202244314,54,3673,1795,1878,81,18,998,0
10,202244314,55,3764,1836,1928,107,16,996,2
10,202244314,56,3873,1894,1979,130,21,1012,0
10,202244314,57,3973,1937,2036,117,17,1003,9
10,202244314,58,4086,1998,2088,135,22,1035,0
10,202244314,59,4224,2066,2158,148,10,1045,0
10,202244314,60,4321,2111,2210,119,22,1075,0
10,202244314,61,4424,2164,2260,113,10,1111,0
10,202244314,62,4519,2219,2300,116,21,1109,2
10,202244314,63,4633,2285,2348,126,12,1157,0
10,202244314,64,4747,2339,2408,132,18,1155,2
10,202244314,65,4837,2393,2444,113,23,1197,0
10,202244314,66,4937,2430,2507,111,11,1187,10
10,202244314,67,4921,2424,2497,126,142,1170,17
10,202244314,68,5005,2466,2539,100,16,1228,0
10,202244314,69,5098,2505,2593,116,23,1257,0
10,202244314,70,5185,2548,2637,113,26,1288,0
10,202244314,71,5302,2608,2694,132,15,1328,0
10,202244314,72,5395,2655,2740,115,22,1397,0
10,202244314,73,5549,2736,2813,171,17,1407,0
10,202244314,74,5659,2798,2861,131,21,1463,0
10,202244314,75,5807,2875,2932,179,31,1512,0
10,202244314,76,5964,2948,3016,176,19,1524,0
10,202244314,77,6101,3016,3085,161,24,1536,0
10,202244314,78,6235,3084,3151,155,21,1565,0
10,202244314,79,6340,3139,3201,140,35,1611,0
10,202244314,80,6440,3185,3255,138,38,1607,4
10,202244314,81,6545,3231,3314,145,40,1633,0
10,202244314,82,6675,3302,3373,161,31,1646,0
10,202244314,83,6809,3368,3441,166,32,1688,0
10,202244314,84,6912,3425,3487,148,45,1687,1
10,202244314,85,7054,3506,3548,159,17,1736,0
10,202244314,86,7200,3575,3625,169,23,1785,0
10,202244314,87,7344,3651,3693,164,20,1822,0
10,202244314,88,7480,3736,3744,167,31,1870,0
10,202244314,89,7621,3809,3812,188,47,1947,0
10,202244314,90,7769,3884,3885,181,33,1997,0
10,202244314,91,7899,3949,3950,173,43,2039,0
10,202244314,92,8073,4032,4041,209,35,2049,0
10,202244314,93,8249,4113,4136,225,49,2071,0
10,202244314,94,8413,4193,4220,211,47,2099,0
10,202244314,95,8577,4285,4292,219,55,2151,0
10,202244314,96,8721,4353,4368,190,46,2229,0
10,202244314,97,8634,4311,4323,205,292,2121,108
10,202244314,98,8771,4386,4385,196,59,2197,0
10,202244314,99,8929,4464,4465,207,49,2218,0
11,1130604997,0,1009,506,503,26,17,240,0
11,1130604997,1,1122,575,547,129,16,278,0
11,1130604997,2,1215,628,587,114,21,269,9
11,1130604997,3,1295,678,617,98,18,257,12
11,1130604997,4,1329,691,638,51,17,265,0
11,1130604997,5,1386,718,668,67,10,271,0
11,1130604997,6,1416,732,684,48,18,257,14
11,1130604997,7,1426,740,686,26,16,246,11
11,1130604997,8,1443,753,690,37,20,256,0
11,1130604997,9,1448,762,686,25,20,234,22
11,1130604997,10,1449,760,689,19,18,224,10
11,1130604997,11,1446,758,688,15,18,234,0
11,1130604997,12,1461,766,695,28,13,231,3
11,1130604997,13,1465,769,696,21,17,268,0
11,1130604997,14,1409,744,665,39,95,279,0
11,1130604997,15,1430,747,683,38,17,323,0
11,1130604997,16,1465,774,691,48,13,339,0
11,1130604997,17,1510,800,710,59,14,350,0
11,1130604997,18,1587,836,751,91,14,375,0
11,1130604997,19,1637,857,780,62,12,370,5
11,1130604997,20,1719,893,826,98,16,384,0
11,1130604997,21,1758,922,836,57,18,388,0
11,1130604997,22,1787,935,852,53,24,398,0
11,1130604997,23,1833,961,872,59,13,401,0
11,1130604997,24,1879,980,899,59,13,400,1
11,1130604997,25,1923,992,931,59,15,408,0
11,1130604997,26,1968,1016,952,60,15,410,0
11,1130604997,27,1991,1021,970,35,12,429,0
11,1130604997,28,2019,1039,980,40,12,437,0
11,1130604997,29,2048,1058,990,44,15,423,14
11,1130604997,30,2087,1076,1011,56,17,464,0
11,1130604997,31,2120,1087,1033,46,13,484,0
11,1130604997,32,2146,1094,1052,41,15,512,0
11,1130604997,33,2202,1122,1080,69,13,526,0
11,1130604997,34,2243,1144,1099,63,22,531,0
11,1130604997,35,2186,1117,1069,41,98,545,0
11,1130604997,36,2252,1142,1110,78,12,585,0
11,1130604997,37,2336,1175,1161,96,12,604,0
11,1130604997,38,2412,1208,1204,86,10,613,0
11,1130604997,39,2491,1252,1239,84,5,629,0
11,1130604997,40,2559,1288,1271,76,8,649,0
11,1130604997,41,2616,1313,1303,68,11,653,0
11,1130604997,42,2672,1340,1332,70,14,666,0
11,1130604997,43,2740,1362,1378,82,14,677,0
11,1130604997,44,2807,1398,1409,77,10,712,0
11,1130604997,45,2767,1384,1383,72,112,655,57
11,1130604997,46,2821,1418,1403,67,13,663,0
11,1130604997,47,2917,1462,1455,105,9,691,0
11,1130604997,48,2992,1506,1486,82,7,738,0
11,1130604997,49,3061,1538,1523,87,18,765,0
11,1130604997,50,3122,1569,1553,67,6,778,0
11,1130604997,51,3184,1593,1591,91,29,805,0
11,1130604997,52,3231,1614,1617,65,18,837,0
11,1130604997,53,3299,1643,1656,83,15,840,0
11,1130604997,54,3375,1684,1691,90,14,857,0
11,1130604997,55,3450,1722,1728,87,12,909,0
11,1130604997,56,3540,1769,1771,100,10,945,0
11,1130604997,57,3627,1811,1816,108,21,920,25
11,1130604997,58,3710,1852,1858,93,10,936,0
11,1130604997,59,3810,1896,1914,111,11,957,0
11,1130604997,60,3880,1935,1945,94,24,1008,0
11,1130604997,61,3966,1977,1989,98,12,1022,0
11,1130604997,62,4036,2004,2032,83,13,1024,0
11,1130604997,63,4148,2055,2093,123,11,1031,0
11,1130604997,64,4247,2111,2136,117,18,1077,0
11,1130604997,65,4342,2148,2194,110,15,1095,0
11,1130604997,66,4397,2172,2225,78,23,1101,0
11,1130604997,67,4507,2226,2281,129,19,1132,0
11,1130604997,68,4593,2271,2322,98,12,1140,0
11,1130604997,69,4685,2320,2365,105,13,1178,0
11,1130604997,70,4784,2376,2408,113,14,1191,0
11,1130604997,71,4886,2422,2464,118,16,1237,0
11,1130604997,72,4983,2477,2506,113,16,1230,7
11,1130604997,73,5092,2530,2562,129,20,1264,0
11,1130604997,74,5202,2581,2621,128,18,1295,0
11,1130604997,75,5313,2631,2682,128,17,1328,0
11,1130604997,76,5411,2677,2734,111,13,1365,0
11,1130604997,77,5535,2740,2795,145,21,1413,0
11,1130604997,78,5652,2806,2846,153,36,1423,0
11,1130604997,79,5780,2866,2914,168,40,1440,0
11,1130604997,80,5923,2950,2973,170,27,1483,0
11,1130604997,81,6037,3002,3035,156,42,1485,0
11,1130604997,82,6142,3054,3088,138,33,1537,0
11,1130604997,83,6230,3092,3138,128,40,1556,0
11,1130604997,84,6350,3159,3191,159,39,1559,0
11,1130604997,85,6433,3203,3230,135,52,1574,0
11,1130604997,86,6549,3266,3283,150,34,1635,0
11,1130604997,87,6672,3333,3339,155,32,1673,0
11,1130604997,88,6802,3392,3410,168,38,1689,0
11,1130604997,89,6905,3457,3448,141,38,1687,2
11,1130604997,90,7035,3519,3516,168,38,1769,0
11,1130604997,91,7184,3600,3584,188,39,1797,0
11,1130604997,92,7014,3524,3490,190,360,1749,48
11,1130604997,93,7114,3565,3549,139,39,1810,0
11,1130604997,94,7258,3637,3621,175,31,1840,0
11,1130604997,95,7455,3740,3715,233,36,1889,0
11,1130604997,96,7585,3787,3798,173,43,1920,0
11,1130604997,97,7720,3869,3851,163,28,1973,0
11,1130604997,98,7867,3937,3930,180,33,2022,0
11,1130604997,99,8046,4027,4019,207,28,2048,0
12,2095133045,0,1000,498,502,16,16,223,0
12,2095133045,1,1102,541,561,115,13,275,0
12,2095133045,2,1150,565,585,73,25,287,0
12,2095133045,3,1228,605,623,91,13,274,13
12,2095133045,4,1255,620,635,51,24,259,15
12,2095133045,5,1306,648,658,69,18,247,12
12,2095133045,6,1336,662,674,47,17,231,16
12,2095133045,7,1362,674,688,40,14,225,6
12,2095133045,8,1386,680,706,49,25,217,8
12,2095133045,9,1405,693,712,28,9,232,0
12,2095133045,10,1426,710,716,37,16,219,13
12,2095133045,11,1443,722,721,31,14,240,0
12,2095133045,12,1435,721,714,12,20,223,17
12,2095133045,13,1446,728,718,27,16,247,0
12,2095133045,14,1462,737,725,32,16,271,0
12,2095133045,15,1473,747,726,23,12,309,0
12,2095133045,16,1492,755,737,38,19,324,0
12,2095133045,17,1537,773,764,61,16,360,0
12,2095133045,18,1597,803,794,73,13,372,0
12,2095133045,19,1662,838,824,79,14,386,0
12,2095133045,20,1729,866,863,83,16,388,0
12,2095133045,21,1775,894,881,64,18,382,6
12,2095133045,22,1860,936,924,103,18,402,0
12,2095133045,23,1927,974,953,80,13,434,0
12,2095133045,24,1985,1000,985,80,22,431,3
12,2095133045,25,2045,1027,1018,70,10,447,0
12,2095133045,26,2044,1027,1017,71,72,420,27
12,2095133045,27,2086,1047,1039,56,14,438,0
12,2095133045,28,2126,1061,1065,53,13,444,0
12,2095133045,29,2147,1070,1077,35,14,449,0
12,2095133045,30,2185,1081,1104,52,14,462,0
12,2095133045,31,2210,1089,1121,36,11,490,0
12,2095133045,32,2238,1100,1138,47,19,522,0
12,2095133045,33,2265,1124,1141,49,22,543,0
12,2095133045,34,2300,1144,1156,41,6,593,0
12,2095133045,35,2370,1183,1187,85,15,605,0
12,2095133045,36,2434,1211,1223,73,9,640,0
12,2095133045,37,2523,1249,1274,100,11,647,0
12,2095133045,38,2596,1279,1317,83,10,670,0
12,2095133045,39,2682,1327,1355,103,17,682,0
12,2095133045,40,2764,1371,1393,91,9,713,0
12,2095133045,41,2860,1413,1447,111,15,725,0
12,2095133045,42,2926,1448,1478,86,20,742,0
12,2095133045,43,3004,1484,1520,91,13,746,0
12,2095133045,44,3077,1521,1556,88,15,762,0
12,2095133045,45,3158,1556,1602,100,19,770,0
12,2095133045,46,3192,1567,1625,61,27,789,0
12,2095133045,47,3246,1595,1651,72,18,789,0
12,2095133045,48,3290,1617,1673,70,26,808,0
12,2095133045,49,3362,1654,1708,86,14,819,0
12,2095133045,50,3418,1689,1729,74,18,843,0
12,2095133045,51,3459,1704,1755,61,20,877,0
12,2095133045,52,3551,1754,1797,106,14,909,0
12,2095133045,53,3651,1798,1853,112,12,938,0
12,2095133045,54,3737,1837,1900,98,12,993,0
12,2095133045,55,3864,1892,1972,137,10,1017,0
12,2095133045,56,3968,1950,2018,120,16,1022,0
12,2095133045,57,4040,1984,2056,85,13,1051,0
12,2095133045,58,4132,2026,2106,110,18,1074,0
12,2095133045,59,4247,2080,2167,129,14,1110,0
12,2095133045,60,4355,2128,2227,126,18,1105,5
12,2095133045,61,4449,2180,2269,103,9,1143,0
12,2095133045,62,4559,2225,2334,120,10,1142,1
12,2095133045,63,4655,2274,2381,112,16,1179,0
12,2095133045,64,4759,2328,2431,124,20,1178,1
12,2095133045,65,4896,2393,2503,149,12,1203,0
12,2095133045,66,5001,2442,2559,132,27,1253,0
12,2095133045,67,5087,2496,2591,104,18,1256,0
12,2095133045,68,5179,2544,2635,116,24,1299,0
12,2095133045,69,5293,2605,2688,127,13,1322,0
12,2095133045,70,5399,2654,2745,127,21,1351,0
12,2095133045,71,5515,2716,2799,137,21,1373,0
12,2095133045,72,5671,2793,2878,179,23,1392,0
12,2095133045,73,5799,2851,2948,147,19,1447,0
12,2095133045,74,5941,2919,3022,162,20,1495,0
12,2095133045,75,6060,2977,3083,147,28,1515,0
12,2095133045,76,6193,3046,3147,140,7,1551,0
12,2095133045,77,6327,3112,3215,148,14,1588,0
12,2095133045,78,6476,3188,3288,173,24,1611,0
12,2095133045,79,6605,3255,3350,172,43,1622,0
12,2095133045,80,6752,3324,3428,179,32,1685,0
12,2095133045,81,6867,3383,3484,171,56,1712,0
12,2095133045,82,6986,3444,3542,175,56,1743,0
12,2095133045,83,7108,3501,3607,175,53,1782,0
12,2095133045,84,7219,3558,3661,158,47,1794,0
12,2095133045,85,7334,3609,3725,162,47,1832,0
12,2095133045,86,7503,3708,3795,214,45,1912,0
12,2095133045,87,7682,3797,3885,206,27,1880,32
12,2095133045,88,7846,3871,3975,205,41,1935,0
12,2095133045,89,8002,3950,4052,190,34,1991,0
12,2095133045,90,8161,4025,4136,205,46,2008,0
12,2095133045,91,8314,4102,4212,216,63,2069,0
12,2095133045,92,8464,4182,4282,203,53,2102,0
12,2095133045,93,8631,4280,4351,206,39,2151,0
12,2095133045,94,8834,4369,4465,245,42,2206,0
12,2095133045,95,9044,4467,4577,248,38,2227,0
12,2095133045,96,8921,4398,4523,216,339,2168,59
12,2095133045,97,9080,4471,4609,224,65,2210,0
12,2095133045,98,9282,4582,4700,243,41,2284,0
12,2095133045,99,9470,4665,4805,231,43,2380,0
13,1580016183,0,1008,504,504,18,10,214,0
13,1580016183,1,1087,547,540,97,18,266,0
13,1580016183,2,1187,599,588,113,13,289,0
13,1580016183,3,1239,627,612,72,20,271,18
13,1580016183,4,1286,649,637,57,10,267,4
13,1580016183,5,1310,669,641,44,20,263,4
13,1580016183,6,1345,683,662,53,18,261,2
13,1580016183,7,1366,700,666,46,25,253,8
13,1580016183,8,1376,703,673,31,21,240,13
13,1580016183,9,1384,706,678,29,21,242,0
13,1580016183,10,1388,715,673,33,29,239,3
13,1580016183,11,1369,706,663,12,31,232,7
13,1580016183,12,1380,710,670,25,14,237,0
13,1580016183,13,1390,718,672,19,9,234,3
13,1580016183,14,1393,720,673,21,18,271,0
13,1580016183,15,1413,729,684,34,14,303,0
13,1580016183,16,1353,690,663,39,99,284,19
13,1580016183,17,1384,710,674,45,14,315,0
13,1580016183,18,1432,737,695,57,9,332,0
13,1580016183,19,1513,777,736,85,4,358,0
13,1580016183,20,1594,810,784,87,6,356,2
13,1580016183,21,1660,841,819,74,8,385,0
13,1580016183,22,1705,859,846,64,19,366,19
13,1580016183,23,1768,890,878,71,8,390,0
13,1580016183,24,1833,922,911,82,17,377,13
13,1580016183,25,1867,945,922,47,13,381,0
13,1580016183,26,1902,971,931,45,10,391,0
13,1580016183,27,1928,989,939,36,10,413,0
13,1580016183,28,1960,998,962,43,11,393,20
13,1580016183,29,1981,1006,975,40,19,395,0
13,1580016183,30,2015,1025,990,47,13,422,0
13,1580016183,31,2036,1031,1005,34,13,448,0
13,1580016183,32,2067,1043,1024,43,12,485,0
13,1580016183,33,2095,1059,1036,45,17,505,0
13,1580016183,34,2126,1077,1049,44,13,544,0
13,1580016183,35,2192,1116,1076,86,20,552,0
13,1580016183,36,2259,1157,1102,79,12,600,0
13,1580016183,37,2328,1200,1128,86,17,591,9
13,1580016183,38,2403,1236,1167,93,18,603,0
13,1580016183,39,2466,1274,1192,76,13,617,0
13,1580016183,40,2544,1318,1226,88,10,618,0
13,1580016183,41,2529,1327,1202,79,94,593,25
13,1580016183,42,2604,1363,1241,86,11,632,0
13,1580016183,43,2648,1382,1266,70,26,649,0
13,1580016183,44,2709,1400,1309,77,16,659,0
13,1580016183,45,2775,1439,1336,85,19,661,0
13,1580016183,46,2836,1465,1371,69,8,682,0
13,1580016183,47,2888,1490,1398,64,12,688,0
13,1580016183,48,2944,1517,1427,65,9,706,0
13,1580016183,49,2998,1549,1449,66,12,716,0
13,1580016183,50,3030,1571,1459,57,25,722,0
13,1580016183,51,3087,1598,1489,70,13,746,0
13,1580016183,52,3148,1638,1510,75,14,783,0
13,1580016183,53,3222,1671,1551,81,7,826,0
13,1580016183,54,3193,1666,1527,92,121,808,18
13,1580016183,55,3267,1700,1567,85,11,847,0
13,1580016183,56,3358,1746,1612,102,11,847,0
13,1580016183,57,3412,1775,1637,72,18,889,0
13,1580016183,58,3480,1812,1668,92,24,888,1
13,1580016183,59,3547,1847,1700,85,18,924,0
13,1580016183,60,3640,1895,1745,104,11,943,0
13,1580016183,61,3753,1944,1809,120,7,945,0
13,1580016183,62,3844,1985,1859,105,14,965,0
13,1580016183,63,3936,2042,1894,108,16,956,9
13,1580016183,64,4048,2100,1948,123,11,998,0
13,1580016183,65,4110,2129,1981,78,16,1009,0
13,1580016183,66,4198,2173,2025,98,10,1003,6
13,1580016183,67,4268,2221,2047,94,24,1036,0
13,1580016183,68,4360,2265,2095,109,17,1057,0
13,1580016183,69,4445,2306,2139,105,20,1074,0
13,1580016183,70,4525,2345,2180,94,14,1096,0
13,1580016183,71,4585,2378,2207,80,20,1117,0
13,1580016183,72,4666,2427,2239,106,25,1142,0
13,1580016183,73,4772,2486,2286,116,10,1159,0
13,1580016183,74,4869,2534,2335,102,5,1172,0
13,1580016183,75,4981,2580,2401,121,9,1224,0
13,1580016183,76,5074,2623,2451,99,6,1263,0
13,1580016183,77,5170,2675,2495,104,8,1299,0
13,1580016183,78,5283,2727,2556,133,20,1312,0
13,1580016183,79,5362,2765,2597,116,37,1324,0
13,1580016183,80,5479,2828,2651,151,34,1371,0
13,1580016183,81,5587,2871,2716,149,41,1389,0
13,1580016183,82,5679,2917,2762,125,33,1386,3
13,1580016183,83,5753,2946,2807,132,58,1399,0
13,1580016183,84,5851,3010,2841,152,54,1418,0
13,1580016183,85,5952,3071,2881,139,38,1491,0
13,1580016183,86,6026,3103,2923,131,57,1481,10
13,1580016183,87,6088,3141,2947,110,48,1507,0
13,1580016183,88,6191,3190,3001,143,40,1522,0
13,1580016183,89,6325,3256,3069,164,30,1556,0
13,1580016183,90,6425,3294,3131,130,30,1579,0
13,1580016183,91,6554,3350,3204,159,30,1631,0
13,1580016183,92,6669,3410,3259,152,37,1643,0
13,1580016183,93,6821,3492,3329,185,33,1670,0
13,1580016183,94,6961,3567,3394,178,38,1701,0
13,1580016183,95,7062,3630,3432,138,37,1766,0
13,1580016183,96,7167,3681,3486,149,44,1785,0
13,1580016183,97,7269,3727,3542,147,45,1776,9
13,1580016183,98,7419,3793,3626,199,49,1796,0
13,1580016183,99,7563,3866,3697,194,50,1850,0
14,1634535062,0,1002,501,501,25,23,211,0
14,1634535062,1,1058,524,534,73,17,256,0
14,1634535062,2,1130,560,570,97,25,265,0
14,1634535062,3,1202,595,607,87,15,265,0
14,1634535062,4,1258,620,638,71,15,256,9
14,1634535062,5,1292,633,659,50,16,251,5
14,1634535062,6,1315,653,662,43,20,241,10
14,1634535062,7,1334,655,679,42,23,233,8
14,1634535062,8,1341,658,683,28,21,234,0
14,1634535062,9,1342,653,689,25,24,227,7
14,1634535062,10,1337,651,686,24,29,227,0
14,1634535062,11,1354,661,693,37,20,227,0
14,1634535062,12,1365,667,698,28,17,220,7
14,1634535062,13,1370,669,701,22,17,237,0
14,1634535062,14,1382,675,707,30,18,263,0
14,1634535062,15,1404,684,720,38,16,286,0
14,1634535062,16,1414,691,723,36,26,315,0
14,1634535062,17,1453,708,745,46,7,328,0
14,1634535062,18,1507,741,766,66,12,338,0
14,1634535062,19,1541,765,776,50,16,356,0
14,1634535062,20,1611,813,798,82,12,368,0
14,1634535062,21,1683,848,835,81,9,374,0
14,1634535062,22,1743,881,862,76,16,394,0
14,1634535062,23,1822,921,901,88,9,415,0
14,1634535062,24,1880,945,935,67,9,415,0
14,1634535062,25,1933,976,957,61,8,427,0
14,1634535062,26,1970,996,974,49,12,433,0
14,1634535062,27,2011,1019,992,50,9,430,3
14,1634535062,28,2040,1031,1009,49,20,424,6
14,1634535062,29,2075,1049,1026,53,18,449,0
14,1634535062,30,2102,1057,1045,45,18,469,0
14,1634535062,31,2149,1080,1069,62,15,492,0
14,1634535062,32,2202,1105,1097,59,6,522,0
14,1634535062,33,2250,1129,1121,61,13,518,4
14,1634535062,34,2310,1160,1150,73,13,552,0
14,1634535062,35,2349,1188,1161,63,24,557,0
14,1634535062,36,2409,1216,1193,67,7,616,0
14,1634535062,37,2466,1244,1222,74,17,617,0
14,1634535062,38,2536,1275,1261,82,12,634,0
14,1634535062,39,2604,1316,1288,85,17,643,0
14,1634535062,40,2675,1348,1327,82,11,665,0
14,1634535062,41,2751,1388,1363,89,13,701,0
14,1634535062,42,2818,1419,1399,84,17,700,1
14,1634535062,43,2865,1432,1433,62,15,719,0
14,1634535062,44,2917,1460,1457,70,18,768,0
14,1634535062,45,2999,1494,1505,99,17,731,37
14,1634535062,46,3048,1512,1536,68,19,767,0
14,1634535062,47,3102,1539,1563,67,13,815,0
14,1634535062,48,3177,1575,1602,85,10,803,12
14,1634535062,49,3237,1607,1630,77,17,822,0
14,1634535062,50,3327,1654,1673,104,14,853,0
14,1634535062,51,3412,1694,1718,96,11,841,12
14,1634535062,52,3492,1744,1748,101,21,832,9
14,1634535062,53,3560,1790,1770,83,15,875,0
14,1634535062,54,3633,1823,1810,88,15,937,0
14,1634535062,55,3714,1875,1839,102,21,962,0
14,1634535062,56,3780,1910,1870,82,16,964,0
14,1634535062,57,3849,1948,1901,92,23,982,0
14,1634535062,58,3935,1983,1952,102,16,1015,0
14,1634535062,59,4015,2029,1986,99,19,1047,0
14,1634535062,60,4090,2068,2022,82,7,1038,9
14,1634535062,61,4192,2117,2075,116,14,1084,0
14,1634535062,62,4280,2163,2117,108,20,1085,0
14,1634535062,63,4368,2202,2166,105,17,1129,0
14,1634535062,64,4458,2245,2213,114,24,1152,0
14,1634535062,65,4572,2287,2285,135,21,1187,0
14,1634535062,66,4674,2344,2330,119,17,1194,0
14,1634535062,67,4774,2396,2378,125,25,1220,0
14,1634535062,68,4878,2449,2429,125,21,1227,0
14,1634535062,69,4982,2504,2478,133,29,1260,0
14,1634535062,70,5068,2542,2526,104,18,1290,0
14,1634535062,71,5189,2605,2584,139,18,1298,0
14,1634535062,72,5291,2646,2645,124,22,1268,30
14,1634535062,73,5379,2687,2692,103,15,1341,0
14,1634535062,74,5503,2755,2748,141,17,1406,0
14,1634535062,75,5626,2795,2831,154,31,1392,14
14,1634535062,76,5728,2839,2889,120,18,1432,0
14,1634535062,77,5816,2872,2944,115,27,1464,0
14,1634535062,78,5924,2928,2996,114,6,1513,0
14,1634535062,79,6042,2980,3062,131,13,1523,0
14,1634535062,80,6145,3028,3117,137,34,1534,0
14,1634535062,81,6273,3094,3179,165,37,1589,0
14,1634535062,82,6389,3153,3236,155,39,1582,7
14,1634535062,83,6537,3229,3308,182,34,1630,0
14,1634535062,84,6613,3281,3332,112,36,1686,0
14,1634535062,85,6752,3352,3400,158,19,1738,0
14,1634535062,86,6869,3405,3464,156,39,1756,0
14,1634535062,87,6990,3481,3509,167,46,1747,9
14,1634535062,88,7104,3534,3570,153,39,1819,0
14,1634535062,89,7264,3611,3653,199,39,1845,0
14,1634535062,90,7417,3688,3729,200,47,1836,9
14,1634535062,91,7589,3770,3819,212,40,1869,0
14,1634535062,92,7738,3853,3885,195,46,1895,0
14,1634535062,93,7892,3920,3972,184,30,1960,0
14,1634535062,94,8066,4014,4052,202,28,2001,0
14,1634535062,95,8180,4063,4117,169,55,2024,0
14,1634535062,96,8389,4161,4228,239,30,2071,0
14,1634535062,97,8545,4240,4305,183,27,2099,0
14,1634535062,98,8756,4342,4414,235,24,2127,0
14,1634535062,99,8887,4405,4482,190,59,2186,0
15,1540770719,0,995,495,500,14,19,223,0
15,1540770719,1,1062,529,533,89,22,253,0
15,1540770719,2,1148,575,573,103,17,261,0
15,1540770719,3,1212,617,595,81,17,272,0
15,1540770719,4,1273,648,625,72,11,271,1
15,1540770719,5,1313,669,644,59,19,254,17
15,1540770719,6,1334,680,654,41,20,244,10
15,1540770719,7,1359,688,671,43,18,235,9
15,1540770719,8,1384,700,684,41,16,228,7
15,1540770719,9,1392,709,683,24,16,233,0
15,1540770719,10,1400,719,681,21,13,236,0
15,1540770719,11,1408,724,684,25,17,235,1
15,1540770719,12,1410,720,690,17,15,251,0
15,1540770719,13,1431,734,697,29,8,246,5
15,1540770719,14,1454,741,713,36,13,280,0
15,1540770719,15,1494,763,731,53,13,310,0
15,1540770719,16,1529,781,748,43,8,343,0
15,1540770719,17,1570,805,765,68,27,342,1
15,1540770719,18,1606,820,786,58,22,359,0
15,1540770719,19,1604,838,766,73,75,353,6
15,1540770719,20,1656,865,791,69,17,375,0
15,1540770719,21,1702,889,813,59,13,378,0
15,1540770719,22,1740,907,833,52,14,390,0
15,1540770719,23,1786,931,855,58,12,396,0
15,1540770719,24,1828,950,878,60,18,401,0
15,1540770719,25,1881,982,899,67,14,401,0
15,1540770719,26,1908,991,917,43,16,409,0
15,1540770719,27,1956,1016,940,65,17,404,5
15,1540770719,28,1998,1034,964,46,4,428,0
15,1540770719,29,2030,1049,981,49,17,435,0
15,1540770719,30,2053,1063,990,36,13,449,0
15,1540770719,31,2081,1070,1011,40,12,465,0
15,1540770719,32,2132,1103,1029,60,9,502,0
15,1540770719,33,2161,1114,1047,46,17,516,0
15,1540770719,34,2198,1143,1055,51,14,528,0
15,1540770719,35,2166,1121,1045,60,92,515,13
15,1540770719,36,2211,1151,1060,69,24,536,0
15,1540770719,37,2265,1181,1084,76,22,559,0
15,1540770719,38,2323,1196,1127,77,19,572,0
15,1540770719,39,2312,1186,1126,71,82,530,42
15,1540770719,40,2380,1220,1160,81,13,562,0
15,1540770719,41,2428,1253,1175,64,16,604,0
15,1540770719,42,2500,1285,1215,82,10,619,0
15,1540770719,43,2562,1308,1254,73,11,625,0
15,1540770719,44,2623,1346,1277,75,14,647,0
15,1540770719,45,2662,1357,1305,65,26,634,13
15,1540770719,46,2710,1373,1337,67,19,643,0
15,1540770719,47,2766,1399,1367,64,8,670,0
15,1540770719,48,2819,1432,1387,58,5,688,0
15,1540770719,49,2859,1456,1403,49,9,713,0
15,1540770719,50,2925,1480,1445,80,14,733,0
15,1540770719,51,2998,1513,1485,84,11,750,0
15,1540770719,52,3052,1542,1510,60,6,752,0
15,1540770719,53,3123,1574,1549,85,14,785,0
15,1540770719,54,3182,1603,1579,75,16,846,0
15,1540770719,55,3268,1648,1620,94,8,859,0
15,1540770719,56,3338,1681,1657,86,16,866,0
15,1540770719,57,3405,1711,1694,79,12,865,1
15,1540770719,58,3487,1759,1728,93,11,907,0
15,1540770719,59,3577,1802,1775,107,17,893,14
15,1540770719,60,3658,1846,1812,92,11,950,0
15,1540770719,61,3732,1882,1850,90,16,941,9
15,1540770719,62,3794,1911,1883,81,19,983,0
15,1540770719,63,3877,1955,1922,95,12,990,0
15,1540770719,64,3974,2007,1967,112,15,998,0
15,1540770719,65,3922,1980,1942,103,155,967,31
15,1540770719,66,3990,2008,1982,83,15,992,0
15,1540770719,67,4067,2047,2020,85,8,1030,0
15,1540770719,68,4169,2085,2084,113,11,1075,0
15,1540770719,69,4269,2141,2128,104,4,1093,0
15,1540770719,70,4364,2187,2177,105,10,1104,0
15,1540770719,71,4452,2237,2215,105,17,1135,0
15,1540770719,72,4560,2293,2267,116,8,1176,0
15,1540770719,73,4670,2347,2323,123,13,1145,31
15,1540770719,74,4757,2389,2368,102,15,1148,0
15,1540770719,75,4843,2428,2415,99,13,1194,0
15,1540770719,76,4960,2494,2466,132,15,1242,0
15,1540770719,77,5083,2557,2526,137,14,1252,0
15,1540770719,78,5183,2612,2571,117,17,1290,0
15,1540770719,79,5296,2666,2630,128,15,1322,0
15,1540770719,80,5370,2714,2656,95,21,1363,0
15,1540770719,81,5463,2771,2692,119,26,1376,0
15,1540770719,82,5592,2835,2757,148,19,1371,5
15,1540770719,83,5542,2810,2732,124,174,1367,4
15,1540770719,84,5659,2865,2794,144,27,1418,0
15,1540770719,85,5772,2910,2862,140,27,1443,0
15,1540770719,86,5911,2989,2922,168,29,1447,0
15,1540770719,87,6021,3043,2978,127,17,1494,0
15,1540770719,88,6123,3088,3035,124,22,1528,0
15,1540770719,89,6244,3159,3085,141,20,1560,0
15,1540770719,90,6376,3229,3147,155,23,1570,0
15,1540770719,91,6521,3299,3222,169,24,1604,0
15,1540770719,92,6645,3364,3281,150,26,1632,0
15,1540770719,93,6752,3423,3329,136,29,1625,7
15,1540770719,94,6873,3483,3390,158,37,1702,0
15,1540770719,95,7021,3541,3480,178,30,1741,0
15,1540770719,96,7133,3589,3544,152,40,1791,0
15,1540770719,97,7278,3647,3631,178,33,1820,0
15,1540770719,98,7450,3741,3709,197,25,1864,0
15,1540770719,99,7582,3817,3765,163,31,1873,0
16,1688060240,0,1007,502,505,16,9,228,0
16,1688060240,1,1096,544,552,109,20,266,0
16,1688060240,2,1167,578,589,88,17,267,0
16,1688060240,3,1254,615,639,94,7,262,5
16,1688060240,4,1313,640,673,77,18,251,11
16,1688060240,5,1354,657,697,64,23,246,5
16,1688060240,6,1380,671,709,45,19,248,0
16,1688060240,7,1405,688,717,42,17,257,0
16,1688060240,8,1441,702,739,46,10,245,12
16,1688060240,9,1458,717,741,32,15,245,0
16,1688060240,10,1465,721,744,21,14,238,7
16,1688060240,11,1466,726,740,33,32,229,9
16,1688060240,12,1464,725,739,12,14,227,2
16,1688060240,13,1466,728,738,19,17,250,0
16,1688060240,14,1473,736,737,24,17,278,0
16,1688060240,15,1495,751,744,35,13,313,0
16,1688060240,16,1535,762,773,56,16,326,0
16,1688060240,17,1574,783,791,60,21,356,0
16,1688060240,18,1634,816,818,82,22,368,0
16,1688060240,19,1688,845,843,74,20,392,0
16,1688060240,20,1757,877,880,81,12,410,0
16,1688060240,21,1815,909,906,73,15,414,0
16,1688060240,22,1903,949,954,98,10,410,4
16,1688060240,23,1989,983,1006,100,14,419,0
16,1688060240,24,2042,1008,1034,65,12,411,8
16,1688060240,25,2093,1035,1058,66,15,420,0
16,1688060240,26,2130,1059,1071,50,13,442,0
16,1688060240,27,2146,1072,1074,35,19,455,0
16,1688060240,28,2181,1087,1094,50,15,489,0
16,1688060240,29,2219,1108,1111,49,11,481,8
16,1688060240,30,2228,1106,1122,38,29,504,0
16,1688060240,31,2268,1122,1146,50,10,520,0
16,1688060240,32,2328,1155,1173,69,9,557,0
16,1688060240,33,2374,1180,1194,64,18,582,0
16,1688060240,34,2409,1190,1219,59,24,595,0
16,1688060240,35,2453,1214,1239,76,32,618,0
16,1688060240,36,2508,1241,1267,83,28,635,0
16,1688060240,37,2575,1279,1296,85,18,668,0
16,1688060240,38,2665,1320,1345,102,12,682,0
16,1688060240,39,2741,1361,1380,93,17,679,3
16,1688060240,40,2840,1422,1418,115,16,708,0
16,1688060240,41,2926,1465,1461,106,20,701,7
16,1688060240,42,2988,1497,1491,71,9,715,0
16,1688060240,43,3059,1534,1525,85,14,732,0
16,1688060240,44,3147,1573,1574,97,9,770,0
16,1688060240,45,3204,1604,1600,66,9,782,0
16,1688060240,46,3269,1636,1633,80,15,822,0
16,1688060240,47,3314,1654,1660,60,15,838,0
16,1688060240,48,3379,1690,1689,80,15,837,1
16,1688060240,49,3444,1722,1722,78,13,857,0
16,1688060240,50,3515,1756,1759,87,16,901,0
16,1688060240,51,3587,1794,1793,85,13,941,0
16,1688060240,52,3703,1857,1846,131,15,972,0
16,1688060240,53,3784,1895,1889,98,17,986,0
16,1688060240,54,3891,1949,1942,118,11,1021,0
16,1688060240,55,3999,2010,1989,120,12,1060,0
16,1688060240,56,4085,2050,2035,100,14,1079,0
16,1688060240,57,4195,2102,2093,123,13,1102,0
16,1688060240,58,4301,2153,2148,133,27,1127,0
16,1688060240,59,4412,2207,2205,128,17,1118,9
16,1688060240,60,4490,2248,2242,94,16,1142,0
16,1688060240,61,4585,2300,2285,116,21,1143,0
16,1688060240,62,4691,2356,2335,125,19,1202,0
16,1688060240,63,4788,2405,2383,117,20,1229,0
16,1688060240,64,4906,2461,2445,131,13,1267,0
16,1688060240,65,4995,2504,2491,103,14,1274,0
16,1688060240,66,5091,2549,2542,117,21,1306,0
16,1688060240,67,5167,2589,2578,101,25,1323,0
16,1688060240,68,5313,2661,2652,163,17,1336,0
16,1688060240,69,5404,2706,2698,116,25,1351,0
16,1688060240,70,5517,2763,2754,128,15,1381,0
16,1688060240,71,5620,2807,2813,122,19,1451,0
16,1688060240,72,5746,2867,2879,145,19,1487,0
16,1688060240,73,5879,2937,2942,154,21,1495,0
16,1688060240,74,6029,3006,3023,158,8,1560,0
16,1688060240,75,6142,3067,3075,136,23,1581,0
16,1688060240,76,6298,3152,3146,175,19,1638,0
16,1688060240,77,6422,3220,3202,154,30,1642,0
16,1688060240,78,6579,3294,3285,187,30,1689,0
16,1688060240,79,6694,3364,3330,160,45,1704,0
16,1688060240,80,6783,3405,3378,132,43,1707,0
16,1688060240,81,6919,3469,3450,150,14,1747,0
16,1688060240,82,7087,3547,3540,191,23,1830,0
16,1688060240,83,7217,3609,3608,159,29,1806,24
16,1688060240,84,7326,3678,3648,159,50,1825,0
16,1688060240,85,7456,3734,3722,170,40,1879,0
16,1688060240,86,7576,3791,3785,179,59,1875,4
16,1688060240,87,7750,3884,3866,217,43,1904,0
16,1688060240,88,7866,3942,3924,173,57,1948,0
16,1688060240,89,8023,4019,4004,195,38,2002,0
16,1688060240,90,8174,4103,4071,209,58,2035,0
16,1688060240,91,8298,4165,4133,171,47,2071,0
16,1688060240,92,8473,4259,4214,222,47,2116,0
16,1688060240,93,8653,4351,4302,217,37,2176,0
16,1688060240,94,8590,4334,4256,225,288,2093,83
16,1688060240,95,8707,4393,4314,163,46,2185,0
16,1688060240,96,8876,4476,4400,223,54,2278,0
16,1688060240,97,9062,4565,4497,242,56,2283,0
16,1688060240,98,9207,4629,4578,201,56,2292,0
16,1688060240,99,9356,4701,4655,211,62,2369,0
17,1102145672,0,1000,499,501,19,19,225,0
17,1102145672,1,1093,540,553,108,15,256,0
17,1102145672,2,1195,590,605,119,17,258,0
17,1102145672,3,1253,615,638,78,20,265,0
17,1102145672,4,1326,649,677,90,17,263,2
17,1102145672,5,1341,657,684,35,20,250,13
17,1102145672,6,1388,679,709,60,13,247,3
17,1102145672,7,1404,690,714,29,13,240,7
17,1102145672,8,1425,700,725,36,15,243,0
17,1102145672,9,1451,715,736,34,8,247,0
17,1102145672,10,1468,722,746,30,13,240,7
17,1102145672,11,1479,726,753,21,10,239,1
17,1102145672,12,1490,733,757,21,10,237,2
17,1102145672,13,1498,738,760,23,15,262,0
17,1102145672,14,1502,737,765,26,22,296,0
17,1102145672,15,1507,741,766,17,12,326,0
17,1102145672,16,1536,758,778,41,12,370,0
17,1102145672,17,1589,791,798,76,23,379,0
17,1102145672,18,1653,813,840,90,26,404,0
17,1102145672,19,1711,843,868,79,21,402,2
17,1102145672,20,1803,883,920,112,20,419,0
17,1102145672,21,1875,927,948,96,24,428,0
17,1102145672,22,1933,953,980,79,21,430,0
17,1102145672,23,2002,984,1018,75,6,421,9
17,1102145672,24,2057,1008,1049,63,8,433,0
17,1102145672,25,2097,1025,1072,54,14,436,0
17,1102145672,26,2133,1043,1090,57,21,425,11
17,1102145672,27,2180,1061,1119,62,15,457,0
17,1102145672,28,2221,1079,1142,61,20,464,0
17,1102145672,29,2247,1100,1147,45,19,470,0
17,1102145672,30,2269,1107,1162,36,14,502,0
17,1102145672,31,2293,1119,1174,45,21,535,0
17,1102145672,32,2318,1127,1191,55,30,571,0
17,1102145672,33,2381,1165,1216,74,11,607,0
17,1102145672,34,2438,1194,1244,66,9,622,0
17,1102145672,35,2491,1222,1269,70,17,672,0
17,1102145672,36,2565,1264,1301,82,8,686,0
17,1102145672,37,2654,1311,1343,105,16,671,15
17,1102145672,38,2718,1352,1366,85,21,673,0
17,1102145672,39,2771,1379,1392,70,17,679,0
17,1102145672,40,2880,1418,1462,128,19,709,0
17,1102145672,41,2963,1464,1499,95,12,724,0
17,1102145672,42,3037,1498,1539,85,11,757,0
17,1102145672,43,3133,1543,1590,104,8,785,0
17,1102145672,44,3219,1592,1627,100,14,783,2
17,1102145672,45,3315,1643,1672,104,8,788,0
17,1102145672,46,3381,1677,1704,84,18,814,0
17,1102145672,47,3444,1707,1737,84,21,822,0
17,1102145672,48,3516,1745,1771,98,26,828,0
17,1102145672,49,3569,1765,1804,71,18,865,0
17,1102145672,50,3651,1797,1854,95,13,933,0
17,1102145672,51,3756,1842,1914,116,11,950,0
17,1102145672,52,3850,1888,1962,101,7,955,0
17,1102145672,53,3947,1942,2005,112,15,1019,0
17,1102145672,54,4024,1974,2050,98,21,1028,0
17,1102145672,55,4090,2005,2085,85,19,1050,0
17,1102145672,56,4195,2062,2133,123,18,1068,0
17,1102145672,57,4299,2114,2185,116,12,1121,0
17,1102145672,58,4381,2154,2227,97,15,1112,9
17,1102145672,59,4496,2213,2283,125,10,1170,0
17,1102145672,60,4625,2266,2359,135,6,1188,0
17,1102145672,61,4723,2312,2411,110,12,1248,0
17,1102145672,62,4848,2385,2463,134,9,1210,38
17,1102145672,63,4956,2442,2514,128,20,1227,0
17,1102145672,64,5060,2490,2570,127,23,1261,0
17,1102145672,65,5165,2538,2627,128,23,1309,0
17,1102145672,66,5307,2591,2716,164,22,1322,0
17,1102145672,67,5425,2645,2780,136,18,1355,0
17,1102145672,68,5530,2692,2838,126,21,1384,0
17,1102145672,69,5648,2746,2902,139,21,1421,0
17,1102145672,70,5792,2817,2975,158,14,1454,0
17,1102145672,71,5905,2872,3033,142,29,1501,0
17,1102145672,72,6024,2935,3089,145,26,1512,0
17,1102145672,73,6154,3008,3146,151,21,1531,0
17,1102145672,74,6277,3068,3209,140,17,1576,0
17,1102145672,75,6375,3122,3253,133,35,1564,12
17,1102145672,76,6525,3192,3333,169,19,1611,0
17,1102145672,77,6696,3276,3420,186,15,1640,0
17,1102145672,78,6835,3345,3490,153,14,1684,0
17,1102145672,79,6698,3276,3422,173,310,1604,80
17,1102145672,80,6820,3347,3473,161,39,1680,0
17,1102145672,81,6942,3396,3546,172,50,1721,0
17,1102145672,82,7064,3452,3612,160,38,1772,0
17,1102145672,83,7200,3526,3674,179,43,1793,0
17,1102145672,84,7368,3603,3765,199,31,1885,0
17,1102145672,85,7497,3682,3815,176,47,1920,0
17,1102145672,86,7666,3751,3915,210,41,1895,25
17,1102145672,87,7810,3810,4000,187,43,1918,0
17,1102145672,88,8000,3904,4096,218,28,1978,0
17,1102145672,89,8166,3977,4189,202,36,2031,0
17,1102145672,90,8337,4050,4287,218,47,2034,0
17,1102145672,91,8496,4133,4363,198,39,2104,0
17,1102145672,92,8649,4212,4437,193,40,2117,0
17,1102145672,93,8822,4289,4533,211,38,2121,0
17,1102145672,94,8998,4389,4609,213,37,2177,0
17,1102145672,95,9112,4450,4662,165,51,2184,0
17,1102145672,96,9260,4529,4731,173,25,2334,0
17,1102145672,97,9475,4618,4857,239,24,2420,0
17,1102145672,98,9684,4729,4955,237,28,2444,0
17,1102145672,99,9894,4842,5052,245,35,2466,0
18,275121930,0,995,496,499,12,17,223,0
18,275121930,1,1071,532,539,102,26,272,0
18,275121930,2,1138,570,568,81,14,279,0
18,275121930,3,1214,608,606,85,9,288,0
18,275121930,4,1270,634,636,75,19,291,0
18,275121930,5,1313,655,658,54,11,266,25
18,275121930,6,1324,655,669,33,22,255,11
18,275121930,7,1356,673,683,48,16,235,20
18,275121930,8,1375,684,691,33,14,251,0
18,275121930,9,1397,694,703,39,17,231,20
18,275121930,10,1411,705,706,31,17,211,20
18,275121930,11,1419,711,708,27,19,216,0
18,275121930,12,1422,717,705,17,14,205,11
18,275121930,13,1431,722,709,23,14,224,0
18,275121930,14,1431,724,707,15,15,287,0
18,275121930,15,1464,738,726,44,11,285,2
18,275121930,16,1505,752,753,56,15,332,0
18,275121930,17,1549,776,773,61,17,328,4
18,275121930,18,1600,799,801,66,15,372,0
18,275121930,19,1678,845,833,95,17,379,0
18,275121930,20,1744,879,865,86,20,395,0
18,275121930,21,1784,899,885,58,18,395,0
18,275121930,22,1863,952,911,89,10,404,0
18,275121930,23,1912,978,934,67,18,416,0
18,275121930,24,1961,1008,953,64,15,393,23
18,275121930,25,1992,1022,970,50,19,410,0
18,275121930,26,2019,1035,984,40,13,433,0
18,275121930,27,2059,1058,1001,57,17,435,0
18,275121930,28,2089,1077,1012,39,9,450,0
18,275121930,29,2137,1102,1035,66,18,455,0
18,275121930,30,2155,1107,1048,36,18,478,0
18,275121930,31,2180,1120,1060,51,26,506,0
18,275121930,32,2226,1147,1079,65,19,531,0
18,275121930,33,2273,1169,1104,70,23,553,0
18,275121930,34,2334,1196,1138,78,17,583,0
18,275121930,35,2420,1253,1167,97,11,605,0
18,275121930,36,2494,1284,1210,85,11,609,0
18,275121930,37,2573,1323,1250,90,11,622,0
18,275121930,38,2645,1362,1283,90,18,636,0
18,275121930,39,2718,1398,1320,90,17,659,0
18,275121930,40,2787,1438,1349,78,9,649,10
18,275121930,41,2852,1471,1381,77,12,682,0
18,275121930,42,2902,1501,1401,68,18,691,0
18,275121930,43,2950,1525,1425,63,15,710,0
18,275121930,44,3013,1553,1460,71,8,704,6
18,275121930,45,3075,1581,1494,73,11,724,0
18,275121930,46,3131,1609,1522,69,13,756,0
18,275121930,47,3203,1648,1555,91,19,792,0
18,275121930,48,3266,1672,1594,77,14,821,0
18,275121930,49,3327,1703,1624,75,14,836,0
18,275121930,50,3410,1740,1670,95,12,874,0
18,275121930,51,3493,1778,1715,96,13,875,0
18,275121930,52,3579,1834,1745,101,15,916,0
18,275121930,53,3656,1878,1778,86,9,933,0
18,275121930,54,3744,1922,1822,105,17,963,0
18,275121930,55,3848,1973,1875,111,7,987,0
18,275121930,56,3931,2013,1918,94,11,993,0
18,275121930,57,4012,2049,1963,99,18,1029,0
18,275121930,58,4126,2108,2018,117,3,1025,4
18,275121930,59,4232,2153,2079,115,9,1052,0
18,275121930,60,4339,2194,2145,117,10,1084,0
18,275121930,61,4436,2236,2200,106,9,1092,0
18,275121930,62,4517,2277,2240,87,6,1129,0
18,275121930,63,4604,2315,2289,99,12,1166,0
18,275121930,64,4689,2360,2329,90,5,1181,0
18,275121930,65,4788,2413,2375,112,13,1225,0
18,275121930,66,4898,2468,2430,125,15,1281,0
18,275121930,67,4997,2521,2476,118,19,1284,0
18,275121930,68,5136,2600,2536,152,13,1315,0
18,275121930,69,5239,2651,2588,113,10,1349,0
18,275121930,70,5350,2700,2650,124,13,1363,0
18,275121930,71,5463,2757,2706,130,17,1388,0
18,275121930,72,5577,2803,2774,123,9,1435,0
18,275121930,73,5717,2882,2835,159,19,1431,4
18,275121930,74,5578,2704,2874,129,268,1309,122
18,275121930,75,5715,2767,2948,151,14,1361,0
18,275121930,76,5835,2829,3006,141,21,1353,8
18,275121930,77,5960,2903,3057,134,9,1423,0
18,275121930,78,6062,2952,3110,129,27,1438,0
18,275121930,79,6165,3016,3149,120,17,1457,0
18,275121930,80,6331,3109,3222,183,17,1484,0
18,275121930,81,6469,3172,3297,167,29,1551,0
18,275121930,82,6614,3232,3382,156,11,1553,0
18,275121930,83,6767,3303,3464,166,13,1618,0
18,275121930,84,6923,3376,3547,171,15,1652,0
18,275121930,85,7017,3435,3582,137,43,1661,0
18,275121930,86,7135,3496,3639,152,34,1705,0
18,275121930,87,7260,3555,3705,161,36,1750,0
18,275121930,88,7418,3640,3778,192,34,1781,0
18,275121930,89,7566,3733,3833,177,29,1813,0
18,275121930,90,7759,3835,3924,218,25,1845,0
18,275121930,91,7894,3913,3981,161,26,1904,0
18,275121930,92,8046,3987,4059,185,33,1951,0
18,275121930,93,8179,4060,4119,165,32,1991,0
18,275121930,94,8341,4133,4208,202,40,2043,0
18,275121930,95,8480,4195,4285,165,26,2101,0
18,275121930,96,8672,4302,4370,230,38,2128,0
18,275121930,97,8863,4403,4460,226,35,2150,0
18,275121930,98,9081,4514,4567,243,25,2217,0
18,275121930,99,9273,4594,4679,214,22,2249,0
19,1803345590,0,1005,503,502,26,21,228,0
19,1803345590,1,1096,550,546,113,22,263,0
19,1803345590,2,1202,603,599,120,14,255,8
19,1803345590,3,1276,642,634,92,18,230,25
19,1803345590,4,1319,656,663,53,10,238,0
19,1803345590,5,1354,681,673,50,15,244,0
19,1803345590,6,1381,688,693,50,23,244,0
19,1803345590,7,1395,698,697,34,20,237,7
19,1803345590,8,1408,707,701,28,15,241,0
19,1803345590,9,1417,712,705,28,19,232,9
19,1803345590,10,1431,717,714,30,16,232,0
19,1803345590,11,1439,726,713,20,12,233,0
19,1803345590,12,1442,730,712,19,16,232,1
19,1803345590,13,1448,732,716,15,9,262,0
19,1803345590,14,1470,743,727,28,6,304,0
19,1803345590,15,1503,764,739,38,5,337,0
19,1803345590,16,1534,778,756,45,14,379,0
19,1803345590,17,1613,822,791,89,10,384,0
19,1803345590,18,1661,847,814,79,31,397,0
19,1803345590,19,1719,870,849,77,19,403,0
19,1803345590,20,1786,905,881,86,19,405,0
19,1803345590,21,1833,920,913,68,21,406,0
19,1803345590,22,1887,949,938,73,19,421,0
19,1803345590,23,1947,973,974,66,6,433,0
19,1803345590,24,2025,1006,1019,88,10,438,0
19,1803345590,25,2068,1025,1043,61,18,431,7
19,1803345590,26,2099,1038,1061,41,10,441,0
19,1803345590,27,2153,1066,1087,63,9,435,6
19,1803345590,28,2176,1079,1097,40,17,465,0
19,1803345590,29,2204,1088,1116,43,15,481,0
19,1803345590,30,2236,1100,1136,46,14,516,0
19,1803345590,31,2281,1119,1162,61,16,526,0
19,1803345590,32,2305,1129,1176,42,18,567,0
19,1803345590,33,2358,1160,1198,69,16,596,0
19,1803345590,34,2419,1190,1229,75,14,613,0
19,1803345590,35,2483,1222,1261,78,14,636,0
19,1803345590,36,2552,1257,1295,81,12,654,0
19,1803345590,37,2622,1289,1333,91,21,659,0
19,1803345590,38,2682,1319,1363,78,18,676,0
19,1803345590,39,2768,1366,1402,102,16,683,0
19,1803345590,40,2831,1393,1438,82,19,735,0
19,1803345590,41,2936,1447,1489,117,12,722,13
19,1803345590,42,3012,1482,1530,94,18,733,0
19,1803345590,43,3079,1517,1562,80,13,765,0
19,1803345590,44,3125,1534,1591,59,13,768,0
19,1803345590,45,3096,1528,1568,93,122,747,21
19,1803345590,46,3163,1558,1605,73,6,775,0
19,1803345590,47,3238,1585,1653,85,10,780,0
19,1803345590,48,3303,1614,1689,81,16,816,0
19,1803345590,49,3386,1653,1733,99,16,849,0
19,1803345590,50,3459,1691,1768,86,13,859,0
19,1803345590,51,3521,1726,1795,74,12,926,0
19,1803345590,52,3596,1758,1838,89,14,924,2
19,1803345590,53,3683,1803,1880,103,16,980,0
19,1803345590,54,3776,1849,1927,106,13,991,0
19,1803345590,55,3888,1897,1991,139,27,1033,0
19,1803345590,56,3981,1949,2032,104,11,1033,0
19,1803345590,57,4073,1995,2078,113,21,1041,0
19,1803345590,58,4196,2062,2134,131,8,1098,0
19,1803345590,59,4291,2094,2197,106,11,1093,5
19,1803345590,60,4373,2130,2243,91,9,1092,1
19,1803345590,61,4456,2160,2296,101,18,1147,0
19,1803345590,62,4557,2216,2341,123,22,1161,0
19,1803345590,63,4664,2267,2397,122,15,1184,0
19,1803345590,64,4746,2303,2443,103,21,1178,6
19,1803345590,65,4823,2346,2477,95,18,1193,0
19,1803345590,66,4919,2390,2529,114,18,1248,0
19,1803345590,67,4996,2426,2570,94,17,1265,0
19,1803345590,68,5109,2482,2627,127,14,1326,0
19,1803345590,69,5222,2535,2687,136,23,1339,0
19,1803345590,70,5179,2508,2671,132,175,1300,39
19,1803345590,71,5315,2586,2729,155,19,1341,0
19,1803345590,72,5439,2643,2796,146,22,1387,0
19,1803345590,73,5543,2685,2858,121,17,1373,14
19,1803345590,74,5648,2732,2916,125,20,1430,0
19,1803345590,75,5799,2814,2985,165,14,1457,0
19,1803345590,76,5935,2886,3049,160,24,1480,0
19,1803345590,77,6128,2980,3148,213,20,1491,0
19,1803345590,78,6238,3050,3188,140,30,1516,0
19,1803345590,79,6350,3111,3239,142,30,1530,0
19,1803345590,80,6488,3178,3310,174,36,1565,0
19,1803345590,81,6606,3236,3370,151,33,1554,11
19,1803345590,82,6721,3289,3432,153,38,1598,0
19,1803345590,83,6810,3326,3484,137,48,1652,0
19,1803345590,84,6919,3394,3525,164,55,1639,13
19,1803345590,85,7055,3448,3607,172,36,1671,0
19,1803345590,86,7185,3509,3676,181,51,1707,0
19,1803345590,87,7287,3559,3728,156,54,1733,0
19,1803345590,88,7086,3456,3630,186,387,1665,68
19,1803345590,89,7252,3526,3726,199,33,1772,0
19,1803345590,90,7417,3602,3815,204,39,1786,0
19,1803345590,91,7579,3692,3887,201,39,1849,0
19,1803345590,92,7732,3767,3965,192,39,1916,0
19,1803345590,93,7890,3843,4047,194,36,1957,0
19,1803345590,94,8034,3916,4118,193,49,2000,0
19,1803345590,95,8256,4027,4229,264,42,2011,0
19,1803345590,96,8407,4106,4301,196,45,2089,0
19,1803345590,97,8592,4197,4395,208,23,2135,0
19,1803345590,98,8778,4282,4496,222,36,2151,0
19,1803345590,99,8933,4374,4559,204,49,2207,0
20,967196436,0,995,497,498,12,17,215,0
20,967196436,1,1060,531,529,80,15,266,0
20,967196436,2,1131,563,568,91,20,262,4
20,967196436,3,1195,591,604,76,12,249,13
20,967196436,4,1235,616,619,56,16,267,0
20,967196436,5,1272,633,639,59,22,248,19
20,967196436,6,1320,649,671,66,18,239,9
20,967196436,7,1341,661,680,34,13,228,11
20,967196436,8,1360,671,689,41,22,224,4
20,967196436,9,1358,669,689,19,21,215,9
20,967196436,10,1393,691,702,53,18,218,0
20,967196436,11,1398,692,706,21,16,220,0
20,967196436,12,1396,692,704,17,19,227,0
20,967196436,13,1394,694,700,17,19,242,0
20,967196436,14,1411,701,710,32,15,275,0
20,967196436,15,1444,710,734,46,13,308,0
20,967196436,16,1481,723,758,40,3,326,0
20,967196436,17,1542,752,790,69,8,342,0
20,967196436,18,1591,777,814,57,8,352,0
20,967196436,19,1647,810,837,65,9,353,0
20,967196436,20,1696,824,872,58,9,384,0
20,967196436,21,1769,862,907,81,8,386,0
20,967196436,22,1862,911,951,104,11,392,0
20,967196436,23,1907,937,970,57,12,408,0
20,967196436,24,1964,960,1004,72,15,419,0
20,967196436,25,2017,992,1025,62,9,427,0
20,967196436,26,2051,1011,1040,49,15,411,16
20,967196436,27,2098,1024,1074,56,9,435,0
20,967196436,28,2123,1038,1085,42,17,436,0
20,967196436,29,2156,1057,1099,42,9,452,0
20,967196436,30,2193,1078,1115,54,17,469,0
20,967196436,31,2232,1098,1134,49,10,521,0
20,967196436,32,2277,1128,1149,58,13,540,0
20,967196436,33,2354,1159,1195,80,3,558,0
20,967196436,34,2416,1185,1231,76,14,598,0
20,967196436,35,2460,1204,1256,59,15,626,0
20,967196436,36,2516,1229,1287,76,20,639,0
20,967196436,37,2571,1251,1320,71,16,659,0
20,967196436,38,2637,1279,1358,78,12,662,0
20,967196436,39,2717,1320,1397,86,6,685,0
20,967196436,40,2801,1362,1439,98,14,708,0
20,967196436,41,2878,1404,1474,87,10,714,0
20,967196436,42,2945,1440,1505,79,12,720,0
20,967196436,43,3010,1477,1533,82,17,745,0
20,967196436,44,3001,1476,1525,81,90,715,30
20,967196436,45,3055,1500,1555,69,15,763,0
20,967196436,46,3106,1533,1573,64,13,776,0
20,967196436,47,3168,1566,1602,72,10,786,0
20,967196436,48,3229,1592,1637,76,15,829,0
20,967196436,49,3306,1631,1675,88,11,845,0
20,967196436,50,3373,1663,1710,83,16,854,0
20,967196436,51,3441,1694,1747,79,11,872,0
20,967196436,52,3537,1750,1787,101,5,885,0
20,967196436,53,3625,1795,1830,97,9,931,0
20,967196436,54,3754,1864,1890,144,15,975,0
20,967196436,55,3860,1928,1932,126,20,978,0
20,967196436,56,3968,1988,1980,116,8,1012,0
20,967196436,57,4076,2050,2026,117,9,1022,0
20,967196436,58,4166,2095,2071,101,11,1023,0
20,967196436,59,4240,2137,2103,85,11,1059,0
20,967196436,60,4325,2181,2144,103,18,1088,0
20,967196436,61,4435,2237,2198,123,13,1142,0
20,967196436,62,4499,2269,2230,74,10,1141,1
20,967196436,63,4592,2318,2274,104,11,1177,0
20,967196436,64,4675,2368,2307,95,12,1216,0
20,967196436,65,4761,2414,2347,104,18,1207,9
20,967196436,66,4835,2445,2390,105,31,1247,0
20,967196436,67,4927,2499,2428,117,25,1292,0
20,967196436,68,5036,2563,2473,138,29,1295,0
20,967196436,69,5131,2613,2518,101,6,1353,0
20,967196436,70,5242,2684,2558,126,15,1368,0
20,967196436,71,5372,2749,2623,144,14,1366,2
20,967196436,72,5518,2829,2689,159,13,1405,0
20,967196436,73,5639,2894,2745,155,34,1451,0
20,967196436,74,5780,2964,2816,157,16,1476,0
20,967196436,75,5886,3000,2886,124,18,1499,0
20,967196436,76,5992,3053,2939,127,21,1497,2
20,967196436,77,6109,3113,2996,139,22,1523,0
20,967196436,78,6206,3152,3054,121,24,1536,0
20,967196436,79,6287,3187,3100,115,34,1587,0
20,967196436,80,6376,3234,3142,120,31,1595,0
20,967196436,81,6502,3293,3209,148,22,1625,0
20,967196436,82,6626,3349,3277,141,17,1675,0
20,967196436,83,6747,3412,3335,142,21,1684,0
20,967196436,84,6528,3163,3365,151,370,1476,208
20,967196436,85,6620,3222,3398,123,31,1611,0
20,967196436,86,6749,3285,3464,151,22,1665,0
20,967196436,87,6877,3355,3522,154,26,1720,0
20,967196436,88,7016,3426,3590,162,23,1758,0
20,967196436,89,7147,3484,3663,166,35,1786,0
20,967196436,90,7332,3573,3759,215,30,1853,0
20,967196436,91,7491,3656,3835,185,26,1902,0
20,967196436,92,7665,3757,3908,203,29,1911,0
20,967196436,93,7774,3806,3968,142,33,1919,0
20,967196436,94,7948,3894,4054,209,35,1946,0
20,967196436,95,8113,3986,4127,210,45,1968,0
20,967196436,96,8239,4050,4189,154,28,2010,0
20,967196436,97,8361,4103,4258,169,47,2047,0
20,967196436,98,8479,4149,4330,156,38,2074,0
20,967196436,99,8642,4229,4413,203,40,2085,0
21,1074497555,0,993,489,504,19,26,224,0
21,1074497555,1,1073,522,551,96,16,247,0
21,1074497555,2,1176,582,594,129,26,255,0
21,1074497555,3,1210,603,607,64,30,252,3
21,1074497555,4,1240,621,619,67,37,232,20
21,1074497555,5,1273,635,638,55,22,224,8
21,1074497555,6,1305,651,654,40,8,213,11
21,1074497555,7,1325,655,670,38,18,216,0
21,1074497555,8,1336,666,670,22,11,210,6
21,1074497555,9,1341,668,673,30,25,207,3
21,1074497555,10,1341,672,669,22,22,214,0
21,1074497555,11,1350,682,668,26,17,220,0
21,1074497555,12,1339,679,660,11,22,211,9
21,1074497555,13,1348,683,665,21,12,221,0
21,1074497555,14,1361,690,671,31,18,256,0
21,1074497555,15,1388,700,688,42,15,288,0
21,1074497555,16,1435,725,710,57,10,325,0
21,1074497555,17,1468,749,719,46,13,347,0
21,1074497555,18,1521,774,747,69,16,357,0
21,1074497555,19,1587,804,783,76,10,381,0
21,1074497555,20,1625,820,805,52,14,398,0
21,1074497555,21,1700,866,834,86,11,394,4
21,1074497555,22,1751,889,862,63,12,394,0
21,1074497555,23,1810,919,891,73,14,401,0
21,1074497555,24,1880,965,915,84,14,396,5
21,1074497555,25,1911,984,927,42,11,404,0
21,1074497555,26,1940,992,948,36,7,402,2
21,1074497555,27,1989,1010,979,62,13,421,0
21,1074497555,28,2007,1013,994,32,14,422,0
21,1074497555,29,2037,1024,1013,47,17,451,0
21,1074497555,30,2074,1041,1033,50,13,456,0
21,1074497555,31,2104,1059,1045,40,10,511,0
21,1074497555,32,2132,1078,1054,43,15,540,0
21,1074497555,33,2155,1085,1070,41,18,549,0
21,1074497555,34,2212,1114,1098,73,16,545,4
21,1074497555,35,2277,1153,1124,79,14,585,0
21,1074497555,36,2354,1195,1159,87,10,596,0
21,1074497555,37,2400,1226,1174,57,11,611,0
21,1074497555,38,2471,1249,1222,84,13,618,0
21,1074497555,39,2537,1278,1259,77,11,635,0
21,1074497555,40,2591,1315,1276,72,18,644,0
21,1074497555,41,2670,1348,1322,94,15,671,0
21,1074497555,42,2743,1386,1357,86,13,668,3
21,1074497555,43,2795,1417,1378,67,15,704,0
21,1074497555,44,2846,1442,1404,80,29,694,10
21,1074497555,45,2913,1483,1430,82,15,736,0
21,1074497555,46,3000,1529,1471,99,12,732,4
21,1074497555,47,3037,1553,1484,53,16,757,0
21,1074497555,48,3100,1586,1514,74,11,757,0
21,1074497555,49,3154,1612,1542,66,12,765,0
21,1074497555,50,3203,1637,1566,62,13,798,0
21,1074497555,51,3264,1674,1590,78,17,815,0
21,1074497555,52,3335,1712,1623,83,12,857,0
21,1074497555,53,3425,1752,1673,107,17,896,0
21,1074497555,54,3494,1785,1709,85,16,915,0
21,1074497555,55,3579,1831,1748,99,14,915,0
21,1074497555,56,3646,1862,1784,84,17,937,0
21,1074497555,57,3723,1892,1831,93,16,941,0
21,1074497555,58,3815,1935,1880,108,16,963,0
21,1074497555,59,3920,1991,1929,122,17,963,0
21,1074497555,60,3996,2022,1974,90,14,1012,0
21,1074497555,61,4092,2065,2027,111,15,1039,0
21,1074497555,62,4187,2112,2075,111,16,1055,0
21,1074497555,63,4278,2165,2113,114,23,1061,0
21,1074497555,64,4354,2208,2146,92,16,1069,0
21,1074497555,65,4448,2265,2183,110,16,1146,0
21,1074497555,66,4524,2297,2227,99,23,1150,0
21,1074497555,67,4601,2330,2271,90,13,1168,0
21,1074497555,68,4548,2315,2233,116,169,1098,70
21,1074497555,69,4623,2347,2276,100,25,1149,0
21,1074497555,70,4713,2397,2316,107,17,1174,0
21,1074497555,71,4803,2444,2359,103,13,1215,0
21,1074497555,72,4885,2481,2404,98,16,1244,0
21,1074497555,73,4982,2534,2448,119,22,1242,2
21,1074497555,74,5116,2590,2526,146,12,1294,0
21,1074497555,75,5233,2638,2595,127,10,1343,0
21,1074497555,76,5348,2698,2650,132,17,1358,0
21,1074497555,77,5447,2738,2709,127,28,1388,0
21,1074497555,78,5577,2794,2783,168,38,1406,0
21,1074497555,79,5684,2850,2834,133,26,1414,0
21,1074497555,80,5807,2924,2883,152,29,1444,0
21,1074497555,81,5921,2974,2947,151,37,1435,9
21,1074497555,82,6016,3020,2996,134,39,1470,0
21,1074497555,83,6142,3089,3053,169,43,1518,0
21,1074497555,84,6233,3134,3099,131,40,1537,0
21,1074497555,85,6352,3198,3154,156,37,1590,0
21,1074497555,86,6162,2988,3174,139,329,1378,212
21,1074497555,87,6276,3037,3239,148,34,1458,0
21,1074497555,88,6394,3087,3307,144,26,1493,0
21,1074497555,89,6510,3146,3364,149,33,1536,0
21,1074497555,90,6635,3220,3415,172,47,1556,0
21,1074497555,91,6742,3286,3456,142,35,1584,0
21,1074497555,92,6862,3343,3519,154,34,1620,0
21,1074497555,93,7000,3413,3587,175,37,1668,0
21,1074497555,94,7148,3474,3674,190,42,1698,0
21,1074497555,95,7271,3535,3736,171,48,1741,0
21,1074497555,96,7434,3614,3820,212,49,1774,0
21,1074497555,97,7592,3691,3901,193,35,1840,0
21,1074497555,98,7736,3766,3970,188,44,1857,0
21,1074497555,99,7910,3859,4051,196,22,1893,0
22,796282693,0,986,488,498,17,31,214,0
22,796282693,1,1088,544,544,127,25,255,0
22,796282693,2,1172,583,589,106,22,275,0
22,796282693,3,1238,615,623,78,12,271,4
22,796282693,4,1295,634,661,74,17,252,19
22,796282693,5,1335,654,681,56,16,228,24
22,796282693,6,1362,671,691,37,10,230,0
22,796282693,7,1386,682,704,38,14,238,0
22,796282693,8,1401,694,707,31,16,233,5
22,796282693,9,1405,694,711,25,21,226,7
22,796282693,10,1415,697,718,26,16,226,0
22,796282693,11,1432,703,729,26,9,230,0
22,796282693,12,1445,706,739,27,14,215,15
22,796282693,13,1441,704,737,26,30,227,0
22,796282693,14,1462,714,748,34,13,280,0
22,796282693,15,1445,699,746,47,64,277,3
22,796282693,16,1488,714,774,57,14,322,0
22,796282693,17,1536,743,793,69,21,348,0
22,796282693,18,1595,771,824,77,18,365,0
22,796282693,19,1662,804,858,73,6,370,0
22,796282693,20,1621,795,826,74,115,353,17
22,796282693,21,1697,822,875,86,10,373,0
22,796282693,22,1752,853,899,60,5,392,0
22,796282693,23,1794,884,910,55,13,384,8
22,796282693,24,1845,911,934,61,10,406,0
22,796282693,25,1879,931,948,45,11,414,0
22,796282693,26,1904,943,961,53,28,411,3
22,796282693,27,1923,956,967,38,19,424,0
22,796282693,28,1942,967,975,38,19,428,0
22,796282693,29,1963,975,988,31,10,437,0
22,796282693,30,2007,999,1008,52,8,449,0
22,796282693,31,2043,1009,1034,46,10,486,0
22,796282693,32,2088,1040,1048,56,11,529,0
22,796282693,33,2138,1069,1069,68,18,518,11
22,796282693,34,2202,1103,1099,77,13,563,0
22,796282693,35,2256,1123,1133,63,9,574,0
22,796282693,36,2311,1153,1158,70,15,577,0
22,796282693,37,2406,1195,1211,102,7,627,0
22,796282693,38,2494,1251,1243,102,14,627,0
22,796282693,39,2583,1288,1295,105,16,627,0
22,796282693,40,2640,1311,1329,68,11,642,0
22,796282693,41,2702,1341,1361,70,8,659,0
22,796282693,42,2777,1382,1395,83,8,679,0
22,796282693,43,2832,1404,1428,70,15,675,4
22,796282693,44,2884,1426,1458,65,13,696,0
22,796282693,45,2949,1454,1495,72,7,720,0
22,796282693,46,2996,1477,1519,60,13,742,0
22,796282693,47,3038,1504,1534,58,16,762,0
22,796282693,48,3082,1526,1556,61,17,774,0
22,796282693,49,3124,1542,1582,52,10,814,0
22,796282693,50,3183,1575,1608,78,19,820,0
22,796282693,51,3235,1600,1635,75,23,857,0
22,796282693,52,3322,1651,1671,102,15,864,0
22,796282693,53,3404,1700,1704,91,9,911,0
22,796282693,54,3496,1751,1745,101,9,934,0
22,796282693,55,3587,1793,1794,110,19,947,0
22,796282693,56,3697,1836,1861,124,14,975,0
22,796282693,57,3802,1888,1914,121,16,992,0
22,796282693,58,3901,1938,1963,111,12,1012,0
22,796282693,59,3987,1981,2006,97,11,1026,0
22,796282693,60,4059,2014,2045,93,21,1040,0
22,796282693,61,4126,2044,2082,83,16,1062,0
22,796282693,62,4208,2079,2129,100,18,1069,0
22,796282693,63,4295,2114,2181,103,16,1069,0
22,796282693,64,4395,2159,2236,111,11,1116,0
22,796282693,65,4489,2204,2285,111,17,1140,0
22,796282693,66,4551,2239,2312,81,19,1157,0
22,796282693,67,4649,2301,2348,109,11,1192,0
22,796282693,68,4722,2330,2392,91,18,1215,0
22,796282693,69,4825,2381,2444,119,16,1236,0
22,796282693,70,4895,2416,2479,91,21,1269,0
22,796282693,71,5008,2461,2547,126,13,1303,0
22,796282693,72,5128,2529,2599,143,23,1335,0
22,796282693,73,5248,2583,2665,137,17,1327,8
22,796282693,74,5399,2643,2756,172,21,1363,0
22,796282693,75,5500,2703,2797,131,30,1385,0
22,796282693,76,5613,2763,2850,139,26,1398,0
22,796282693,77,5704,2812,2892,131,40,1441,0
22,796282693,78,5810,2862,2948,148,42,1445,0
22,796282693,79,5918,2920,2998,124,16,1491,0
22,796282693,80,6055,3002,3053,154,17,1488,3
22,796282693,81,6166,3063,3103,149,38,1543,0
22,796282693,82,6294,3124,3170,162,34,1560,0
22,796282693,83,6421,3185,3236,155,28,1555,5
22,796282693,84,6537,3253,3284,133,17,1651,0
22,796282693,85,6689,3311,3378,176,24,1666,0
22,796282693,86,6839,3387,3452,171,21,1658,8
22,796282693,87,6976,3460,3516,159,22,1670,0
22,796282693,88,7094,3517,3577,156,38,1757,0
22,796282693,89,7263,3607,3656,199,30,1826,0
22,796282693,90,7402,3679,3723,160,21,1905,0
22,796282693,91,7542,3749,3793,162,22,1884,21
22,796282693,92,7694,3822,3872,191,39,1917,0
22,796282693,93,7827,3890,3937,172,39,1973,0
22,796282693,94,8019,3982,4037,212,20,1983,0
22,796282693,95,8206,4063,4143,218,31,1966,17
22,796282693,96,8348,4122,4226,176,34,2052,0
22,796282693,97,8474,4190,4284,171,45,2073,0
22,796282693,98,8652,4274,4378,211,33,2114,0
22,796282693,99,8811,4353,4458,190,31,2171,0
23,392022359,0,994,499,495,16,22,221,0
23,392022359,1,1075,541,534,101,20,266,0
23,392022359,2,1147,577,570,91,19,273,0
23,392022359,3,1182,590,592,52,17,259,14
23,392022359,4,1225,616,609,63,20,236,23
23,392022359,5,1249,629,620,48,24,234,2
23,392022359,6,1280,641,639,48,17,228,6
23,392022359,7,1303,652,651,36,13,239,0
23,392022359,8,1316,662,654,33,20,241,0
23,392022359,9,1338,668,670,40,18,225,16
23,392022359,10,1341,672,669,17,14,229,0
23,392022359,11,1357,683,674,27,11,219,10
23,392022359,12,1368,686,682,31,20,214,5
23,392022359,13,1371,689,682,16,13,250,0
23,392022359,14,1379,691,688,25,17,283,0
23,392022359,15,1390,697,693,23,12,310,0
23,392022359,16,1401,700,701,28,17,329,0
23,392022359,17,1470,734,736,78,9,347,0
23,392022359,18,1518,759,759,63,15,358,0
23,392022359,19,1567,781,786,67,18,367,0
23,392022359,20,1622,814,808,70,15,365,2
23,392022359,21,1671,834,837,64,15,367,0
23,392022359,22,1704,854,850,54,21,380,0
23,392022359,23,1756,886,870,68,16,388,0
23,392022359,24,1814,916,898,71,13,390,0
23,392022359,25,1880,946,934,79,13,401,0
23,392022359,26,1919,961,958,49,10,413,0
23,392022359,27,1945,975,970,43,17,431,0
23,392022359,28,1966,989,977,43,22,425,6
23,392022359,29,2003,1007,996,48,11,436,0
23,392022359,30,2026,1025,1001,41,18,471,0
23,392022359,31,2073,1048,1025,58,11,492,0
23,392022359,32,2132,1081,1051,64,5,512,0
23,392022359,33,2157,1089,1068,44,19,523,0
23,392022359,34,2205,1119,1086,60,12,534,0
23,392022359,35,2255,1149,1106,70,20,562,0
23,392022359,36,2316,1186,1130,80,19,583,0
23,392022359,37,2351,1201,1150,50,15,593,0
23,392022359,38,2390,1222,1168,66,27,601,0
23,392022359,39,2465,1260,1205,86,11,611,0
23,392022359,40,2551,1307,1244,100,14,639,0
23,392022359,41,2630,1352,1278,91,12,666,0
23,392022359,42,2690,1380,1310,75,15,670,0
23,392022359,43,2743,1397,1346,73,20,691,0
23,392022359,44,2825,1442,1383,96,14,716,0
23,392022359,45,2903,1487,1416,89,11,715,1
23,392022359,46,2948,1511,1437,63,18,712,3
23,392022359,47,3005,1535,1470,70,13,747,0
23,392022359,48,3052,1557,1495,60,13,759,0
23,392022359,49,3116,1597,1519,78,14,792,0
23,392022359,50,3174,1628,1546,72,14,781,11
23,392022359,51,3215,1647,1568,52,11,789,0
23,392022359,52,3284,1679,1605,86,17,837,0
23,392022359,53,3373,1728,1645,105,16,877,0
23,392022359,54,3458,1774,1684,98,13,863,14
23,392022359,55,3536,1814,1722,88,10,902,0
23,392022359,56,3619,1859,1760,99,16,915,0
23,392022359,57,3716,1911,1805,108,11,943,0
23,392022359,58,3798,1957,1841,97,15,952,0
23,392022359,59,3879,1997,1882,98,17,995,0
23,392022359,60,3959,2031,1928,104,24,987,8
23,392022359,61,4016,2056,1960,77,20,1038,0
23,392022359,62,4089,2086,2003,92,19,1048,0
23,392022359,63,4172,2128,2044,100,17,1047,1
23,392022359,64,4272,2184,2088,120,20,1071,0
23,392022359,65,4369,2231,2138,110,13,1087,0
23,392022359,66,4456,2270,2186,98,11,1095,0
23,392022359,67,4553,2319,2234,116,19,1131,0
23,392022359,68,4636,2356,2280,100,17,1135,0
23,392022359,69,4721,2402,2319,98,13,1156,0
23,392022359,70,4813,2443,2370,101,9,1229,0
23,392022359,71,4926,2500,2426,127,14,1245,0
23,392022359,72,4989,2538,2451,78,15,1279,0
23,392022359,73,5101,2601,2500,133,21,1293,0
23,392022359,74,5214,2653,2561,131,18,1281,12
23,392022359,75,5331,2699,2632,130,13,1354,0
23,392022359,76,5442,2757,2685,124,13,1367,0
23,392022359,77,5535,2801,2734,116,23,1417,0
23,392022359,78,5668,2862,2806,159,26,1439,0
23,392022359,79,5775,2918,2857,132,25,1458,0
23,392022359,80,5871,2968,2903,129,33,1466,0
23,392022359,81,5953,3011,2942,124,42,1477,0
23,392022359,82,6077,3072,3005,153,29,1504,0
23,392022359,83,6195,3122,3073,150,32,1567,0
23,392022359,84,6308,3187,3121,145,32,1578,0
23,392022359,85,6403,3244,3159,135,40,1563,15
23,392022359,86,6505,3291,3214,144,42,1603,0
23,392022359,87,6619,3348,3271,150,36,1673,0
23,392022359,88,6716,3403,3313,136,39,1688,0
23,392022359,89,6840,3488,3352,162,38,1704,0
23,392022359,90,6950,3541,3409,153,43,1729,0
23,392022359,91,7084,3599,3485,168,34,1802,0
23,392022359,92,7180,3647,3533,141,45,1797,5
23,392022359,93,7310,3704,3606,182,52,1810,0
23,392022359,94,7479,3774,3705,190,21,1805,5
23,392022359,95,7584,3835,3749,140,35,1861,0
23,392022359,96,7700,3899,3801,175,59,1919,0
23,392022359,97,7832,3961,3871,186,54,1966,0
23,392022359,98,7970,4028,3942,181,43,1991,0
23,392022359,99,8134,4118,4016,212,48,2031,0
24,1990212658,0,1005,502,503,34,29,217,0
24,1990212658,1,1061,526,535,73,17,263,0
24,1990212658,2,1126,554,572,89,24,273,0
24,1990212658,3,1196,590,606,87,17,263,10
24,1990212658,4,1251,610,641,73,18,243,20
24,1990212658,5,1312,644,668,69,8,244,0
24,1990212658,6,1354,667,687,55,13,232,12
24,1990212658,7,1384,684,700,40,10,243,0
24,1990212658,8,1405,691,714,33,12,255,0
24,1990212658,9,1438,709,729,41,8,252,3
24,1990212658,10,1448,714,734,20,10,254,0
24,1990212658,11,1449,716,733,13,12,257,0
24,1990212658,12,1475,731,744,44,18,234,23
24,1990212658,13,1491,742,749,23,7,265,0
24,1990212658,14,1519,752,767,37,9,301,0
24,1990212658,15,1545,755,790,34,8,327,0
24,1990212658,16,1582,766,816,44,7,334,0
24,1990212658,17,1622,788,834,56,16,355,0
24,1990212658,18,1683,816,867,74,13,377,0
24,1990212658,19,1762,852,910,96,17,390,0
24,1990212658,20,1802,870,932,62,22,387,3
24,1990212658,21,1868,902,966,70,4,400,0
24,1990212658,22,1923,931,992,63,8,429,0
24,1990212658,23,1977,965,1012,68,14,438,0
24,1990212658,24,2040,993,1047,71,8,436,2
24,1990212658,25,2009,947,1062,62,93,390,46
24,1990212658,26,2038,967,1071,49,20,400,0
24,1990212658,27,2081,988,1093,51,8,398,2
24,1990212658,28,2125,1010,1115,53,9,427,0
24,1990212658,29,2149,1031,1118,43,19,431,0
24,1990212658,30,2192,1052,1140,53,10,451,0
24,1990212658,31,2260,1085,1175,77,9,470,0
24,1990212658,32,2318,1114,1204,73,15,491,0
24,1990212658,33,2363,1140,1223,57,12,518,0
24,1990212658,34,2419,1176,1243,68,12,551,0
24,1990212658,35,2495,1208,1287,85,9,594,0
24,1990212658,36,2573,1247,1326,88,10,627,0
24,1990212658,37,2658,1294,1364,92,7,644,0
24,1990212658,38,2738,1340,1398,95,15,643,1
24,1990212658,39,2822,1380,1442,94,10,674,0
24,1990212658,40,2931,1418,1513,117,8,691,0
24,1990212658,41,3019,1457,1562,93,5,688,3
24,1990212658,42,2953,1423,1530,98,164,653,35
24,1990212658,43,3026,1455,1571,83,10,689,0
24,1990212658,44,3079,1484,1595,67,14,719,0
24,1990212658,45,3167,1529,1638,97,9,719,0
24,1990212658,46,3234,1558,1676,74,7,766,0
24,1990212658,47,3313,1593,1720,95,16,777,0
24,1990212658,48,3389,1635,1754,89,13,781,0
24,1990212658,49,3467,1678,1789,91,13,815,0
24,1990212658,50,3523,1706,1817,65,9,838,0
24,1990212658,51,3606,1749,1857,88,5,908,0
24,1990212658,52,3697,1800,1897,104,13,926,0
24,1990212658,53,3794,1853,1941,112,15,968,0
24,1990212658,54,3905,1910,1995,121,10,988,0
24,1990212658,55,4029,1968,2061,140,16,998,0
24,1990212658,56,4131,2029,2102,115,13,1036,0
24,1990212658,57,4244,2089,2155,127,14,1057,0
24,1990212658,58,4336,2142,2194,107,15,1061,0
24,1990212658,59,4469,2210,2259,145,12,1114,0
24,1990212658,60,4584,2266,2318,128,13,1139,0
24,1990212658,61,4661,2292,2369,92,15,1165,0
24,1990212658,62,4773,2342,2431,131,19,1204,0
24,1990212658,63,4872,2394,2478,119,20,1207,0
24,1990212658,64,4988,2449,2539,130,14,1206,1
24,1990212658,65,5078,2489,2589,103,13,1261,0
24,1990212658,66,5185,2536,2649,115,8,1294,0
24,1990212658,67,5321,2606,2715,156,20,1348,0
24,1990212658,68,5439,2680,2759,130,12,1356,0
24,1990212658,69,5559,2746,2813,135,15,1450,0
24,1990212658,70,5691,2819,2872,148,16,1472,0
24,1990212658,71,5826,2880,2946,150,15,1502,0
24,1990212658,72,5952,2941,3011,141,15,1521,0
24,1990212658,73,6087,3001,3086,149,14,1557,0
24,1990212658,74,6209,3058,3151,140,18,1550,7
24,1990212658,75,6360,3124,3236,169,18,1583,0
24,1990212658,76,6493,3195,3298,160,27,1623,0
24,1990212658,77,6666,3286,3380,192,19,1659,0
24,1990212658,78,6799,3358,3441,156,23,1670,0
24,1990212658,79,6931,3433,3498,156,24,1717,0
24,1990212658,80,7060,3485,3575,156,27,1776,0
24,1990212658,81,7238,3566,3672,203,25,1807,0
24,1990212658,82,7369,3626,3743,164,33,1874,0
24,1990212658,83,7536,3715,3821,197,30,1873,1
24,1990212658,84,7709,3808,3901,198,25,1923,0
24,1990212658,85,7878,3880,3998,217,48,1914,9
24,1990212658,86,8040,3969,4071,188,26,2006,0
24,1990212658,87,8170,4022,4148,161,31,2036,0
24,1990212658,88,8380,4133,4247,241,31,2081,0
24,1990212658,89,8535,4206,4329,183,28,2112,0
24,1990212658,90,8685,4284,4401,176,26,2199,0
24,1990212658,91,8901,4396,4505,246,30,2256,0
24,1990212658,92,9113,4508,4605,249,37,2265,0
24,1990212658,93,9273,4591,4682,204,44,2278,0
24,1990212658,94,9445,4690,4755,208,36,2349,0
24,1990212658,95,9670,4806,4864,245,20,2449,0
24,1990212658,96,9870,4895,4975,217,17,2469,0
24,1990212658,97,10061,4990,5071,235,44,2505,0
24,1990212658,98,10275,5109,5166,253,39,2565,0
24,1990212658,99,10487,5216,5271,259,47,2617,0
25,1678403330,0,1004,503,501,25,21,225,0
25,1678403330,1,1084,545,539,107,27,248,0
25,1678403330,2,1154,581,573,86,16,270,0
25,1678403330,3,1213,615,598,81,22,270,0
25,1678403330,4,1269,645,624,68,12,250,20
25,1678403330,5,1309,662,647,52,12,247,3
25,1678403330,6,1341,682,659,47,15,248,0
25,1678403330,7,1377,700,677,47,11,244,4
25,1678403330,8,1406,719,687,46,17,251,0
25,1678403330,9,1409,724,685,28,25,236,15
25,1678403330,10,1425,737,688,29,13,239,0
25,1678403330,11,1449,745,704,37,13,244,0
25,1678403330,12,1463,755,708,28,14,234,10
25,1678403330,13,1464,758,706,18,17,264,0
25,1678403330,14,1493,765,728,46,17,296,0
25,1678403330,15,1503,774,729,32,22,308,0
25,1678403330,16,1544,801,743,55,14,335,0
25,1678403330,17,1594,831,763,72,22,352,0
25,1678403330,18,1648,860,788,58,4,384,0
25,1678403330,19,1718,900,818,75,5,387,0
25,1678403330,20,1792,931,861,83,9,412,0
25,1678403330,21,1859,970,889,78,11,406,6
25,1678403330,22,1890,982,908,49,18,402,4
25,1678403330,23,1956,1017,939,78,12,423,0
25,1678403330,24,2007,1045,962,73,22,426,0
25,1678403330,25,2047,1065,982,61,21,434,0
25,1678403330,26,2095,1089,1006,62,14,430,4
25,1678403330,27,2127,1109,1018,52,20,447,0
25,1678403330,28,2177,1132,1045,63,13,447,0
25,1678403330,29,2219,1151,1068,49,7,463,0
25,1678403330,30,2263,1174,1089,62,18,494,0
25,1678403330,31,2293,1182,1111,49,19,509,0
25,1678403330,32,2318,1194,1124,51,26,544,0
25,1678403330,33,2347,1206,1141,47,18,566,0
25,1678403330,34,2394,1233,1161,68,21,590,0
25,1678403330,35,2376,1231,1145,59,77,561,29
25,1678403330,36,2432,1259,1173,72,16,597,0
25,1678403330,37,2509,1298,1211,91,14,621,0
25,1678403330,38,2589,1346,1243,92,12,638,0
25,1678403330,39,2653,1380,1273,86,22,646,0
25,1678403330,40,2596,1349,1247,83,140,629,17
25,1678403330,41,2673,1388,1285,91,14,663,0
25,1678403330,42,2729,1411,1318,79,23,672,0
25,1678403330,43,2772,1428,1344,65,22,693,0
25,1678403330,44,2855,1465,1390,96,13,686,7
25,1678403330,45,2921,1491,1430,77,11,717,0
25,1678403330,46,2984,1524,1460,74,11,715,2
25,1678403330,47,3043,1550,1493,69,10,748,0
25,1678403330,48,3099,1579,1520,72,16,765,0
25,1678403330,49,3179,1615,1564,89,9,794,0
25,1678403330,50,3214,1639,1575,46,11,829,0
25,1678403330,51,3270,1672,1598,72,16,845,0
25,1678403330,52,3316,1691,1625,63,17,840,5
25,1678403330,53,3386,1723,1663,83,13,859,0
25,1678403330,54,3469,1770,1699,99,16,862,0
25,1678403330,55,3544,1808,1736,93,18,904,0
25,1678403330,56,3635,1857,1778,106,15,940,0
25,1678403330,57,3722,1896,1826,107,20,968,0
25,1678403330,58,3822,1950,1872,109,9,999,0
25,1678403330,59,3893,1983,1910,90,19,1015,0
25,1678403330,60,3990,2032,1958,114,17,1028,0
25,1678403330,61,4110,2090,2020,134,14,1081,0
25,1678403330,62,4194,2137,2057,88,4,1092,0
25,1678403330,63,4305,2205,2100,120,9,1091,1
25,1678403330,64,4383,2249,2134,99,21,1095,0
25,1678403330,65,4468,2297,2171,102,17,1147,0
25,1678403330,66,4554,2347,2207,109,23,1183,0
25,1678403330,67,4649,2392,2257,121,26,1156,27
25,1678403330,68,4745,2440,2305,108,12,1170,0
25,1678403330,69,4818,2486,2332,94,21,1196,0
25,1678403330,70,4911,2538,2373,106,13,1225,0
25,1678403330,71,5025,2597,2428,131,17,1254,0
25,1678403330,72,5115,2641,2474,108,18,1276,0
25,1678403330,73,5202,2685,2517,114,27,1320,0
25,1678403330,74,5325,2747,2578,139,16,1332,0
25,1678403330,75,5457,2813,2644,151,19,1371,0
25,1678403330,76,5575,2862,2713,138,20,1367,4
25,1678403330,77,5681,2907,2774,131,25,1411,0
25,1678403330,78,5771,2948,2823,116,26,1448,0
25,1678403330,79,5866,2995,2871,123,28,1453,0
25,1678403330,80,5967,3042,2925,135,34,1511,0
25,1678403330,81,6080,3098,2982,151,38,1514,0
25,1678403330,82,6202,3163,3039,152,30,1538,0
25,1678403330,83,6277,3194,3083,102,27,1564,0
25,1678403330,84,6380,3252,3128,137,34,1575,0
25,1678403330,85,6472,3292,3180,126,34,1578,0
25,1678403330,86,6569,3342,3227,138,41,1548,30
25,1678403330,87,6669,3393,3276,135,35,1636,0
25,1678403330,88,6811,3461,3350,178,36,1687,0
25,1678403330,89,6962,3533,3429,188,37,1753,0
25,1678403330,90,7067,3588,3479,147,42,1790,0
25,1678403330,91,7205,3653,3552,152,14,1787,3
25,1678403330,92,7360,3743,3617,185,30,1845,0
25,1678403330,93,7482,3811,3671,161,39,1858,0
25,1678403330,94,7597,3866,3731,163,48,1919,0
25,1678403330,95,7711,3927,3784,165,51,1949,0
25,1678403330,96,7875,4015,3860,209,45,1975,0
25,1678403330,97,8047,4093,3954,186,14,2012,0
25,1678403330,98,8207,4176,4031,171,11,2053,0
25,1678403330,99,8341,4242,4099,155,21,2087,0
26,1382689815,0,1008,501,507,24,16,227,0
26,1382689815,1,1094,539,555,104,18,258,0
26,1382689815,2,1149,570,579,77,22,271,0
26,1382689815,3,1213,612,601,91,27,247,24
26,1382689815,4,1246,622,624,53,20,241,6
26,1382689815,5,1289,634,655,66,23,241,0
26,1382689815,6,1312,651,661,43,20,251,0
26,1382689815,7,1349,665,684,54,17,244,7
26,1382689815,8,1359,669,690,27,17,234,10
26,1382689815,9,1371,678,693,22,10,242,0
26,1382689815,10,1390,685,705,31,12,237,5
26,1382689815,11,1403,690,713,27,14,240,0
26,1382689815,12,1418,697,721,30,15,242,0
26,1382689815,13,1436,705,731,24,6,265,0
26,1382689815,14,1459,714,745,30,7,296,0
26,1382689815,15,1470,717,753,29,18,327,0
26,1382689815,16,1495,736,759,38,13,351,0
26,1382689815,17,1544,769,775,65,16,360,0
26,1382689815,18,1595,803,792,68,17,373,0
26,1382689815,19,1618,814,804,42,19,383,0
26,1382689815,20,1666,844,822,66,18,397,0
26,1382689815,21,1725,868,857,74,15,376,21
26,1382689815,22,1753,880,873,46,18,398,0
26,1382689815,23,1812,904,908,77,18,403,0
26,1382689815,24,1871,929,942,84,25,421,0
26,1382689815,25,1913,952,961,57,15,421,0
26,1382689815,26,1976,984,992,74,11,422,0
26,1382689815,27,2029,1002,1027,73,20,422,0
26,1382689815,28,2060,1017,1043,38,7,447,0
26,1382689815,29,2107,1043,1064,58,11,447,0
26,1382689815,30,2127,1057,1070,33,13,485,0
26,1382689815,31,2097,1038,1059,57,87,447,38
26,1382689815,32,2134,1060,1074,50,13,487,0
26,1382689815,33,2165,1075,1090,48,17,519,0
26,1382689815,34,2224,1107,1117,71,12,537,0
26,1382689815,35,2278,1138,1140,67,13,570,0
26,1382689815,36,2327,1161,1166,61,12,572,0
26,1382689815,37,2399,1194,1205,81,9,603,0
26,1382689815,38,2455,1222,1233,78,22,600,3
26,1382689815,39,2514,1258,1256,72,13,624,0
26,1382689815,40,2595,1299,1296,93,12,642,0
26,1382689815,41,2663,1335,1328,90,22,666,0
26,1382689815,42,2718,1368,1350,80,25,686,0
26,1382689815,43,2789,1403,1386,88,17,718,0
26,1382689815,44,2728,1367,1361,76,137,672,46
26,1382689815,45,2786,1388,1398,76,18,693,0
26,1382689815,46,2827,1411,1416,58,17,693,0
26,1382689815,47,2889,1445,1444,73,11,712,0
26,1382689815,48,2942,1472,1470,71,18,728,0
26,1382689815,49,2989,1506,1483,68,21,749,0
26,1382689815,50,3065,1542,1523,83,7,755,0
26,1382689815,51,3149,1594,1555,101,17,787,0
26,1382689815,52,3236,1632,1604,98,11,813,0
26,1382689815,53,3321,1684,1637,98,13,869,0
26,1382689815,54,3422,1732,1690,116,15,873,0
26,1382689815,55,3500,1773,1727,89,11,872,1
26,1382689815,56,3577,1816,1761,89,12,923,0
26,1382689815,57,3666,1862,1804,104,15,949,0
26,1382689815,58,3760,1906,1854,118,24,952,0
26,1382689815,59,3824,1948,1876,77,13,945,7
26,1382689815,60,3919,1997,1922,107,12,975,0
26,1382689815,61,3991,2035,1956,95,23,981,0
26,1382689815,62,4067,2076,1991,93,17,1010,0
26,1382689815,63,4140,2102,2038,91,18,1050,0
26,1382689815,64,4237,2161,2076,105,8,1060,0
26,1382689815,65,4308,2190,2118,86,15,1073,0
26,1382689815,66,4364,2225,2139,72,16,1108,0
26,1382689815,67,4482,2284,2198,131,13,1126,0
26,1382689815,68,4555,2328,2227,91,18,1156,0
26,1382689815,69,4644,2378,2266,114,25,1194,0
26,1382689815,70,4755,2425,2330,127,16,1190,4
26,1382689815,71,4844,2468,2376,103,14,1234,0
26,1382689815,72,4945,2520,2425,127,26,1257,0
26,1382689815,73,5076,2587,2489,143,12,1263,0
26,1382689815,74,5173,2631,2542,120,23,1290,0
26,1382689815,75,5257,2667,2590,102,18,1307,0
26,1382689815,76,5382,2734,2648,138,13,1335,0
26,1382689815,77,5454,2770,2684,108,36,1388,0
26,1382689815,78,5573,2846,2727,143,24,1387,1
26,1382689815,79,5667,2893,2774,121,27,1400,0
26,1382689815,80,5770,2940,2830,124,21,1389,11
26,1382689815,81,5859,2996,2863,116,27,1414,0
26,1382689815,82,5931,3035,2896,116,44,1496,0
26,1382689815,83,6040,3094,2946,150,41,1535,0
26,1382689815,84,6130,3138,2992,124,34,1594,0
26,1382689815,85,6246,3196,3050,142,26,1603,0
26,1382689815,86,6402,3264,3138,182,26,1654,0
26,1382689815,87,6497,3311,3186,131,36,1641,13
26,1382689815,88,6589,3356,3233,152,60,1645,0
26,1382689815,89,6680,3390,3290,135,44,1636,9
26,1382689815,90,6800,3445,3355,177,57,1640,0
26,1382689815,91,6926,3515,3411,164,38,1685,0
26,1382689815,92,7068,3573,3495,185,43,1719,0
26,1382689815,93,7185,3626,3559,158,41,1764,0
26,1382689815,94,7305,3678,3627,163,43,1798,0
26,1382689815,95,7393,3725,3668,137,49,1833,0
26,1382689815,96,7512,3783,3729,163,44,1917,0
26,1382689815,97,7644,3853,3791,168,36,1897,20
26,1382689815,98,7787,3918,3869,178,35,1922,0
26,1382689815,99,7672,3870,3802,172,287,1830,92
27,864178266,0,1005,498,507,19,14,223,0
27,864178266,1,1123,570,553,138,20,262,0
27,864178266,2,1211,614,597,104,16,272,0
27,864178266,3,1282,649,633,92,21,271,1
27,864178266,4,1319,661,658,55,18,256,15
27,864178266,5,1375,691,684,66,10,239,17
27,864178266,6,1394,697,697,45,26,235,4
27,864178266,7,1415,708,707,48,27,237,0
27,864178266,8,1450,729,721,44,9,233,4
27,864178266,9,1469,735,734,36,17,239,0
27,864178266,10,1480,739,741,26,15,247,0
27,864178266,11,1514,756,758,39,5,250,0
27,864178266,12,1539,767,772,34,9,241,9
27,864178266,13,1501,745,756,10,48,251,0
27,864178266,14,1520,757,763,29,10,312,0
27,864178266,15,1538,769,769,24,6,334,0
27,864178266,16,1566,779,787,38,10,354,0
27,864178266,17,1629,805,824,70,7,380,0
27,864178266,18,1688,838,850,69,10,401,0
27,864178266,19,1775,889,886,97,10,411,0
27,864178266,20,1846,928,918,81,10,433,0
27,864178266,21,1929,962,967,89,6,424,9
27,864178266,22,1987,1000,987,66,8,444,0
27,864178266,23,2062,1042,1020,89,14,470,0
27,864178266,24,2115,1078,1037,58,5,474,0
27,864178266,25,2181,1108,1073,75,9,471,3
27,864178266,26,2212,1124,1088,44,13,471,0
27,864178266,27,2247,1141,1106,46,11,472,0
27,864178266,28,2294,1173,1121,62,15,481,0
27,864178266,29,2332,1191,1141,48,10,496,0
27,864178266,30,2378,1216,1162,60,14,529,0
27,864178266,31,2412,1235,1177,49,15,539,0
27,864178266,32,2483,1276,1207,79,8,577,0
27,864178266,33,2538,1300,1238,64,9,619,0
27,864178266,34,2607,1334,1273,80,11,656,0
27,864178266,35,2712,1378,1334,116,11,678,0
27,864178266,36,2785,1411,1374,85,12,689,0
27,864178266,37,2861,1443,1418,89,13,723,0
27,864178266,38,2942,1481,1461,94,13,710,13
27,864178266,39,3042,1542,1500,108,8,729,0
27,864178266,40,2964,1495,1469,72,150,702,27
27,864178266,41,3028,1530,1498,72,8,743,0
27,864178266,42,3118,1580,1538,104,14,774,0
27,864178266,43,3194,1614,1580,91,15,806,0
27,864178266,44,3261,1642,1619,79,12,786,20
27,864178266,45,3199,1603,1596,81,143,785,1
27,864178266,46,3254,1628,1626,68,13,783,2
27,864178266,47,3304,1652,1652,68,18,857,0
27,864178266,48,3381,1697,1684,85,8,884,0
27,864178266,49,3451,1732,1719,82,12,911,0
27,864178266,50,3524,1775,1749,86,13,912,0
27,864178266,51,3608,1814,1794,90,6,949,0
27,864178266,52,3704,1855,1849,103,7,984,0
27,864178266,53,3790,1899,1891,102,16,1004,0
27,864178266,54,3907,1964,1943,131,14,998,6
27,864178266,55,4017,2022,1995,126,16,1029,0
27,864178266,56,4116,2072,2044,110,11,1039,0
27,864178266,57,4227,2139,2088,119,8,1108,0
27,864178266,58,4322,2183,2139,107,12,1121,0
27,864178266,59,4427,2237,2190,118,13,1133,0
27,864178266,60,4541,2298,2243,122,8,1155,0
27,864178266,61,4607,2334,2273,88,22,1170,0
27,864178266,62,4704,2383,2321,107,10,1189,0
27,864178266,63,4814,2446,2368,116,6,1196,0
27,864178266,64,4879,2481,2398,84,19,1247,0
27,864178266,65,4982,2530,2452,116,13,1278,0
27,864178266,66,5092,2583,2509,126,16,1286,0
27,864178266,67,5207,2635,2572,136,21,1325,0
27,864178266,68,5308,2696,2612,119,18,1362,0
27,864178266,69,5455,2785,2670,165,18,1382,0
27,864178266,70,5588,2853,2735,140,7,1432,0
27,864178266,71,5696,2904,2792,127,19,1451,0
27,864178266,72,5818,2971,2847,140,18,1466,0
27,864178266,73,5945,3031,2914,137,10,1474,0
27,864178266,74,6074,3094,2980,144,15,1498,0
27,864178266,75,6233,3172,3061,175,16,1543,0
27,864178266,76,6356,3227,3129,140,17,1562,0
27,864178266,77,6497,3305,3192,153,12,1629,0
27,864178266,78,6636,3366,3270,163,24,1657,0
27,864178266,79,6779,3447,3332,169,26,1694,0
27,864178266,80,6878,3491,3387,134,35,1734,0
27,864178266,81,6996,3554,3442,151,33,1748,0
27,864178266,82,7167,3643,3524,205,34,1754,0
27,864178266,83,7281,3693,3588,133,19,1790,0
27,864178266,84,7189,3639,3550,156,248,1734,56
27,864178266,85,7339,3716,3623,175,25,1788,0
27,864178266,86,7458,3780,3678,150,31,1844,0
27,864178266,87,7604,3860,3744,181,35,1905,0
27,864178266,88,7730,3934,3796,161,35,1948,0
27,864178266,89,7901,4013,3888,195,24,1972,0
27,864178266,90,8078,4098,3980,208,31,2013,0
27,864178266,91,8255,4194,4061,203,26,2082,0
27,864178266,92,8409,4265,4144,178,24,2111,0
27,864178266,93,8599,4362,4237,217,27,2152,0
27,864178266,94,8773,4440,4333,205,31,2198,0
27,864178266,95,8961,4529,4432,223,35,2269,0
27,864178266,96,8885,4481,4404,248,324,2096,173
27,864178266,97,9040,4558,4482,190,35,2223,0
27,864178266,98,9186,4634,4552,188,42,2282,0
27,864178266,99,9341,4725,4616,193,38,2336,0
28,1766867109,0,1002,496,506,17,15,213,0
28,1766867109,1,1092,537,555,114,24,257,0
28,1766867109,2,1070,515,555,83,105,236,21
28,1766867109,3,1106,533,573,56,20,242,0
28,1766867109,4,1154,538,616,72,24,248,0
28,1766867109,5,1203,556,647,61,12,242,6
28,1766867109,6,1228,570,658,30,5,236,6
28,1766867109,7,1273,588,685,48,3,239,0
28,1766867109,8,1310,603,707,46,9,226,13
28,1766867109,9,1319,602,717,29,20,218,8
28,1766867109,10,1317,601,716,12,14,217,1
28,1766867109,11,1321,601,720,17,13,213,4
28,1766867109,12,1329,605,724,18,10,208,5
28,1766867109,13,1340,607,733,20,9,239,0
28,1766867109,14,1351,614,737,16,5,286,0
28,1766867109,15,1368,629,739,35,18,289,0
28,1766867109,16,1413,651,762,55,10,301,0
28,1766867109,17,1450,669,781,49,12,308,0
28,1766867109,18,1502,692,810,61,9,326,0
28,1766867109,19,1528,708,820,41,15,340,0
28,1766867109,20,1577,741,836,64,15,347,0
28,1766867109,21,1602,752,850,44,19,355,0
28,1766867109,22,1666,787,879,79,15,351,4
28,1766867109,23,1730,816,914,77,13,356,0
28,1766867109,24,1776,831,945,69,23,361,0
28,1766867109,25,1824,861,963,62,14,366,0
28,1766867109,26,1894,893,1001,85,15,351,15
28,1766867109,27,1919,909,1010,43,18,358,0
28,1766867109,28,1961,936,1025,54,12,371,0
28,1766867109,29,1990,951,1039,44,15,381,0
28,1766867109,30,2028,966,1062,48,10,399,0
28,1766867109,31,2054,978,1076,42,16,430,0
28,1766867109,32,2093,1002,1091,56,17,424,6
28,1766867109,33,2125,1012,1113,46,14,464,0
28,1766867109,34,2178,1033,1145,70,17,481,0
28,1766867109,35,2238,1066,1172,74,14,490,0
28,1766867109,36,2274,1085,1189,57,21,530,0
28,1766867109,37,2318,1109,1209,66,22,553,0
28,1766867109,38,2383,1140,1243,80,15,566,0
28,1766867109,39,2475,1193,1282,101,9,570,0
28,1766867109,40,2563,1229,1334,99,11,581,0
28,1766867109,41,2625,1253,1372,72,10,611,0
28,1766867109,42,2619,1268,1351,104,110,582,29
28,1766867109,43,2671,1306,1365,67,15,643,0
28,1766867109,44,2726,1340,1386,73,18,656,0
28,1766867109,45,2776,1368,1408,66,16,658,0
28,1766867109,46,2862,1417,1445,100,14,693,0
28,1766867109,47,2933,1461,1472,85,14,684,9
28,1766867109,48,2987,1486,1501,63,9,713,0
28,1766867109,49,3036,1508,1528,60,11,725,0
28,1766867109,50,3081,1529,1552,62,17,743,0
28,1766867109,51,3159,1569,1590,91,13,798,0
28,1766867109,52,3228,1601,1627,84,15,792,6
28,1766867109,53,3313,1653,1660,94,9,854,0
28,1766867109,54,3389,1691,1698,92,16,861,0
28,1766867109,55,3466,1744,1722,94,17,880,0
28,1766867109,56,3562,1793,1769,113,17,897,0
28,1766867109,57,3636,1829,1807,86,12,920,0
28,1766867109,58,3737,1891,1846,113,12,961,0
28,1766867109,59,3840,1939,1901,116,13,964,0
28,1766867109,60,3907,1973,1934,88,21,978,0
28,1766867109,61,3987,2010,1977,93,13,1025,0
28,1766867109,62,4089,2063,2026,116,14,1018,7
28,1766867109,63,4151,2102,2049,77,15,1051,0
28,1766867109,64,4241,2138,2103,106,16,1073,0
28,1766867109,65,4330,2188,2142,108,19,1084,0
28,1766867109,66,4415,2237,2178,104,19,1112,0
28,1766867109,67,4508,2283,2225,114,21,1149,0
28,1766867109,68,4591,2317,2274,98,15,1180,0
28,1766867109,69,4697,2371,2326,117,11,1203,0
28,1766867109,70,4812,2427,2385,124,9,1240,0
28,1766867109,71,4892,2465,2427,90,10,1247,0
28,1766867109,72,4995,2514,2481,114,11,1260,0
28,1766867109,73,5120,2571,2549,139,14,1305,0
28,1766867109,74,5194,2610,2584,101,27,1354,0
28,1766867109,75,5325,2670,2655,152,21,1352,2
28,1766867109,76,5454,2742,2712,151,22,1391,0
28,1766867109,77,5549,2794,2755,108,13,1422,0
28,1766867109,78,5655,2850,2805,126,20,1410,12
28,1766867109,79,5735,2897,2838,107,27,1444,0
28,1766867109,80,5827,2943,2884,125,33,1461,0
28,1766867109,81,5918,2986,2932,124,33,1528,0
28,1766867109,82,6043,3065,2978,164,39,1531,0
28,1766867109,83,6152,3125,3027,143,34,1544,0
28,1766867109,84,6256,3177,3079,134,30,1575,0
28,1766867109,85,6354,3238,3116,142,44,1635,0
28,1766867109,86,6467,3300,3167,149,36,1674,0
28,1766867109,87,6602,3374,3228,165,30,1679,0
28,1766867109,88,6713,3431,3282,155,44,1716,0
28,1766867109,89,6840,3493,3347,163,36,1702,14
28,1766867109,90,6972,3554,3418,165,33,1777,0
28,1766867109,91,7108,3624,3484,178,42,1788,0
28,1766867109,92,7226,3679,3547,156,38,1817,0
28,1766867109,93,7346,3734,3612,158,38,1845,0
28,1766867109,94,7497,3813,3684,198,47,1874,0
28,1766867109,95,7624,3863,3761,169,42,1874,0
28,1766867109,96,7754,3910,3844,158,28,1969,0
28,1766867109,97,7930,3988,3942,215,39,1977,0
28,1766867109,98,8064,4060,4004,179,45,2006,0
28,1766867109,99,8197,4124,4073,184,51,2019,0
29,1171300112,0,1009,496,513,33,24,233,0
29,1171300112,1,1094,543,551,106,21,267,0
29,1171300112,2,1176,594,582,104,22,257,10
29,1171300112,3,1229,633,596,73,20,259,0
29,1171300112,4,1266,646,620,51,14,257,2
29,1171300112,5,1298,664,634,47,15,266,0
29,1171300112,6,1311,672,639,31,18,246,20
29,1171300112,7,1339,691,648,46,18,231,15
29,1171300112,8,1342,691,651,23,20,237,0
29,1171300112,9,1344,697,647,22,20,241,0
29,1171300112,10,1367,703,664,31,8,242,0
29,1171300112,11,1378,708,670,28,17,231,11
29,1171300112,12,1394,723,671,30,14,225,6
29,1171300112,13,1404,732,672,29,19,254,0
29,1171300112,14,1421,737,684,31,14,269,0
29,1171300112,15,1448,748,700,37,10,313,0
29,1171300112,16,1473,759,714,36,11,332,0
29,1171300112,17,1538,784,754,78,13,337,0
29,1171300112,18,1583,813,770,63,18,338,0
29,1171300112,19,1579,809,770,90,94,326,12
29,1171300112,20,1631,847,784,73,21,332,0
29,1171300112,21,1673,867,806,54,12,352,0
29,1171300112,22,1698,879,819,38,13,356,0
29,1171300112,23,1738,904,834,62,22,379,0
29,1171300112,24,1754,907,847,34,18,380,0
29,1171300112,25,1793,927,866,52,13,381,0
29,1171300112,26,1805,932,873,35,23,380,1
29,1171300112,27,1817,935,882,36,24,394,0
29,1171300112,28,1847,946,901,44,14,396,0
29,1171300112,29,1863,953,910,26,10,413,0
29,1171300112,30,1916,981,935,60,7,428,0
29,1171300112,31,1952,1001,951,43,7,456,0
29,1171300112,32,1988,1025,963,48,12,475,0
29,1171300112,33,2051,1057,994,68,5,511,0
29,1171300112,34,2105,1087,1018,62,8,524,0
29,1171300112,35,2165,1110,1055,74,14,560,0
29,1171300112,36,2222,1133,1089,75,18,559,1
29,1171300112,37,2286,1163,1123,79,15,581,0
29,1171300112,38,2359,1199,1160,82,9,582,0
29,1171300112,39,2422,1229,1193,67,4,606,0
29,1171300112,40,2458,1247,1211,45,9,603,3
29,1171300112,41,2533,1273,1260,86,11,608,0
29,1171300112,42,2594,1296,1298,78,17,633,0
29,1171300112,43,2640,1318,1322,64,18,636,0
29,1171300112,44,2691,1341,1350,65,14,648,0
29,1171300112,45,2760,1372,1388,77,8,681,0
29,1171300112,46,2816,1396,1420,61,5,721,0
29,1171300112,47,2877,1437,1440,75,14,737,0
29,1171300112,48,2903,1448,1455,45,19,748,0
29,1171300112,49,2833,1415,1418,54,124,736,12
29,1171300112,50,2913,1451,1462,88,8,775,0
29,1171300112,51,2974,1480,1494,73,12,800,0
29,1171300112,52,3046,1514,1532,89,17,793,7
29,1171300112,53,3122,1543,1579,90,14,807,0
29,1171300112,54,3195,1575,1620,90,17,836,0
29,1171300112,55,3279,1608,1671,94,10,862,0
29,1171300112,56,3373,1656,1717,99,5,873,0
29,1171300112,57,3458,1699,1759,95,10,904,0
29,1171300112,58,3532,1737,1795,87,13,934,0
29,1171300112,59,3632,1777,1855,116,16,941,0
29,1171300112,60,3709,1818,1891,98,21,968,0
29,1171300112,61,3805,1857,1948,113,17,940,28
29,1171300112,62,3897,1905,1992,106,14,959,0
29,1171300112,63,3944,1929,2015,62,15,978,0
29,1171300112,64,3991,1949,2042,66,19,998,0
29,1171300112,65,4063,1988,2075,94,22,1018,0
29,1171300112,66,4150,2033,2117,104,17,1040,0
29,1171300112,67,4233,2072,2161,96,13,1042,0
29,1171300112,68,4310,2110,2200,92,15,1076,0
29,1171300112,69,4419,2167,2252,126,17,1112,0
29,1171300112,70,4534,2234,2300,138,23,1095,17
29,1171300112,71,4653,2307,2346,136,17,1148,0
29,1171300112,72,4757,2352,2405,134,30,1151,0
29,1171300112,73,4860,2415,2445,127,24,1205,0
29,1171300112,74,4959,2467,2492,114,15,1235,0
29,1171300112,75,5069,2515,2554,126,16,1267,0
29,1171300112,76,5161,2563,2598,105,13,1239,28
29,1171300112,77,5259,2615,2644,121,23,1304,0
29,1171300112,78,5388,2691,2697,156,27,1320,0
29,1171300112,79,5499,2738,2761,145,34,1320,0
29,1171300112,80,5606,2796,2810,139,32,1336,0
29,1171300112,81,5716,2851,2865,148,38,1367,0
29,1171300112,82,5815,2890,2925,141,42,1411,0
29,1171300112,83,5929,2920,3009,152,38,1441,0
29,1171300112,84,6040,2972,3068,147,36,1423,18
29,1171300112,85,6151,3035,3116,143,32,1461,0
29,1171300112,86,6268,3085,3183,153,36,1517,0
29,1171300112,87,6424,3158,3266,197,41,1569,0
29,1171300112,88,6552,3204,3348,160,32,1608,0
29,1171300112,89,6701,3275,3426,190,41,1640,0
29,1171300112,90,6832,3345,3487,183,52,1674,0
29,1171300112,91,6954,3399,3555,178,56,1695,0
29,1171300112,92,7105,3476,3629,190,39,1711,0
29,1171300112,93,7233,3549,3684,165,37,1792,0
29,1171300112,94,7333,3609,3724,148,48,1819,0
29,1171300112,95,7450,3668,3782,158,41,1874,0
29,1171300112,96,7594,3747,3847,177,33,1876,0
29,1171300112,97,7709,3778,3931,159,44,1914,0
29,1171300112,98,7886,3862,4024,220,43,1974,0
29,1171300112,99,8018,3921,4097,182,50,1960,14
30,952224740,0,1003,502,501,17,14,218,0
30,952224740,1,1081,544,537,104,26,252,0
30,952224740,2,1155,583,572,87,13,257,0
30,952224740,3,1227,618,609,85,13,263,0
30,952224740,4,1268,634,634,61,20,248,15
30,952224740,5,1321,659,662,72,19,254,0
30,952224740,6,1354,671,683,56,23,235,19
30,952224740,7,1373,682,691,43,24,231,4
30,952224740,8,1377,680,697,24,20,235,0
30,952224740,9,1396,695,701,29,10,231,4
30,952224740,10,1403,699,704,18,11,236,0
30,952224740,11,1433,714,719,46,16,228,8
30,952224740,12,1446,719,727,23,10,235,0
30,952224740,13,1464,730,734,23,5,259,0
30,952224740,14,1477,734,743,20,7,283,0
30,952224740,15,1483,733,750,23,17,297,0
30,952224740,16,1519,754,765,48,12,335,0
30,952224740,17,1570,781,789,65,14,356,0
30,952224740,18,1636,811,825,76,10,372,0
30,952224740,19,1693,846,847,73,16,394,0
30,952224740,20,1755,875,880,83,21,403,0
30,952224740,21,1831,905,926,87,11,376,27
30,952224740,22,1869,928,941,52,14,405,0
30,952224740,23,1907,947,960,57,19,397,8
30,952224740,24,1963,977,986,62,6,435,0
30,952224740,25,2035,1008,1027,89,17,435,0
30,952224740,26,2079,1035,1044,64,20,451,0
30,952224740,27,2115,1054,1061,52,16,444,7
30,952224740,28,2157,1081,1076,56,14,458,0
30,952224740,29,2193,1097,1096,44,8,476,0
30,952224740,30,2239,1127,1112,58,12,506,0
30,952224740,31,2270,1143,1127,47,16,529,0
30,952224740,32,2318,1159,1159,60,12,565,0
30,952224740,33,2363,1188,1175,60,15,590,0
30,952224740,34,2407,1206,1201,61,17,611,0
30,952224740,35,2451,1222,1229,61,17,628,0
30,952224740,36,2523,1255,1268,91,19,631,0
30,952224740,37,2604,1294,1310,96,15,665,0
30,952224740,38,2684,1333,1351,90,10,695,0
30,952224740,39,2777,1383,1394,107,14,680,15
30,952224740,40,2850,1426,1424,88,15,707,0
30,952224740,41,2926,1466,1460,92,16,742,0
30,952224740,42,3012,1504,1508,105,19,725,17
30,952224740,43,3084,1540,1544,88,16,764,0
30,952224740,44,3135,1564,1571,66,15,774,0
30,952224740,45,3207,1603,1604,84,12,774,0
30,952224740,46,3261,1631,1630,70,16,812,0
30,952224740,47,3327,1664,1663,80,14,835,0
30,952224740,48,3384,1688,1696,75,18,819,16
30,952224740,49,3467,1737,1730,91,8,844,0
30,952224740,50,3521,1775,1746,72,18,871,0
30,952224740,51,3588,1802,1786,83,16,911,0
30,952224740,52,3667,1840,1827,96,17,944,0
30,952224740,53,3775,1901,1874,129,21,990,0
30,952224740,54,3890,1961,1929,135,20,1032,0
30,952224740,55,3999,2011,1988,130,21,1042,0
30,952224740,56,4094,2056,2038,110,15,1052,0
30,952224740,57,4177,2096,2081,98,15,1089,0
30,952224740,58,4294,2158,2136,128,11,1114,0
30,952224740,59,4432,2222,2210,151,13,1125,0
30,952224740,60,4519,2269,2250,110,23,1106,19
30,952224740,61,4603,2314,2289,108,24,1130,0
30,952224740,62,4690,2355,2335,97,10,1166,0
30,952224740,63,4628,2329,2299,126,188,1144,22
30,952224740,64,4703,2361,2342,92,17,1156,0
30,952224740,65,4791,2402,2389,103,15,1199,0
30,952224740,66,4894,2446,2448,121,18,1245,0
30,952224740,67,5005,2509,2496,126,15,1284,0
30,952224740,68,5112,2579,2533,118,11,1314,0
30,952224740,69,5217,2622,2595,117,12,1371,0
30,952224740,70,5319,2673,2646,123,21,1395,0
30,952224740,71,5420,2717,2703,123,22,1418,0
30,952224740,72,5543,2763,2780,150,27,1451,0
30,952224740,73,5690,2837,2853,160,13,1497,0
30,952224740,74,5819,2902,2917,150,21,1519,0
30,952224740,75,5989,2993,2996,190,20,1513,6
30,952224740,76,6123,3049,3074,155,21,1519,0
30,952224740,77,6215,3095,3120,114,22,1570,0
30,952224740,78,6296,3141,3155,105,24,1609,0
30,952224740,79,6372,3184,3188,116,40,1605,4
30,952224740,80,6468,3235,3233,137,41,1645,0
30,952224740,81,6598,3296,3302,164,34,1676,0
30,952224740,82,6712,3352,3360,158,44,1703,0
30,952224740,83,6811,3398,3413,135,36,1753,0
30,952224740,84,6912,3439,3473,142,41,1806,0
30,952224740,85,7055,3519,3536,187,44,1827,0
30,952224740,86,7182,3584,3598,167,40,1870,0
30,952224740,87,7315,3647,3668,172,39,1905,0
30,952224740,88,7450,3701,3749,189,54,1959,0
30,952224740,89,7607,3785,3822,202,45,1939,20
30,952224740,90,7747,3860,3887,179,39,1973,0
30,952224740,91,7873,3927,3946,163,37,1986,0
30,952224740,92,8039,4013,4026,208,42,2024,0
30,952224740,93,8241,4125,4116,241,39,2089,0
30,952224740,94,8392,4203,4189,191,40,2104,0
30,952224740,95,8507,4275,4232,170,55,2126,0
30,952224740,96,8661,4348,4313,203,49,2135,0
30,952224740,97,8811,4412,4399,208,58,2186,0
30,952224740,98,8933,4473,4460,182,60,2226,0
30,952224740,99,9068,4536,4532,187,52,2284,0
31,967354524,0,1005,506,499,18,13,223,0
31,967354524,1,1086,541,545,97,16,260,0
31,967354524,2,1147,574,573,78,17,253,7
31,967354524,3,1212,602,610,79,14,253,0
31,967354524,4,1252,633,619,55,15,243,10
31,967354524,5,1292,652,640,59,19,250,0
31,967354524,6,1320,670,650,43,15,254,0
31,967354524,7,1350,684,666,53,23,250,4
31,967354524,8,1383,700,683,46,13,252,0
31,967354524,9,1408,709,699,41,16,239,13
31,967354524,10,1421,721,700,32,19,236,3
31,967354524,11,1432,727,705,27,16,235,1
31,967354524,12,1440,732,708,21,13,222,13
31,967354524,13,1441,732,709,25,24,236,0
31,967354524,14,1438,728,710,17,20,254,0
31,967354524,15,1468,746,722,39,9,290,0
31,967354524,16,1489,752,737,37,16,325,0
31,967354524,17,1525,768,757,54,18,338,0
31,967354524,18,1549,780,769,46,22,364,0
31,967354524,19,1605,806,799,70,14,365,0
31,967354524,20,1661,827,834,72,16,375,0
31,967354524,21,1729,857,872,74,6,377,0
31,967354524,22,1784,878,906,74,19,393,0
31,967354524,23,1846,914,932,83,21,385,8
31,967354524,24,1892,935,957,63,17,418,0
31,967354524,25,1932,952,980,56,16,419,0
31,967354524,26,1980,977,1003,62,14,443,0
31,967354524,27,2025,1003,1022,50,5,451,0
31,967354524,28,2065,1023,1042,49,9,459,0
31,967354524,29,2113,1047,1066,60,12,442,17
31,967354524,30,2126,1051,1075,30,17,469,0
31,967354524,31,2148,1065,1083,41,19,490,0
31,967354524,32,2196,1085,1111,66,18,500,0
31,967354524,33,2221,1099,1122,46,21,538,0
31,967354524,34,2266,1123,1143,62,17,573,0
31,967354524,35,2325,1157,1168,73,14,585,0
31,967354524,36,2398,1194,1204,95,22,588,0
31,967354524,37,2481,1236,1245,95,12,609,0
31,967354524,38,2576,1286,1290,118,23,638,0
31,967354524,39,2644,1326,1318,78,10,672,0
31,967354524,40,2696,1350,1346,66,14,671,1
31,967354524,41,2761,1378,1383,77,12,678,0
31,967354524,42,2829,1417,1412,80,12,692,0
31,967354524,43,2893,1450,1443,77,13,677,15
31,967354524,44,2960,1484,1476,86,19,689,0
31,967354524,45,3035,1522,1513,85,10,731,0
31,967354524,46,3121,1566,1555,98,12,742,0
31,967354524,47,3177,1593,1584,74,18,779,0
31,967354524,48,3244,1634,1610,84,17,804,0
31,967354524,49,3332,1679,1653,108,20,835,0
31,967354524,50,3382,1704,1678,66,16,866,0
31,967354524,51,3470,1748,1722,96,8,888,0
31,967354524,52,3573,1793,1780,114,11,900,0
31,967354524,53,3668,1844,1824,109,14,932,0
31,967354524,54,3783,1901,1882,126,11,936,0
31,967354524,55,3891,1953,1938,123,15,948,0
31,967354524,56,3999,2007,1992,122,14,990,0
31,967354524,57,4089,2048,2041,109,19,1012,0
31,967354524,58,4195,2105,2090,123,17,1042,0
31,967354524,59,4288,2143,2145,110,17,1069,0
31,967354524,60,4355,2172,2183,84,17,1106,0
31,967354524,61,4447,2211,2236,109,17,1130,0
31,967354524,62,4537,2264,2273,107,17,1159,0
31,967354524,63,4636,2311,2325,110,11,1151,8
31,967354524,64,4739,2372,2367,120,17,1193,0
31,967354524,65,4845,2427,2418,118,12,1224,0
31,967354524,66,4935,2471,2464,107,17,1251,0
31,967354524,67,5043,2534,2509,121,13,1301,0
31,967354524,68,5143,2590,2553,116,16,1294,7
31,967354524,69,5293,2660,2633,170,20,1343,0
31,967354524,70,5427,2724,2703,155,21,1358,0
31,967354524,71,5551,2790,2761,148,24,1414,0
31,967354524,72,5669,2846,2823,138,20,1466,0
31,967354524,73,5803,2916,2887,155,21,1474,0
31,967354524,74,5953,2998,2955,173,23,1537,0
31,967354524,75,6087,3061,3026,158,24,1513,24
31,967354524,76,6192,3110,3082,130,25,1551,0
31,967354524,77,6333,3170,3163,171,30,1571,0
31,967354524,78,6435,3215,3220,134,32,1624,0
31,967354524,79,6571,3293,3278,172,36,1636,0
31,967354524,80,6676,3327,3349,141,36,1650,0
31,967354524,81,6790,3374,3416,149,35,1679,0
31,967354524,82,6955,3462,3493,205,40,1746,0
31,967354524,83,7067,3509,3558,152,40,1766,0
31,967354524,84,7169,3549,3620,144,42,1812,0
31,967354524,85,7306,3630,3676,178,41,1859,0
31,967354524,86,7442,3689,3753,168,32,1911,0
31,967354524,87,7594,3769,3825,198,46,1936,0
31,967354524,88,7775,3876,3899,224,43,1974,0
31,967354524,89,7892,3940,3952,181,64,2004,0
31,967354524,90,8040,4016,4024,216,68,2029,0
31,967354524,91,8133,4066,4067,150,57,2077,0
31,967354524,92,8273,4131,4142,190,50,2100,0
31,967354524,93,8408,4200,4208,191,56,2114,0
31,967354524,94,8584,4286,4298,246,70,2173,0
31,967354524,95,8747,4362,4385,229,66,2216,0
31,967354524,96,8888,4429,4459,198,57,2238,0
31,967354524,97,9044,4516,4528,218,62,2265,0
31,967354524,98,9218,4610,4608,230,56,2283,0
31,967354524,99,9373,4689,4684,188,33,2354,0
32,487991438,0,1000,496,504,20,20,228,0
32,487991438,1,1101,548,553,115,14,258,0
32,487991438,2,1179,579,600,94,16,269,0
32,487991438,3,1244,625,619,88,23,264,5
32,487991438,4,1283,647,636,57,18,257,7
32,487991438,5,1315,658,657,48,16,260,0
32,487991438,6,1335,670,665,46,26,237,23
32,487991438,7,1350,673,677,39,24,231,6
32,487991438,8,1368,680,688,44,26,224,7
32,487991438,9,1370,675,695,19,17,227,0
32,487991438,10,1394,690,704,43,19,232,0
32,487991438,11,1431,706,725,47,10,236,0
32,487991438,12,1442,710,732,21,10,234,2
32,487991438,13,1453,716,737,26,15,259,0
32,487991438,14,1469,723,746,27,11,279,0
32,487991438,15,1499,738,761,43,13,317,0
32,487991438,16,1521,753,768,39,17,338,0
32,487991438,17,1585,786,799,76,12,354,0
32,487991438,18,1644,817,827,78,19,380,0
32,487991438,19,1686,838,848,65,23,390,0
32,487991438,20,1734,868,866,68,20,391,0
32,487991438,21,1781,888,893,62,15,381,10
32,487991438,22,1840,917,923,72,13,394,0
32,487991438,23,1887,942,945,61,14,418,0
32,487991438,24,1953,968,985,79,13,420,0
32,487991438,25,1997,987,1010,63,19,414,6
32,487991438,26,2041,1010,1031,68,24,424,0
32,487991438,27,2075,1019,1056,52,18,430,0
32,487991438,28,2105,1037,1068,50,20,448,0
32,487991438,29,2145,1056,1089,62,22,478,0
32,487991438,30,2189,1084,1105,62,18,486,0
32,487991438,31,2225,1104,1121,46,10,522,0
32,487991438,32,2270,1129,1141,63,18,522,0
32,487991438,33,2325,1155,1170,67,12,550,0
32,487991438,34,2367,1170,1197,57,15,593,0
32,487991438,35,2425,1202,1223,73,15,592,1
32,487991438,36,2501,1240,1261,86,10,618,0
32,487991438,37,2564,1268,1296,79,16,645,0
32,487991438,38,2643,1307,1336,96,17,662,0
32,487991438,39,2723,1342,1381,87,7,689,0
32,487991438,40,2808,1375,1433,100,15,706,0
32,487991438,41,2910,1421,1489,114,12,714,0
32,487991438,42,2985,1459,1526,91,16,732,0
32,487991438,43,3059,1493,1566,93,19,743,0
32,487991438,44,3136,1540,1596,81,4,782,0
32,487991438,45,3216,1577,1639,84,4,793,0
32,487991438,46,3283,1608,1675,79,12,810,0
32,487991438,47,3351,1650,1701,84,16,816,0
32,487991438,48,3416,1685,1731,78,13,847,0
32,487991438,49,3516,1736,1780,114,14,874,0
32,487991438,50,3582,1769,1813,73,7,921,0
32,487991438,51,3661,1808,1853,88,9,943,0
32,487991438,52,3748,1854,1894,95,8,959,0
32,487991438,53,3845,1905,1940,103,6,973,0
32,487991438,54,3922,1939,1983,86,9,992,0
32,487991438,55,4029,1999,2030,119,12,1041,0
32,487991438,56,4171,2065,2106,152,10,1063,0
32,487991438,57,4281,2118,2163,124,14,1054,9
32,487991438,58,4398,2166,2232,128,11,1089,0
32,487991438,59,4512,2233,2279,129,15,1139,0
32,487991438,60,4620,2286,2334,127,19,1156,0
32,487991438,61,4742,2349,2393,131,9,1162,0
32,487991438,62,4840,2401,2439,121,23,1207,0
32,487991438,63,4990,2488,2502,164,14,1209,0
32,487991438,64,5099,2553,2546,120,11,1252,0
32,487991438,65,5205,2609,2596,116,10,1304,0
32,487991438,66,5317,2668,2649,125,13,1329,0
32,487991438,67,5443,2725,2718,142,16,1351,0
32,487991438,68,5550,2789,2761,120,13,1392,0
32,487991438,69,5648,2836,2812,116,18,1422,0
32,487991438,70,5761,2901,2860,133,20,1453,0
32,487991438,71,5861,2950,2911,121,21,1500,0
32,487991438,72,5984,3015,2969,141,18,1532,0
32,487991438,73,6106,3061,3045,132,10,1582,0
32,487991438,74,6255,3131,3124,169,20,1589,0
32,487991438,75,6395,3200,3195,159,19,1633,0
32,487991438,76,6545,3285,3260,171,21,1686,0
32,487991438,77,6713,3375,3338,185,17,1708,0
32,487991438,78,6900,3471,3429,205,18,1735,0
32,487991438,79,7068,3548,3520,187,19,1789,0
32,487991438,80,7220,3620,3600,179,27,1782,7
32,487991438,81,7411,3707,3704,214,23,1819,0
32,487991438,82,7554,3779,3775,161,18,1857,0
32,487991438,83,7701,3853,3848,167,20,1900,0
32,487991438,84,7838,3924,3914,151,14,1949,0
32,487991438,85,8013,4011,4002,203,28,1960,0
32,487991438,86,8150,4071,4079,151,14,2026,0
32,487991438,87,8298,4148,4150,166,18,2083,0
32,487991438,88,8454,4216,4238,182,26,2142,0
32,487991438,89,8584,4274,4310,166,36,2206,0
32,487991438,90,8775,4368,4407,219,28,2273,0
32,487991438,91,8939,4459,4480,198,34,2315,0
32,487991438,92,9117,4528,4589,214,36,2313,2
32,487991438,93,9299,4609,4690,218,36,2352,0
32,487991438,94,9444,4678,4766,192,47,2357,0
32,487991438,95,9626,4764,4862,248,66,2439,0
32,487991438,96,9791,4845,4946,222,57,2493,0
32,487991438,97,9999,4944,5055,272,64,2541,0
32,487991438,98,10167,5016,5151,234,66,2588,0
32,487991438,99,10372,5121,5251,253,48,2606,0
33,197860368,0,991,499,492,12,21,222,0
33,197860368,1,1045,520,525,101,47,254,0
33,197860368,2,1122,558,564,96,19,270,0
33,197860368,3,1210,608,602,107,19,250,20
33,197860368,4,1247,628,619,53,16,248,2
33,197860368,5,1293,646,647,61,15,243,5
33,197860368,6,1325,659,666,52,20,231,12
33,197860368,7,1352,673,679,49,22,226,5
33,197860368,8,1360,680,680,25,17,222,4
33,197860368,9,1371,686,685,25,14,210,12
33,197860368,10,1396,698,698,37,12,220,0
33,197860368,11,1391,685,706,16,21,220,0
33,197860368,12,1402,687,715,25,14,232,0
33,197860368,13,1402,693,709,18,18,244,0
33,197860368,14,1416,699,717,25,11,272,0
33,197860368,15,1441,713,728,39,14,307,0
33,197860368,16,1468,720,748,52,25,325,0
33,197860368,17,1494,736,758,44,18,346,0
33,197860368,18,1538,760,778,60,16,360,0
33,197860368,19,1596,788,808,77,19,365,0
33,197860368,20,1653,824,829,70,13,375,0
33,197860368,21,1718,854,864,77,12,373,2
33,197860368,22,1719,861,858,99,98,366,7
33,197860368,23,1765,886,879,60,14,387,0
33,197860368,24,1803,904,899,52,14,402,0
33,197860368,25,1860,939,921,69,12,402,0
33,197860368,26,1930,982,948,83,13,403,0
33,197860368,27,1990,1011,979,75,15,410,0
33,197860368,28,2000,1018,982,29,19,438,0
33,197860368,29,2024,1027,997,38,14,455,0
33,197860368,30,2067,1040,1027,55,12,456,0
33,197860368,31,2099,1053,1046,47,15,475,0
33,197860368,32,2136,1067,1069,49,12,520,0
33,197860368,33,2189,1089,1100,66,13,528,0
33,197860368,34,2255,1128,1127,77,11,575,0
33,197860368,35,2353,1184,1169,109,11,559,16
33,197860368,36,2409,1216,1193,71,15,598,0
33,197860368,37,2471,1248,1223,72,10,608,0
33,197860368,38,2527,1271,1256,67,11,624,0
33,197860368,39,2565,1299,1266,51,13,637,0
33,197860368,40,2654,1344,1310,101,12,649,0
33,197860368,41,2746,1392,1354,100,8,660,0
33,197860368,42,2793,1413,1380,65,18,692,0
33,197860368,43,2872,1447,1425,94,15,713,0
33,197860368,44,2929,1472,1457,64,7,730,0
33,197860368,45,2990,1502,1488,69,8,756,0
33,197860368,46,3056,1535,1521,75,9,766,0
33,197860368,47,3132,1571,1561,83,7,773,0
33,197860368,48,3186,1594,1592,61,7,794,0
33,197860368,49,3281,1643,1638,104,9,834,0
33,197860368,50,3356,1682,1674,87,12,864,0
33,197860368,51,3436,1726,1710,85,5,877,0
33,197860368,52,3520,1762,1758,87,3,896,0
33,197860368,53,3594,1790,1804,84,10,921,0
33,197860368,54,3685,1832,1853,101,10,931,0
33,197860368,55,3795,1890,1905,115,5,972,0
33,197860368,56,3879,1944,1935,91,7,1016,0
33,197860368,57,3970,1988,1982,94,3,1040,0
33,197860368,58,4073,2051,2022,113,10,1049,0
33,197860368,59,4165,2107,2058,104,12,1080,0
33,197860368,60,4247,2145,2102,102,20,1080,0
33,197860368,61,4325,2189,2136,91,13,1106,0
33,197860368,62,4436,2245,2191,127,16,1131,0
33,197860368,63,4531,2295,2236,106,11,1160,0
33,197860368,64,4633,2354,2279,117,15,1179,0
33,197860368,65,4720,2399,2321,102,15,1176,3
33,197860368,66,4818,2451,2367,110,12,1228,0
33,197860368,67,4928,2497,2431,125,15,1251,0
33,197860368,68,5032,2543,2489,119,15,1265,0
33,197860368,69,5132,2592,2540,112,12,1293,0
33,197860368,70,5256,2648,2608,135,11,1321,0
33,197860368,71,5369,2703,2666,125,12,1357,0
33,197860368,72,5491,2767,2724,135,13,1368,0
33,197860368,73,5625,2836,2789,150,16,1409,0
33,197860368,74,5750,2897,2853,142,17,1423,0
33,197860368,75,5854,2934,2920,122,18,1469,0
33,197860368,76,5976,2987,2989,137,15,1503,0
33,197860368,77,6093,3039,3054,139,22,1538,0
33,197860368,78,6244,3110,3134,170,19,1559,0
33,197860368,79,6345,3152,3193,123,22,1603,0
33,197860368,80,6457,3189,3268,137,25,1617,0
33,197860368,81,6571,3245,3326,141,27,1671,0
33,197860368,82,6723,3322,3401,171,19,1664,7
33,197860368,83,6857,3393,3464,159,25,1708,0
33,197860368,84,7016,3471,3545,182,23,1758,0
33,197860368,85,7138,3531,3607,155,33,1797,0
33,197860368,86,7255,3585,3670,144,27,1833,0
33,197860368,87,7378,3649,3729,153,30,1841,0
33,197860368,88,7537,3729,3808,189,30,1894,0
33,197860368,89,7679,3789,3890,171,29,1934,0
33,197860368,90,7846,3870,3976,191,24,1908,26
33,197860368,91,8003,3945,4058,189,32,1969,0
33,197860368,92,8157,4022,4135,183,29,1997,0
33,197860368,93,8314,4094,4220,193,36,2060,0
33,197860368,94,8447,4162,4285,161,28,2057,3
33,197860368,95,8598,4241,4357,192,41,2119,0
33,197860368,96,8773,4322,4451,216,41,2156,0
33,197860368,97,8973,4407,4566,234,34,2197,0
33,197860368,98,9132,4493,4639,196,37,2240,0
33,197860368,99,9316,4576,4740,232,48,2310,0
34,1190961760,0,1004,502,502,26,22,225,0
34,1190961760,1,1070,534,536,84,18,252,0
34,1190961760,2,1147,565,582,103,26,266,0
34,1190961760,3,1203,593,610,84,28,266,0
34,1190961760,4,1241,623,618,74,36,232,34
34,1190961760,5,1288,648,640,61,14,223,9
34,1190961760,6,1313,660,653,31,6,237,0
34,1190961760,7,1360,684,676,52,5,245,0
34,1190961760,8,1371,689,682,19,8,247,0
34,1190961760,9,1361,678,683,15,25,224,23
34,1190961760,10,1357,677,680,19,23,231,0
34,1190961760,11,1369,682,687,24,12,232,0
34,1190961760,12,1369,685,684,16,16,221,11
34,1190961760,13,1387,692,695,33,15,244,0
34,1190961760,14,1404,708,696,30,13,287,0
34,1190961760,15,1389,706,683,37,52,290,0
34,1190961760,16,1450,730,720,72,11,328,0
34,1190961760,17,1490,752,738,58,18,343,0
34,1190961760,18,1544,780,764,63,9,359,0
34,1190961760,19,1607,811,796,76,13,353,6
34,1190961760,20,1647,832,815,53,13,370,0
34,1190961760,21,1700,862,838,61,8,366,4
34,1190961760,22,1736,874,862,51,15,367,0
34,1190961760,23,1786,900,886,56,6,380,0
34,1190961760,24,1839,928,911,70,17,383,0
34,1190961760,25,1872,942,930,48,15,398,0
34,1190961760,26,1900,957,943,47,19,384,14
34,1190961760,27,1906,963,943,32,26,399,0
34,1190961760,28,1914,963,951,32,24,417,0
34,1190961760,29,1955,981,974,51,10,439,0
34,1190961760,30,1940,976,964,53,68,447,0
34,1190961760,31,1973,992,981,43,10,471,0
34,1190961760,32,2025,1014,1011,62,10,498,0
34,1190961760,33,2079,1045,1034,66,12,507,0
34,1190961760,34,2139,1070,1069,71,11,528,0
34,1190961760,35,2204,1105,1099,75,10,555,0
34,1190961760,36,2250,1125,1125,55,9,563,0
34,1190961760,37,2300,1152,1148,60,10,571,0
34,1190961760,38,2364,1181,1183,69,5,593,0
34,1190961760,39,2417,1207,1210,66,13,609,0
34,1190961760,40,2498,1244,1254,92,11,599,10
34,1190961760,41,2546,1265,1281,71,23,623,0
34,1190961760,42,2578,1280,1298,52,20,635,0
34,1190961760,43,2622,1307,1315,67,23,637,0
34,1190961760,44,2654,1317,1337,56,24,638,0
34,1190961760,45,2719,1354,1365,78,13,668,0
34,1190961760,46,2743,1366,1377,41,17,697,0
34,1190961760,47,2825,1416,1409,97,15,727,0
34,1190961760,48,2884,1446,1438,67,8,750,0
34,1190961760,49,2950,1474,1476,80,14,750,0
34,1190961760,50,3034,1519,1515,91,7,773,0
34,1190961760,51,3098,1552,1546,81,17,804,0
34,1190961760,52,3159,1582,1577,77,16,834,0
34,1190961760,53,3220,1614,1606,77,16,838,0
34,1190961760,54,3322,1669,1653,113,11,863,0
34,1190961760,55,3392,1703,1689,81,11,874,0
34,1190961760,56,3495,1769,1726,116,13,891,0
34,1190961760,57,3584,1809,1775,101,12,900,0
34,1190961760,58,3669,1849,1820,102,17,918,0
34,1190961760,59,3754,1893,1861,97,12,967,0
34,1190961760,60,3829,1929,1900,93,18,933,34
34,1190961760,61,3908,1968,1940,100,21,983,0
34,1190961760,62,3978,1998,1980,87,17,1011,0
34,1190961760,63,4078,2034,2044,111,11,1026,0
34,1190961760,64,4136,2062,2074,77,19,1022,4
34,1190961760,65,4224,2106,2118,99,11,1020,2
34,1190961760,66,4301,2143,2158,91,14,1086,0
34,1190961760,67,4418,2202,2216,136,19,1096,0
34,1190961760,68,4520,2242,2278,124,22,1139,0
34,1190961760,69,4622,2294,2328,108,6,1168,0
34,1190961760,70,4713,2348,2365,109,18,1186,0
34,1190961760,71,4823,2401,2422,131,21,1199,0
34,1190961760,72,4675,2326,2349,121,269,1158,41
34,1190961760,73,4781,2388,2393,122,16,1242,0
34,1190961760,74,4734,2361,2373,128,175,1198,44
34,1190961760,75,4851,2430,2421,128,11,1253,0
34,1190961760,76,4940,2476,2464,106,17,1264,0
34,1190961760,77,5049,2527,2522,124,15,1288,0
34,1190961760,78,5161,2583,2578,132,20,1308,0
34,1190961760,79,5232,2621,2611,107,36,1361,0
34,1190961760,80,5340,2675,2665,131,23,1373,0
34,1190961760,81,5456,2739,2717,145,29,1397,0
34,1190961760,82,5610,2819,2791,182,28,1419,0
34,1190961760,83,5696,2864,2832,121,35,1445,0
34,1190961760,84,5793,2904,2889,133,36,1473,0
34,1190961760,85,5920,2975,2945,154,27,1467,6
34,1190961760,86,6018,3026,2992,142,44,1493,0
34,1190961760,87,6142,3096,3046,156,32,1532,0
34,1190961760,88,6284,3164,3120,168,26,1575,0
34,1190961760,89,6380,3220,3160,134,38,1606,0
34,1190961760,90,6513,3277,3236,163,30,1643,0
34,1190961760,91,6665,3348,3317,192,40,1658,0
34,1190961760,92,6753,3390,3363,130,42,1691,0
34,1190961760,93,6861,3441,3420,149,41,1705,0
34,1190961760,94,6986,3497,3489,166,41,1730,0
34,1190961760,95,7109,3555,3554,161,38,1779,0
34,1190961760,96,7245,3614,3631,174,38,1782,0
34,1190961760,97,7396,3685,3711,197,46,1839,0
34,1190961760,98,7520,3757,3763,164,40,1863,0
34,1190961760,99,7635,3809,3826,175,60,1895,0
35,1906728918,0,994,502,492,9,15,224,0
35,1906728918,1,1078,530,548,102,18,266,0
35,1906728918,2,1175,579,596,107,10,262,4
35,1906728918,3,1239,611,628,82,18,263,0
35,1906728918,4,1272,631,641,61,28,260,3
35,1906728918,5,1307,654,653,51,16,256,4
35,1906728918,6,1341,670,671,48,14,254,2
35,1906728918,7,1366,682,684,45,20,252,2
35,1906728918,8,1397,696,701,48,17,237,15
35,1906728918,9,1425,709,716,44,16,242,0
35,1906728918,10,1430,708,722,19,14,243,0
35,1906728918,11,1437,712,725,22,15,229,14
35,1906728918,12,1441,718,723,14,10,246,0
35,1906728918,13,1443,718,725,33,31,250,0
35,1906728918,14,1442,721,721,20,21,287,0
35,1906728918,15,1449,718,731,34,27,303,0
35,1906728918,16,1484,730,754,57,22,337,0
35,1906728918,17,1532,754,778,62,14,349,0
35,1906728918,18,1596,784,812,79,15,374,0
35,1906728918,19,1648,814,834,64,12,388,0
35,1906728918,20,1732,865,867,94,10,381,7
35,1906728918,21,1816,905,911,92,8,396,0
35,1906728918,22,1852,918,934,51,15,400,0
35,1906728918,23,1936,954,982,98,14,403,0
35,1906728918,24,1988,979,1009,67,15,407,0
35,1906728918,25,2041,1005,1036,67,14,415,0
35,1906728918,26,2101,1034,1067,69,9,423,0
35,1906728918,27,2134,1054,1080,49,16,444,0
35,1906728918,28,2174,1077,1097,48,8,460,0
35,1906728918,29,2210,1091,1119,50,14,473,0
35,1906728918,30,2237,1106,1131,39,12,512,0
35,1906728918,31,2284,1136,1148,64,17,535,0
35,1906728918,32,2324,1150,1174,59,19,534,1
35,1906728918,33,2373,1183,1190,64,15,590,0
35,1906728918,34,2448,1212,1236,77,2,626,0
35,1906728918,35,2514,1243,1271,71,5,625,1
35,1906728918,36,2593,1280,1313,86,7,663,0
35,1906728918,37,2667,1315,1352,92,18,669,0
35,1906728918,38,2741,1347,1394,92,18,680,0
35,1906728918,39,2838,1395,1443,108,11,682,0
35,1906728918,40,2951,1452,1499,130,17,689,0
35,1906728918,41,3028,1484,1544,99,22,717,0
35,1906728918,42,3102,1520,1582,92,18,751,0
35,1906728918,43,3196,1564,1632,101,7,767,0
35,1906728918,44,3288,1610,1678,100,8,780,0
35,1906728918,45,3355,1640,1715,77,10,835,0
35,1906728918,46,3438,1695,1743,91,8,834,1
35,1906728918,47,3502,1722,1780,78,14,846,0
35,1906728918,48,3579,1760,1819,94,17,878,0
35,1906728918,49,3629,1783,1846,61,11,900,0
35,1906728918,50,3697,1816,1881,76,8,920,0
35,1906728918,51,3788,1866,1922,102,11,961,0
35,1906728918,52,3882,1911,1971,111,17,1001,0
35,1906728918,53,3986,1965,2021,123,19,1021,0
35,1906728918,54,4076,2007,2069,107,17,1059,0
35,1906728918,55,4177,2062,2115,115,14,1078,0
35,1906728918,56,4313,2133,2180,153,17,1088,0
35,1906728918,57,4223,2092,2131,111,201,1052,36
35,1906728918,58,4336,2155,2181,132,19,1103,0
35,1906728918,59,4436,2208,2228,116,16,1133,0
35,1906728918,60,4528,2246,2282,115,23,1187,0
35,1906728918,61,4643,2309,2334,133,18,1194,0
35,1906728918,62,4745,2356,2389,121,19,1199,0
35,1906728918,63,4877,2420,2457,150,18,1234,0
35,1906728918,64,4976,2471,2505,114,15,1221,13
35,1906728918,65,5082,2529,2553,117,11,1266,0
35,1906728918,66,5200,2594,2606,141,23,1275,0
35,1906728918,67,5317,2656,2661,134,17,1344,0
35,1906728918,68,5452,2739,2713,152,17,1348,0
35,1906728918,69,5588,2803,2785,157,21,1383,0
35,1906728918,70,5711,2878,2833,128,5,1392,0
35,1906728918,71,5814,2934,2880,110,7,1446,0
35,1906728918,72,5954,3006,2948,151,11,1524,0
35,1906728918,73,6086,3079,3007,142,10,1528,0
35,1906728918,74,6220,3146,3074,149,15,1589,0
35,1906728918,75,6370,3225,3145,165,15,1613,0
35,1906728918,76,6512,3289,3223,156,14,1669,0
35,1906728918,77,6623,3350,3273,127,16,1773,0
35,1906728918,78,6795,3446,3349,185,13,1763,10
35,1906728918,79,6964,3530,3434,185,16,1806,0
35,1906728918,80,7129,3620,3509,186,21,1800,6
35,1906728918,81,7057,3592,3465,187,259,1724,76
35,1906728918,82,7225,3673,3552,185,17,1798,0
35,1906728918,83,7365,3746,3619,160,20,1793,5
35,1906728918,84,7485,3804,3681,144,24,1841,0
35,1906728918,85,7582,3853,3729,141,44,1860,0
35,1906728918,86,7723,3921,3802,163,22,1893,0
35,1906728918,87,7864,3993,3871,169,28,1940,0
35,1906728918,88,7983,4058,3925,148,29,1993,0
35,1906728918,89,8135,4125,4010,180,28,2014,0
35,1906728918,90,8257,4188,4069,150,28,2045,0
35,1906728918,91,8424,4284,4140,197,30,2079,0
35,1906728918,92,8611,4375,4236,213,26,2151,0
35,1906728918,93,8764,4456,4308,182,29,2251,0
35,1906728918,94,8902,4529,4373,177,39,2301,0
35,1906728918,95,9088,4617,4471,226,40,2350,0
35,1906728918,96,9276,4721,4555,220,32,2372,0
35,1906728918,97,9482,4815,4667,234,28,2387,0
35,1906728918,98,9682,4916,4766,242,42,2446,0
35,1906728918,99,9874,5010,4864,243,51,2416,30
36,137046513,0,1008,502,506,28,20,225,0
36,137046513,1,1117,547,570,131,22,253,0
36,137046513,2,1202,589,613,102,17,255,0
36,137046513,3,1273,622,651,95,24,263,0
36,137046513,4,1306,640,666,56,23,247,16
36,137046513,5,1354,660,694,62,14,241,6
36,137046513,6,1390,684,706,56,20,253,0
36,137046513,7,1398,688,710,26,18,245,8
36,137046513,8,1422,702,720,39,15,235,10
36,137046513,9,1441,713,728,30,11,230,5
36,137046513,10,1447,704,743,35,29,218,12
36,137046513,11,1467,715,752,37,17,213,5
36,137046513,12,1476,715,761,27,18,214,0
36,137046513,13,1477,720,757,15,14,242,0
36,137046513,14,1470,712,758,14,21,281,0
36,137046513,15,1500,721,779,41,11,318,0
36,137046513,16,1534,733,801,51,17,342,0
36,137046513,17,1590,758,832,69,13,367,0
36,137046513,18,1675,797,878,92,7,388,0
36,137046513,19,1748,828,920,87,14,406,0
36,137046513,20,1827,868,959,97,18,409,0
36,137046513,21,1893,904,989,82,16,398,11
36,137046513,22,1942,931,1011,64,15,420,0
36,137046513,23,1980,948,1032,60,22,427,0
36,137046513,24,2030,964,1066,66,16,438,0
36,137046513,25,2071,990,1081,61,20,426,12
36,137046513,26,2099,1007,1092,44,16,431,0
36,137046513,27,2138,1030,1108,55,16,464,0
36,137046513,28,2188,1057,1131,65,15,463,1
36,137046513,29,2226,1078,1148,48,10,479,0
36,137046513,30,2262,1098,1164,53,17,505,0
36,137046513,31,2318,1122,1196,71,15,537,0
36,137046513,32,2365,1145,1220,62,15,557,0
36,137046513,33,2432,1174,1258,80,13,582,0
36,137046513,34,2509,1207,1302,93,16,619,0
36,137046513,35,2588,1243,1345,94,15,631,0
36,137046513,36,2592,1242,1350,103,99,595,36
36,137046513,37,2673,1286,1387,98,17,631,0
36,137046513,38,2751,1327,1424,89,11,656,0
36,137046513,39,2836,1370,1466,101,16,671,0
36,137046513,40,2907,1413,1494,88,17,707,0
36,137046513,41,2974,1441,1533,87,20,703,4
36,137046513,42,3034,1471,1563,84,24,721,0
36,137046513,43,3095,1499,1596,67,6,725,0
36,137046513,44,3188,1545,1643,96,3,733,0
36,137046513,45,3252,1573,1679,74,10,782,0
36,137046513,46,3336,1618,1718,98,14,808,0
36,137046513,47,3424,1661,1763,106,18,837,0
36,137046513,48,3502,1693,1809,88,10,843,0
36,137046513,49,3584,1742,1842,96,14,868,0
36,137046513,50,3666,1782,1884,97,15,911,0
36,137046513,51,3749,1832,1917,103,20,914,0
36,137046513,52,3849,1879,1970,115,15,974,0
36,137046513,53,3938,1926,2012,109,20,1025,0
36,137046513,54,4057,1983,2074,134,15,1030,0
36,137046513,55,4134,2019,2115,94,17,1049,0
36,137046513,56,4223,2050,2173,106,17,1065,0
36,137046513,57,4306,2090,2216,99,16,1090,0
36,137046513,58,4401,2138,2263,109,14,1112,0
36,137046513,59,4497,2197,2300,115,19,1153,0
36,137046513,60,4603,2263,2340,129,23,1147,6
36,137046513,61,4699,2316,2383,115,19,1187,0
36,137046513,62,4817,2375,2442,139,21,1197,0
36,137046513,63,4940,2435,2505,144,21,1215,0
36,137046513,64,4829,2391,2438,93,204,1210,5
36,137046513,65,4933,2445,2488,124,20,1293,0
36,137046513,66,5064,2510,2554,141,10,1329,0
36,137046513,67,5160,2557,2603,112,16,1375,0
36,137046513,68,5267,2611,2656,136,29,1373,2
36,137046513,69,5384,2677,2707,139,22,1364,9
36,137046513,70,5482,2729,2753,122,24,1400,0
36,137046513,71,5601,2792,2809,138,19,1452,0
36,137046513,72,5737,2868,2869,160,24,1467,0
36,137046513,73,5854,2916,2938,125,8,1438,29
36,137046513,74,6018,3002,3016,169,5,1520,0
36,137046513,75,6168,3082,3086,163,13,1553,0
36,137046513,76,6288,3146,3142,141,21,1562,0
36,137046513,77,6424,3205,3219,153,17,1624,0
36,137046513,78,6570,3271,3299,171,25,1705,0
36,137046513,79,6677,3317,3360,141,34,1721,0
36,137046513,80,6799,3371,3428,153,31,1736,0
36,137046513,81,6901,3422,3479,149,47,1767,0
36,137046513,82,7013,3488,3525,155,43,1759,8
36,137046513,83,7147,3555,3592,170,36,1822,0
36,137046513,84,7289,3631,3658,176,34,1854,0
36,137046513,85,7438,3699,3739,176,27,1907,0
36,137046513,86,7556,3761,3795,163,45,1936,0
36,137046513,87,7691,3824,3867,177,42,1981,0
36,137046513,88,7805,3884,3921,161,47,1973,8
36,137046513,89,7945,3968,3977,188,48,2034,0
36,137046513,90,8112,4056,4056,200,33,2036,0
36,137046513,91,8271,4135,4136,203,44,2085,0
36,137046513,92,8414,4208,4206,189,46,2121,0
36,137046513,93,8594,4295,4299,212,32,2151,0
36,137046513,94,8791,4409,4382,237,40,2206,0
36,137046513,95,8925,4476,4449,178,44,2209,0
36,137046513,96,9082,4546,4536,208,51,2224,0
36,137046513,97,9239,4620,4619,238,81,2323,0
36,137046513,98,9423,4710,4713,232,48,2366,0
36,137046513,99,9570,4774,4796,207,60,2405,0
37,1843166518,0,990,496,494,7,17,217,0
37,1843166518,1,1074,535,539,103,19,248,0
37,1843166518,2,1171,591,580,111,14,239,9
37,1843166518,3,1218,620,598,64,17,262,0
37,1843166518,4,1263,644,619,64,19,261,1
37,1843166518,5,1316,680,636,69,16,251,10
37,1843166518,6,1343,700,643,50,23,227,24
37,1843166518,7,1384,720,664,57,16,221,6
37,1843166518,8,1387,716,671,21,18,227,0
37,1843166518,9,1405,720,685,27,9,229,0
37,1843166518,10,1428,729,699,32,9,230,0
37,1843166518,11,1425,726,699,11,14,238,0
37,1843166518,12,1432,728,704,25,18,230,8
37,1843166518,13,1424,721,703,11,19,254,0
37,1843166518,14,1422,723,699,16,18,279,0
37,1843166518,15,1440,736,704,30,12,328,0
37,1843166518,16,1485,760,725,60,15,343,0
37,1843166518,17,1525,788,737,57,17,351,0
37,1843166518,18,1591,822,769,78,12,381,0
37,1843166518,19,1636,850,786,67,22,373,8
37,1843166518,20,1711,889,822,88,13,357,16
37,1843166518,21,1755,905,850,59,15,376,0
37,1843166518,22,1813,938,875,69,11,396,0
37,1843166518,23,1855,949,906,53,11,403,0
37,1843166518,24,1907,982,925,65,13,395,8
37,1843166518,25,1944,1011,933,56,19,414,0
37,1843166518,26,1975,1029,946,48,17,413,1
37,1843166518,27,2025,1053,972,61,11,439,0
37,1843166518,28,2046,1064,982,36,15,408,31
37,1843166518,29,2074,1072,1002,45,17,426,0
37,1843166518,30,2115,1093,1022,56,15,457,0
37,1843166518,31,2139,1105,1034,33,9,469,0
37,1843166518,32,2167,1120,1047,44,16,478,0
37,1843166518,33,2204,1138,1066,52,15,513,0
37,1843166518,34,2266,1175,1091,68,6,549,0
37,1843166518,35,2312,1195,1117,59,13,565,0
37,1843166518,36,2362,1223,1139,60,10,578,0
37,1843166518,37,2419,1246,1173,79,22,595,0
37,1843166518,38,2464,1271,1193,72,27,616,0
37,1843166518,39,2519,1307,1212,76,21,624,0
37,1843166518,40,2579,1348,1231,76,16,641,0
37,1843166518,41,2623,1373,1250,64,20,651,0
37,1843166518,42,2705,1416,1289,95,13,667,0
37,1843166518,43,2768,1441,1327,79,16,691,0
37,1843166518,44,2831,1472,1359,75,12,694,0
37,1843166518,45,2880,1497,1383,69,20,714,0
37,1843166518,46,2942,1525,1417,83,21,716,0
37,1843166518,47,2989,1547,1442,60,13,683,33
37,1843166518,48,3060,1588,1472,82,11,714,0
37,1843166518,49,3101,1610,1491,57,16,756,0
37,1843166518,50,3145,1629,1516,63,19,782,0
37,1843166518,51,3219,1669,1550,89,15,824,0
37,1843166518,52,3288,1714,1574,84,15,830,0
37,1843166518,53,3364,1758,1606,88,12,825,5
37,1843166518,54,3423,1786,1637,78,19,865,0
37,1843166518,55,3523,1830,1693,117,17,881,0
37,1843166518,56,3606,1866,1740,98,15,931,0
37,1843166518,57,3685,1904,1781,95,16,901,30
37,1843166518,58,3762,1940,1822,99,22,928,0
37,1843166518,59,3823,1967,1856,79,18,975,0
37,1843166518,60,3912,2008,1904,110,21,961,14
37,1843166518,61,4002,2056,1946,107,17,997,0
37,1843166518,62,4097,2121,1976,109,14,1015,0
37,1843166518,63,4181,2163,2018,100,16,1023,0
37,1843166518,64,4263,2196,2067,97,15,1038,0
37,1843166518,65,4329,2226,2103,85,19,1040,0
37,1843166518,66,4407,2270,2137,95,17,1089,0
37,1843166518,67,4490,2312,2178,108,25,1121,0
37,1843166518,68,4579,2359,2220,123,34,1111,10
37,1843166518,69,4676,2410,2266,119,22,1151,0
37,1843166518,70,4756,2449,2307,113,33,1182,0
37,1843166518,71,4872,2514,2358,131,15,1217,0
37,1843166518,72,4972,2559,2413,116,16,1253,0
37,1843166518,73,5063,2604,2459,108,17,1276,0
37,1843166518,74,5151,2648,2503,107,19,1295,0
37,1843166518,75,5246,2700,2546,118,23,1299,0
37,1843166518,76,5344,2745,2599,122,24,1349,0
37,1843166518,77,5456,2795,2661,132,20,1346,3
37,1843166518,78,5558,2846,2712,124,22,1375,0
37,1843166518,79,5667,2886,2781,145,36,1414,0
37,1843166518,80,5786,2942,2844,151,32,1426,0
37,1843166518,81,5848,2972,2876,98,36,1476,0
37,1843166518,82,5946,3029,2917,137,39,1499,0
37,1843166518,83,6061,3086,2975,152,37,1537,0
37,1843166518,84,6180,3147,3033,161,42,1565,0
37,1843166518,85,6286,3204,3082,146,40,1557,8
37,1843166518,86,6399,3262,3137,154,41,1597,0
37,1843166518,87,6517,3319,3198,156,38,1619,0
37,1843166518,88,6638,3381,3257,165,44,1619,0
37,1843166518,89,6780,3458,3322,191,49,1670,0
37,1843166518,90,6884,3517,3367,159,55,1693,0
37,1843166518,91,6981,3571,3410,153,56,1704,0
37,1843166518,92,7129,3633,3496,185,37,1745,0
37,1843166518,93,7252,3693,3559,150,27,1800,0
37,1843166518,94,7423,3775,3648,207,36,1826,0
37,1843166518,95,7532,3822,3710,158,49,1869,0
37,1843166518,96,7667,3887,3780,181,46,1868,1
37,1843166518,97,7823,3975,3848,202,46,1916,0
37,1843166518,98,7990,4073,3917,198,31,1958,0
37,1843166518,99,8110,4140,3970,174,54,1977,0
38,1777324407,0,1003,503,500,18,15,226,0
38,1777324407,1,1091,554,537,106,18,265,0
38,1777324407,2,1156,580,576,90,25,257,8
38,1777324407,3,1217,601,616,79,18,269,0
38,1777324407,4,1254,620,634,62,25,254,15
38,1777324407,5,1309,640,669,68,13,230,24
38,1777324407,6,1325,644,681,35,19,238,0
38,1777324407,7,1343,654,689,32,14,238,0
38,1777324407,8,1350,662,688,22,15,242,0
38,1777324407,9,1370,669,701,34,14,238,4
38,1777324407,10,1381,673,708,26,15,234,4
38,1777324407,11,1396,686,710,25,10,222,12
38,1777324407,12,1407,687,720,30,19,219,3
38,1777324407,13,1427,697,730,29,9,244,0
38,1777324407,14,1438,701,737,26,15,282,0
38,1777324407,15,1444,706,738,25,19,313,0
38,1777324407,16,1460,714,746,31,15,330,0
38,1777324407,17,1488,727,761,52,24,362,0
38,1777324407,18,1544,751,793,65,9,360,2
38,1777324407,19,1604,786,818,75,15,347,13
38,1777324407,20,1639,804,835,57,22,345,2
38,1777324407,21,1695,830,865,76,20,360,0
38,1777324407,22,1724,840,884,57,28,385,0
38,1777324407,23,1795,876,919,88,17,396,0
38,1777324407,24,1822,888,934,51,24,398,0
38,1777324407,25,1872,916,956,69,19,395,3
38,1777324407,26,1921,931,990,63,14,430,0
38,1777324407,27,1950,949,1001,53,24,421,9
38,1777324407,28,1995,971,1024,62,17,419,2
38,1777324407,29,2047,991,1056,59,7,444,0
38,1777324407,30,2070,1003,1067,40,17,463,0
38,1777324407,31,2102,1025,1077,50,18,475,0
38,1777324407,32,2118,1033,1085,35,19,500,0
38,1777324407,33,2163,1058,1105,55,10,538,0
38,1777324407,34,2236,1093,1143,78,5,549,0
38,1777324407,35,2287,1115,1172,62,11,553,0
38,1777324407,36,2369,1155,1214,92,10,593,0
38,1777324407,37,2415,1172,1243,69,23,591,2
38,1777324407,38,2478,1190,1288,91,28,604,0
38,1777324407,39,2541,1220,1321,70,7,612,0
38,1777324407,40,2617,1248,1369,87,11,649,0
38,1777324407,41,2686,1271,1415,80,11,664,0
38,1777324407,42,2770,1318,1452,91,7,683,0
38,1777324407,43,2847,1350,1497,84,7,689,0
38,1777324407,44,2906,1383,1523,67,8,707,0
38,1777324407,45,2986,1419,1567,85,5,722,0
38,1777324407,46,3064,1452,1612,85,7,730,0
38,1777324407,47,3144,1487,1657,89,9,743,0
38,1777324407,48,3206,1516,1690,72,10,785,0
38,1777324407,49,3276,1549,1727,85,15,827,0
38,1777324407,50,3352,1600,1752,89,13,831,0
38,1777324407,51,3409,1633,1776,66,9,855,0
38,1777324407,52,3388,1632,1756,106,127,827,28
38,1777324407,53,3469,1674,1795,92,11,855,0
38,1777324407,54,3541,1705,1836,83,11,862,0
38,1777324407,55,3616,1746,1870,89,14,879,0
38,1777324407,56,3737,1808,1929,130,9,894,0
38,1777324407,57,3822,1849,1973,101,16,940,0
38,1777324407,58,3913,1898,2015,98,7,977,0
38,1777324407,59,4033,1960,2073,128,8,994,0
38,1777324407,60,4133,2003,2130,107,7,991,3
38,1777324407,61,4212,2041,2171,91,12,1031,0
38,1777324407,62,4343,2105,2238,139,8,1078,0
38,1777324407,63,4484,2171,2313,149,8,1102,0
38,1777324407,64,4562,2214,2348,86,8,1130,0
38,1777324407,65,4668,2269,2399,111,5,1151,0
38,1777324407,66,4773,2316,2457,113,8,1169,0
38,1777324407,67,4889,2378,2511,131,15,1198,0
38,1777324407,68,5005,2439,2566,132,16,1195,3
38,1777324407,69,5128,2498,2630,135,12,1238,0
38,1777324407,70,5227,2539,2688,115,16,1253,0
38,1777324407,71,5332,2580,2752,122,17,1309,0
38,1777324407,72,5460,2638,2822,136,8,1318,0
38,1777324407,73,5557,2684,2873,121,24,1362,0
38,1777324407,74,5671,2743,2928,130,16,1377,0
38,1777324407,75,5785,2797,2988,135,21,1424,0
38,1777324407,76,5922,2872,3050,153,16,1458,0
38,1777324407,77,6053,2936,3117,147,16,1525,0
38,1777324407,78,5926,2779,3147,164,291,1381,144
38,1777324407,79,6032,2833,3199,124,18,1429,0
38,1777324407,80,6170,2916,3254,166,28,1407,22
38,1777324407,81,6302,2987,3315,161,29,1470,0
38,1777324407,82,6424,3050,3374,158,36,1472,0
38,1777324407,83,6507,3094,3413,131,48,1524,0
38,1777324407,84,6402,3032,3370,142,247,1420,104
38,1777324407,85,6529,3099,3430,156,29,1479,0
38,1777324407,86,6653,3167,3486,155,31,1557,0
38,1777324407,87,6767,3224,3543,137,23,1571,0
38,1777324407,88,6895,3292,3603,163,35,1604,0
38,1777324407,89,7023,3354,3669,159,31,1621,0
38,1777324407,90,7155,3413,3742,159,27,1641,0
38,1777324407,91,7344,3508,3836,213,24,1693,0
38,1777324407,92,7491,3575,3916,176,29,1757,0
38,1777324407,93,7675,3646,4029,215,31,1845,0
38,1777324407,94,7877,3751,4126,232,30,1878,0
38,1777324407,95,8035,3840,4195,196,38,1903,0
38,1777324407,96,8184,3895,4289,188,39,1955,0
38,1777324407,97,8365,3983,4382,212,31,2006,0
38,1777324407,98,8532,4066,4466,204,37,2036,0
38,1777324407,99,8675,4144,4531,182,39,2055,0
39,594336917,0,1000,506,494,12,12,227,0
39,594336917,1,1122,570,552,141,19,269,0
39,594336917,2,1174,600,574,73,21,262,7
39,594336917,3,1232,619,613,71,13,257,5
39,594336917,4,1280,650,630,65,17,246,11
39,594336917,5,1311,662,649,53,22,238,8
39,594336917,6,1340,678,662,41,12,238,0
39,594336917,7,1351,688,663,18,7,232,6
39,594336917,8,1359,692,667,24,16,227,5
39,594336917,9,1371,697,674,20,8,230,0
39,594336917,10,1382,700,682,29,18,226,4
39,594336917,11,1381,701,680,13,14,233,0
39,594336917,12,1394,708,686,33,20,228,5
39,594336917,13,1409,717,692,32,17,257,0
39,594336917,14,1424,720,704,34,19,283,0
39,594336917,15,1453,734,719,43,14,301,0
39,594336917,16,1463,737,726,31,21,326,0
39,594336917,17,1501,751,750,45,7,336,0
39,594336917,18,1566,780,786,74,9,370,0
39,594336917,19,1633,803,830,85,18,372,0
39,594336917,20,1708,851,857,95,20,368,4
39,594336917,21,1774,888,886,76,10,380,0
39,594336917,22,1818,920,898,62,18,376,4
39,594336917,23,1867,941,926,58,9,379,0
39,594336917,24,1901,958,943,53,19,372,7
39,594336917,25,1937,977,960,50,14,382,0
39,594336917,26,1955,985,970,38,20,411,0
39,594336917,27,1997,1000,997,59,17,415,0
39,594336917,28,2027,1015,1012,51,21,422,0
39,594336917,29,2053,1028,1025,38,12,439,0
39,594336917,30,2081,1045,1036,37,9,468,0
39,594336917,31,2098,1049,1049,31,14,480,0
39,594336917,32,2146,1068,1078,63,15,521,0
39,594336917,33,2181,1083,1098,45,10,532,0
39,594336917,34,2238,1108,1130,74,17,569,0
39,594336917,35,2296,1137,1159,66,8,602,0
39,594336917,36,2363,1171,1192,82,15,593,9
39,594336917,37,2446,1212,1234,99,16,617,0
39,594336917,38,2517,1237,1280,93,22,639,0
39,594336917,39,2564,1259,1305,72,25,656,0
39,594336917,40,2634,1293,1341,94,24,658,0
39,594336917,41,2715,1341,1374,93,12,664,0
39,594336917,42,2774,1373,1401,80,21,658,6
39,594336917,43,2856,1414,1442,98,16,667,0
39,594336917,44,2909,1442,1467,65,12,699,0
39,594336917,45,2968,1475,1493,68,9,698,1
39,594336917,46,3011,1492,1519,61,18,742,0
39,594336917,47,3062,1516,1546,67,16,742,0
39,594336917,48,3121,1543,1578,76,17,780,0
39,594336917,49,3173,1564,1609,66,14,813,0
39,594336917,50,3231,1593,1638,75,17,827,0
39,594336917,51,3316,1627,1689,99,14,853,0
39,594336917,52,3394,1665,1729,91,13,875,0
39,594336917,53,3472,1699,1773,96,18,913,0
39,594336917,54,3548,1737,1811,90,14,907,6
39,594336917,55,3626,1778,1848,99,21,965,0
39,594336917,56,3736,1822,1914,126,16,993,0
39,594336917,57,3837,1874,1963,125,24,1013,0
39,594336917,58,3942,1925,2017,119,14,1036,0
39,594336917,59,4045,1991,2054,126,23,1018,18
39,594336917,60,4144,2034,2110,123,24,1033,0
39,594336917,61,4239,2081,2158,119,24,1054,0
39,594336917,62,4320,2117,2203,96,15,1044,10
39,594336917,63,4400,2158,2242,93,13,1111,0
39,594336917,64,4479,2190,2289,96,17,1119,0
39,594336917,65,4592,2255,2337,126,13,1143,0
39,594336917,66,4667,2296,2371,93,18,1167,0
39,594336917,67,4752,2332,2420,100,15,1188,0
39,594336917,68,4856,2387,2469,127,23,1181,7
39,594336917,69,4966,2448,2518,131,21,1217,0
39,594336917,70,5063,2499,2564,119,22,1262,0
39,594336917,71,5210,2566,2644,162,15,1308,0
39,594336917,72,5329,2635,2694,137,18,1330,0
39,594336917,73,5433,2699,2734,120,16,1349,0
39,594336917,74,5570,2769,2801,159,22,1375,0
39,594336917,75,5697,2829,2868,145,18,1416,0
39,594336917,76,5894,2945,2949,217,20,1433,0
39,594336917,77,6003,2996,3007,137,28,1470,0
39,594336917,78,6120,3050,3070,142,25,1512,0
39,594336917,79,6224,3112,3112,132,28,1526,0
39,594336917,80,6318,3164,3154,130,36,1578,0
39,594336917,81,6439,3228,3211,156,35,1573,5
39,594336917,82,6553,3286,3267,157,43,1610,0
39,594336917,83,6652,3333,3319,134,35,1641,0
39,594336917,84,6747,3380,3367,140,45,1700,0
39,594336917,85,6871,3443,3428,160,36,1720,0
39,594336917,86,7002,3502,3500,165,34,1765,0
39,594336917,87,7144,3560,3584,195,53,1857,0
39,594336917,88,7312,3647,3665,220,52,1859,0
39,594336917,89,7429,3691,3738,173,56,1889,0
39,594336917,90,7553,3753,3800,176,52,1960,0
39,594336917,91,7706,3828,3878,199,46,2033,0
39,594336917,92,7868,3904,3964,203,41,2013,20
39,594336917,93,8021,3981,4040,187,34,2019,0
39,594336917,94,8148,4059,4089,178,51,2036,0
39,594336917,95,8336,4157,4179,228,40,2084,0
39,594336917,96,8493,4234,4259,197,40,2125,0
39,594336917,97,8645,4305,4340,201,49,2140,0
39,594336917,98,8766,4372,4394,177,56,2165,0
39,594336917,99,8845,4420,4425,136,57,2213,0
40,1356488967,0,1000,497,503,16,16,228,0
40,1356488967,1,1106,548,558,120,14,269,0
40,1356488967,2,1199,591,608,109,16,264,5
40,1356488967,3,1257,615,642,67,9,265,0
40,1356488967,4,1334,646,688,92,15,263,2
40,1356488967,5,1374,665,709,59,19,259,4
40,1356488967,6,1395,682,713,39,18,258,1
40,1356488967,7,1422,698,724,50,23,244,14
40,1356488967,8,1426,699,727,29,25,229,15
40,1356488967,9,1425,698,727,25,26,236,0
40,1356488967,10,1439,700,739,35,21,230,6
40,1356488967,11,1455,713,742,30,14,240,0
40,1356488967,12,1444,709,735,22,33,218,22
40,1356488967,13,1443,706,737,15,16,258,0
40,1356488967,14,1435,707,728,22,30,296,0
40,1356488967,15,1461,724,737,41,15,319,0
40,1356488967,16,1499,748,751,45,7,348,0
40,1356488967,17,1538,758,780,49,10,368,0
40,1356488967,18,1611,790,821,84,11,383,0
40,1356488967,19,1689,831,858,88,10,392,0
40,1356488967,20,1754,871,883,74,9,404,0
40,1356488967,21,1831,910,921,92,15,408,0
40,1356488967,22,1896,943,953,85,20,412,0
40,1356488967,23,1961,975,986,74,9,423,0
40,1356488967,24,2027,1013,1014,70,4,439,0
40,1356488967,25,2083,1045,1038,75,19,445,0
40,1356488967,26,2135,1070,1065,62,10,448,0
40,1356488967,27,2173,1086,1087,50,12,472,0
40,1356488967,28,2195,1093,1102,35,13,457,15
40,1356488967,29,2215,1106,1109,41,21,474,0
40,1356488967,30,2234,1117,1117,42,23,492,0
40,1356488967,31,2275,1140,1135,56,15,521,0
40,1356488967,32,2300,1155,1145,45,20,567,0
40,1356488967,33,2337,1168,1169,61,24,595,0
40,1356488967,34,2384,1188,1196,65,18,613,0
40,1356488967,35,2465,1234,1231,91,10,648,0
40,1356488967,36,2532,1259,1273,83,16,677,0
40,1356488967,37,2625,1311,1314,103,10,684,0
40,1356488967,38,2720,1360,1360,100,5,687,0
40,1356488967,39,2821,1410,1411,110,9,711,0
40,1356488967,40,2877,1447,1430,75,19,726,0
40,1356488967,41,2977,1495,1482,112,12,743,0
40,1356488967,42,3067,1545,1522,105,15,754,0
40,1356488967,43,3136,1586,1550,85,16,759,0
40,1356488967,44,3122,1573,1549,75,89,747,12
40,1356488967,45,3189,1610,1579,88,21,778,0
40,1356488967,46,3239,1635,1604,62,12,796,0
40,1356488967,47,3302,1674,1628,81,18,801,0
40,1356488967,48,3349,1697,1652,58,11,835,0
40,1356488967,49,3407,1725,1682,77,19,867,0
40,1356488967,50,3473,1768,1705,81,15,880,0
40,1356488967,51,3550,1816,1734,92,15,892,0
40,1356488967,52,3623,1842,1781,86,13,931,0
40,1356488967,53,3702,1881,1821,95,16,978,0
40,1356488967,54,3805,1932,1873,122,19,1000,0
40,1356488967,55,3917,1990,1927,129,17,1030,0
40,1356488967,56,4006,2034,1972,107,18,1040,0
40,1356488967,57,4103,2082,2021,110,13,1044,0
40,1356488967,58,4190,2108,2082,101,14,1075,0
40,1356488967,59,4300,2161,2139,119,9,1105,0
40,1356488967,60,4390,2212,2178,109,19,1134,0
40,1356488967,61,4490,2261,2229,107,7,1136,0
40,1356488967,62,4585,2302,2283,112,17,1153,0
40,1356488967,63,4696,2354,2342,125,14,1196,0
40,1356488967,64,4782,2403,2379,107,21,1207,0
40,1356488967,65,4874,2449,2425,110,18,1176,31
40,1356488967,66,4982,2517,2465,122,14,1246,0
40,1356488967,67,4927,2487,2440,110,165,1209,37
40,1356488967,68,5012,2531,2481,111,26,1289,0
40,1356488967,69,5123,2579,2544,129,18,1314,0
40,1356488967,70,5199,2617,2582,103,27,1357,0
40,1356488967,71,5320,2689,2631,138,17,1375,0
40,1356488967,72,5444,2741,2703,143,19,1384,0
40,1356488967,73,5559,2792,2767,135,20,1444,0
40,1356488967,74,5701,2873,2828,158,16,1464,0
40,1356488967,75,5836,2941,2895,154,19,1464,0
40,1356488967,76,5966,3011,2955,146,16,1485,0
40,1356488967,77,6102,3083,3019,158,22,1524,0
40,1356488967,78,6219,3151,3068,139,22,1570,0
40,1356488967,79,6390,3227,3163,187,16,1620,0
40,1356488967,80,6525,3294,3231,153,18,1632,0
40,1356488967,81,6670,3368,3302,169,24,1649,0
40,1356488967,82,6798,3426,3372,169,41,1671,0
40,1356488967,83,6921,3489,3432,169,46,1668,3
40,1356488967,84,7039,3540,3499,157,39,1725,0
40,1356488967,85,7142,3588,3554,144,41,1774,0
40,1356488967,86,7245,3637,3608,147,44,1797,0
40,1356488967,87,7336,3684,3652,139,48,1840,0
40,1356488967,88,7449,3735,3714,162,49,1889,0
40,1356488967,89,7607,3816,3791,171,13,1961,0
40,1356488967,90,7790,3902,3888,217,34,1967,0
40,1356488967,91,7982,3987,3995,215,23,2021,0
40,1356488967,92,8149,4070,4079,196,29,2101,0
40,1356488967,93,8357,4166,4191,229,21,2114,0
40,1356488967,94,8519,4265,4254,191,29,2178,0
40,1356488967,95,8672,4338,4334,184,31,2213,0
40,1356488967,96,8897,4441,4456,251,26,2260,0
40,1356488967,97,9088,4556,4532,222,31,2267,0
40,1356488967,98,9279,4656,4623,215,24,2329,0
40,1356488967,99,9500,4767,4733,256,35,2308,21
41,354826746,0,984,489,495,9,25,232,0
41,354826746,1,1043,513,530,108,49,243,0
41,354826746,2,1093,534,559,64,14,264,0
41,354826746,3,1145,560,585,64,12,254,10
41,354826746,4,1183,577,606,59,21,235,19
41,354826746,5,1231,606,625,66,18,239,0
41,354826746,6,1245,614,631,24,10,234,5
41,354826746,7,1249,618,631,31,27,212,22
41,354826746,8,1250,618,632,25,24,214,0
41,354826746,9,1261,623,638,31,20,216,0
41,354826746,10,1267,628,639,23,17,189,27
41,354826746,11,1273,633,640,19,13,197,0
41,354826746,12,1272,633,639,20,21,196,1
41,354826746,13,1284,640,644,20,8,217,0
41,354826746,14,1275,642,633,11,20,260,0
41,354826746,15,1290,648,642,35,20,275,0
41,354826746,16,1315,657,658,34,9,299,0
41,354826746,17,1331,665,666,30,14,327,0
41,354826746,18,1381,692,689,65,15,321,6
41,354826746,19,1432,718,714,62,11,317,4
41,354826746,20,1382,684,698,75,125,300,17
41,354826746,21,1435,715,720,67,14,320,0
41,354826746,22,1476,735,741,58,17,338,0
41,354826746,23,1464,706,758,55,67,300,38
41,354826746,24,1523,736,787,67,8,323,0
41,354826746,25,1573,755,818,61,11,316,7
41,354826746,26,1622,767,855,59,10,322,0
41,354826746,27,1657,788,869,51,16,346,0
41,354826746,28,1686,802,884,38,9,361,0
41,354826746,29,1719,821,898,49,16,352,9
41,354826746,30,1739,830,909,29,9,381,0
41,354826746,31,1772,844,928,41,8,392,0
41,354826746,32,1816,875,941,56,12,392,0
41,354826746,33,1838,883,955,34,12,407,0
41,354826746,34,1893,911,982,64,9,426,0
41,354826746,35,1934,937,997,56,15,449,0
41,354826746,36,1986,960,1026,62,10,477,0
41,354826746,37,2039,990,1049,66,13,500,0
41,354826746,38,2092,1018,1074,68,15,512,0
41,354826746,39,2148,1051,1097,70,14,522,0
41,354826746,40,2233,1101,1132,95,10,551,0
41,354826746,41,2276,1122,1154,57,14,527,24
41,354826746,42,2357,1164,1193,87,6,540,0
41,354826746,43,2421,1209,1212,71,7,559,0
41,354826746,44,2472,1230,1242,60,9,560,0
41,354826746,45,2521,1255,1266,67,18,568,0
41,354826746,46,2572,1277,1295,66,15,557,11
41,354826746,47,2607,1295,1312,49,14,602,0
41,354826746,48,2662,1325,1337,65,10,621,0
41,354826746,49,2725,1357,1368,73,10,635,0
41,354826746,50,2794,1386,1408,84,15,665,0
41,354826746,51,2849,1408,1441,66,11,676,0
41,354826746,52,2935,1457,1478,92,6,722,0
41,354826746,53,3004,1492,1512,83,14,744,0
41,354826746,54,3101,1534,1567,110,13,772,0
41,354826746,55,3166,1569,1597,80,15,815,0
41,354826746,56,3266,1627,1639,107,7,827,0
41,354826746,57,3351,1671,1680,102,17,821,6
41,354826746,58,3442,1707,1735,107,16,855,0
41,354826746,59,3511,1741,1770,76,7,877,0
41,354826746,60,3624,1794,1830,121,8,887,0
41,354826746,61,3694,1829,1865,74,4,869,18
41,354826746,62,3778,1873,1905,98,14,912,0
41,354826746,63,3840,1904,1936,82,20,940,0
41,354826746,64,3907,1932,1975,85,18,970,0
41,354826746,65,4012,1989,2023,120,15,1007,0
41,354826746,66,4094,2033,2061,100,18,1033,0
41,354826746,67,4189,2073,2116,109,14,1063,0
41,354826746,68,4266,2109,2157,92,15,1082,0
41,354826746,69,4390,2177,2213,138,14,1115,0
41,354826746,70,4484,2220,2264,114,20,1151,0
41,354826746,71,4588,2265,2323,125,21,1177,0
41,354826746,72,4690,2318,2372,123,21,1170,7
41,354826746,73,4779,2368,2411,109,20,1199,0
41,354826746,74,4896,2421,2475,132,15,1234,0
41,354826746,75,5029,2494,2535,157,24,1219,15
41,354826746,76,5114,2525,2589,109,24,1244,0
41,354826746,77,5210,2572,2638,114,18,1287,0
41,354826746,78,5297,2621,2676,109,22,1298,0
41,354826746,79,5377,2667,2710,120,40,1354,0
41,354826746,80,5457,2709,2748,112,32,1356,0
41,354826746,81,5574,2764,2810,146,29,1406,0
41,354826746,82,5689,2821,2868,148,33,1407,0
41,354826746,83,5786,2874,2912,124,27,1506,0
41,354826746,84,5939,2956,2983,176,23,1496,10
41,354826746,85,6041,3013,3028,142,40,1518,0
41,354826746,86,6149,3069,3080,137,29,1527,0
41,354826746,87,6058,3018,3040,157,248,1482,45
41,354826746,88,6187,3097,3090,167,38,1549,0
41,354826746,89,6280,3138,3142,131,38,1594,0
41,354826746,90,6441,3208,3233,191,30,1631,0
41,354826746,91,6585,3274,3311,164,20,1661,0
41,354826746,92,6724,3345,3379,169,30,1714,0
41,354826746,93,6843,3408,3435,149,30,1685,29
41,354826746,94,6965,3469,3496,160,38,1756,0
41,354826746,95,7061,3531,3530,135,39,1770,0
41,354826746,96,7195,3605,3590,173,39,1831,0
41,354826746,97,7296,3660,3636,150,49,1856,0
41,354826746,98,7451,3741,3710,197,42,1850,6
41,354826746,99,7607,3822,3785,194,38,1914,0
42,1627981024,0,1013,506,507,32,19,228,0
42,1627981024,1,1089,544,545,92,16,277,0
42,1627981024,2,1198,597,601,125,16,268,9
42,1627981024,3,1224,594,630,77,51,244,24
42,1627981024,4,1280,621,659,69,13,242,2
42,1627981024,5,1308,641,667,49,21,229,13
42,1627981024,6,1329,655,674,38,17,213,16
42,1627981024,7,1345,662,683,31,15,235,0
42,1627981024,8,1314,652,662,37,68,205,30
42,1627981024,9,1333,659,674,30,11,207,0
42,1627981024,10,1348,673,675,31,16,200,7
42,1627981024,11,1367,680,687,30,11,208,0
42,1627981024,12,1382,687,695,23,8,202,6
42,1627981024,13,1387,690,697,22,17,209,0
42,1627981024,14,1402,699,703,26,11,256,0
42,1627981024,15,1426,711,715,30,6,298,0
42,1627981024,16,1467,728,739,54,13,344,0
42,1627981024,17,1511,747,764,56,12,355,0
42,1627981024,18,1579,777,802,92,24,358,0
42,1627981024,19,1632,804,828,72,19,363,0
42,1627981024,20,1688,827,861,74,18,384,0
42,1627981024,21,1767,862,905,92,13,385,0
42,1627981024,22,1822,898,924,68,13,381,4
42,1627981024,23,1779,880,899,75,118,357,24
42,1627981024,24,1806,894,912,45,18,380,0
42,1627981024,25,1838,910,928,48,16,400,0
42,1627981024,26,1872,922,950,42,8,411,0
42,1627981024,27,1893,934,959,36,15,419,0
42,1627981024,28,1918,944,974,41,16,434,0
42,1627981024,29,1947,958,989,42,13,442,0
42,1627981024,30,1976,966,1010,46,17,473,0
42,1627981024,31,2031,993,1038,73,18,463,10
42,1627981024,32,2088,1023,1065,64,7,504,0
42,1627981024,33,2135,1044,1091,66,19,528,0
42,1627981024,34,2208,1080,1128,84,11,552,0
42,1627981024,35,2279,1122,1157,82,11,570,0
42,1627981024,36,2341,1162,1179,74,12,597,0
42,1627981024,37,2424,1190,1234,95,12,603,0
42,1627981024,38,2503,1224,1279,88,9,611,0
42,1627981024,39,2579,1257,1322,93,17,630,0
42,1627981024,40,2646,1294,1352,78,11,630,0
42,1627981024,41,2706,1326,1380,78,18,653,0
42,1627981024,42,2789,1363,1426,91,8,645,8
42,1627981024,43,2841,1386,1455,65,13,676,0
42,1627981024,44,2761,1281,1480,97,177,583,93
42,1627981024,45,2821,1308,1513,75,15,618,0
42,1627981024,46,2871,1338,1533,70,20,623,0
42,1627981024,47,2924,1360,1564,66,13,669,0
42,1627981024,48,2984,1395,1589,79,19,688,0
42,1627981024,49,3066,1436,1630,96,14,707,0
42,1627981024,50,3134,1466,1668,82,14,714,0
42,1627981024,51,3205,1499,1706,84,13,772,0
42,1627981024,52,3299,1561,1738,105,11,780,0
42,1627981024,53,3395,1613,1782,107,11,836,0
42,1627981024,54,3456,1643,1813,84,23,819,17
42,1627981024,55,3576,1703,1873,128,8,844,0
42,1627981024,56,3673,1755,1918,121,24,861,0
42,1627981024,57,3755,1802,1953,93,11,892,0
42,1627981024,58,3872,1863,2009,128,11,907,0
42,1627981024,59,3998,1937,2061,140,14,940,0
42,1627981024,60,4091,1972,2119,114,21,966,0
42,1627981024,61,4212,2034,2178,137,16,998,0
42,1627981024,62,4278,2064,2214,82,16,1005,0
42,1627981024,63,4372,2107,2265,106,12,999,6
42,1627981024,64,4490,2166,2324,139,21,1025,0
42,1627981024,65,4587,2204,2383,114,17,1080,0
42,1627981024,66,4690,2248,2442,121,18,1085,0
42,1627981024,67,4794,2300,2494,121,17,1133,0
42,1627981024,68,4916,2365,2551,143,21,1187,0
42,1627981024,69,5042,2426,2616,148,22,1202,0
42,1627981024,70,5146,2485,2661,121,17,1230,0
42,1627981024,71,5255,2538,2717,122,13,1292,0
42,1627981024,72,5367,2596,2771,133,21,1294,0
42,1627981024,73,5478,2649,2829,134,23,1348,0
42,1627981024,74,5614,2725,2889,155,19,1388,0
42,1627981024,75,5764,2816,2948,162,12,1427,0
42,1627981024,76,5914,2896,3018,168,18,1475,0
42,1627981024,77,6024,2952,3072,125,15,1513,0
42,1627981024,78,6138,3021,3117,150,36,1496,17
42,1627981024,79,6259,3076,3183,164,43,1518,0
42,1627981024,80,6392,3147,3245,166,33,1528,0
42,1627981024,81,6494,3210,3284,133,31,1606,0
42,1627981024,82,6622,3276,3346,157,29,1645,0
42,1627981024,83,6765,3353,3412,184,41,1667,0
42,1627981024,84,6876,3418,3458,147,36,1723,0
42,1627981024,85,7018,3485,3533,178,36,1762,0
42,1627981024,86,7138,3551,3587,158,38,1804,0
42,1627981024,87,7079,3522,3557,219,278,1739,65
42,1627981024,88,7197,3575,3622,158,40,1761,0
42,1627981024,89,7375,3667,3708,205,27,1859,0
42,1627981024,90,7552,3777,3775,211,34,1902,0
42,1627981024,91,7694,3864,3830,190,48,1961,0
42,1627981024,92,7858,3955,3903,209,45,1963,0
42,1627981024,93,8017,4037,3980,229,70,1985,0
42,1627981024,94,8135,4098,4037,192,74,1991,0
42,1627981024,95,8262,4165,4097,180,53,2084,0
42,1627981024,96,8432,4249,4183,209,39,2114,0
42,1627981024,97,8589,4340,4249,195,38,2157,0
42,1627981024,98,8744,4431,4313,192,37,2200,0
42,1627981024,99,8921,4528,4393,225,48,2229,0
43,1504361614,0,1017,510,507,29,12,231,0
43,1504361614,1,1108,560,548,114,23,257,0
43,1504361614,2,1201,600,601,111,18,288,0
43,1504361614,3,1274,636,638,90,17,270,18
43,1504361614,4,1310,653,657,57,21,262,8
43,1504361614,5,1344,672,672,52,18,251,11
43,1504361614,6,1376,686,690,44,12,261,0
43,1504361614,7,1399,691,708,31,8,264,0
43,1504361614,8,1435,715,720,48,12,248,16
43,1504361614,9,1463,726,737,42,14,236,12
43,1504361614,10,1472,729,743,24,15,236,0
43,1504361614,11,1488,732,756,31,15,234,2
43,1504361614,12,1497,738,759,26,17,226,8
43,1504361614,13,1457,702,755,21,61,220,6
43,1504361614,14,1468,706,762,29,18,268,0
43,1504361614,15,1499,721,778,51,20,303,0
43,1504361614,16,1540,740,800,53,12,314,0
43,1504361614,17,1591,772,819,66,15,335,0
43,1504361614,18,1649,804,845,73,15,346,0
43,1504361614,19,1698,830,868,65,16,347,0
43,1504361614,20,1656,808,848,80,122,333,14
43,1504361614,21,1706,837,869,61,11,373,0
43,1504361614,22,1760,858,902,76,22,370,3
43,1504361614,23,1850,908,942,93,3,389,0
43,1504361614,24,1914,936,978,70,6,401,0
43,1504361614,25,1973,970,1003,67,8,413,0
43,1504361614,26,2033,997,1036,78,18,403,10
43,1504361614,27,2087,1025,1062,67,13,432,0
43,1504361614,28,2128,1044,1084,47,6,451,0
43,1504361614,29,2157,1049,1108,40,11,457,0
43,1504361614,30,2194,1065,1129,48,11,468,0
43,1504361614,31,2230,1087,1143,56,20,494,0
43,1504361614,32,2271,1105,1166,54,13,494,0
43,1504361614,33,2306,1123,1183,56,21,547,0
43,1504361614,34,2351,1142,1209,61,16,573,0
43,1504361614,35,2396,1167,1229,56,11,573,0
43,1504361614,36,2475,1210,1265,92,13,599,0
43,1504361614,37,2554,1257,1297,93,14,652,0
43,1504361614,38,2618,1289,1329,76,12,663,0
43,1504361614,39,2722,1338,1384,123,19,663,0
43,1504361614,40,2798,1375,1423,89,13,709,0
43,1504361614,41,2902,1423,1479,115,11,719,0
43,1504361614,42,3008,1474,1534,117,11,719,0
43,1504361614,43,3094,1512,1582,98,12,738,0
43,1504361614,44,3163,1546,1617,88,19,765,0
43,1504361614,45,3234,1578,1656,85,14,760,5
43,1504361614,46,3288,1602,1686,75,21,795,0
43,1504361614,47,3349,1633,1716,73,12,821,0
43,1504361614,48,3451,1686,1765,117,15,834,0
43,1504361614,49,3504,1715,1789,63,10,857,0
43,1504361614,50,3553,1740,1813,70,21,881,0
43,1504361614,51,3630,1775,1855,96,19,905,0
43,1504361614,52,3697,1812,1885,90,23,936,0
43,1504361614,53,3775,1843,1932,95,17,975,0
43,1504361614,54,3860,1881,1979,104,19,997,0
43,1504361614,55,3985,1940,2045,141,16,1023,0
43,1504361614,56,4089,1999,2090,117,13,1042,0
43,1504361614,57,4184,2045,2139,111,16,1086,0
43,1504361614,58,4289,2103,2186,126,21,1107,0
43,1504361614,59,4405,2151,2254,129,13,1137,0
43,1504361614,60,4513,2200,2313,117,9,1177,0
43,1504361614,61,4670,2269,2401,174,17,1175,2
43,1504361614,62,4791,2323,2468,133,12,1193,0
43,1504361614,63,4886,2372,2514,106,11,1219,0
43,1504361614,64,4993,2428,2565,137,30,1227,0
43,1504361614,65,5110,2484,2626,134,17,1245,0
43,1504361614,66,5201,2530,2671,110,19,1265,0
43,1504361614,67,5319,2592,2727,133,15,1292,0
43,1504361614,68,5159,2429,2730,120,280,1156,136
43,1504361614,69,5261,2480,2781,112,10,1200,0
43,1504361614,70,5379,2553,2826,133,15,1258,0
43,1504361614,71,5476,2612,2864,116,19,1275,0
43,1504361614,72,5596,2670,2926,139,19,1290,0
43,1504361614,73,5753,2750,3003,177,20,1354,0
43,1504361614,74,5902,2831,3071,166,17,1383,0
43,1504361614,75,6027,2885,3142,140,15,1384,0
43,1504361614,76,6183,2971,3212,171,15,1430,0
43,1504361614,77,6341,3047,3294,188,30,1459,0
43,1504361614,78,6490,3124,3366,177,28,1523,0
43,1504361614,79,6628,3179,3449,166,28,1554,0
43,1504361614,80,6799,3265,3534,206,35,1644,0
43,1504361614,81,6656,3219,3437,202,345,1552,92
43,1504361614,82,6806,3284,3522,180,30,1602,0
43,1504361614,83,6955,3361,3594,183,34,1641,0
43,1504361614,84,7082,3432,3650,167,40,1681,0
43,1504361614,85,7225,3510,3715,186,43,1755,0
43,1504361614,86,7331,3570,3761,156,50,1791,0
43,1504361614,87,7471,3638,3833,181,41,1818,0
43,1504361614,88,7603,3692,3911,175,43,1817,1
43,1504361614,89,7746,3775,3971,174,31,1843,0
43,1504361614,90,7870,3839,4031,172,48,1921,0
43,1504361614,91,7998,3896,4102,165,37,1984,0
43,1504361614,92,8163,3984,4179,201,36,2002,0
43,1504361614,93,8356,4078,4278,230,37,2098,0
43,1504361614,94,8520,4162,4358,221,57,2166,0
43,1504361614,95,8663,4228,4435,201,58,2203,0
43,1504361614,96,8850,4320,4530,230,43,2224,0
43,1504361614,97,9009,4397,4612,210,51,2233,0
43,1504361614,98,9228,4514,4714,263,44,2247,0
43,1504361614,99,9436,4615,4821,229,21,2352,0
44,761338718,0,998,499,499,16,18,206,0
44,761338718,1,1066,536,530,84,16,266,0
44,761338718,2,1136,568,568,99,29,261,5
44,761338718,3,1194,606,588,73,15,262,0
44,761338718,4,1266,638,628,86,14,255,7
44,761338718,5,1301,657,644,51,16,249,6
44,761338718,6,1313,666,647,36,24,244,5
44,761338718,7,1327,678,649,36,22,221,23
44,761338718,8,1334,682,652,23,16,217,4
44,761338718,9,1337,682,655,29,26,208,9
44,761338718,10,1332,680,652,15,20,214,0
44,761338718,11,1333,677,656,17,16,232,0
44,761338718,12,1350,685,665,38,21,219,13
44,761338718,13,1352,687,665,16,14,238,0
44,761338718,14,1367,696,671,31,16,261,0
44,761338718,15,1402,710,692,46,11,281,0
44,761338718,16,1420,718,702,38,20,319,0
44,761338718,17,1457,738,719,45,8,344,0
44,761338718,18,1495,746,749,57,19,366,0
44,761338718,19,1578,789,789,91,8,376,0
44,761338718,20,1618,809,809,50,10,369,7
44,761338718,21,1667,840,827,58,9,380,0
44,761338718,22,1698,853,845,53,22,375,5
44,761338718,23,1750,880,870,70,18,375,0
44,761338718,24,1806,907,899,61,5,398,0
44,761338718,25,1827,915,912,38,17,376,22
44,761338718,26,1850,923,927,52,29,392,0
44,761338718,27,1906,950,956,65,9,402,0
44,761338718,28,1951,977,974,58,13,410,0
44,761338718,29,1983,993,990,46,14,412,0
44,761338718,30,2006,1003,1003,38,15,443,0
44,761338718,31,2031,1012,1019,39,14,451,0
44,761338718,32,2064,1024,1040,51,18,490,0
44,761338718,33,2112,1050,1062,69,21,490,0
44,761338718,34,2150,1063,1087,51,13,516,0
44,761338718,35,2206,1092,1114,66,10,544,0
44,761338718,36,2276,1121,1155,84,14,550,0
44,761338718,37,2325,1143,1182,62,13,582,0
44,761338718,38,2396,1181,1215,81,10,602,0
44,761338718,39,2441,1204,1237,64,19,613,0
44,761338718,40,2519,1239,1280,89,11,616,0
44,761338718,41,2563,1262,1301,68,24,638,0
44,761338718,42,2627,1289,1338,79,15,652,0
44,761338718,43,2664,1306,1358,47,10,659,0
44,761338718,44,2729,1339,1390,86,21,680,0
44,761338718,45,2769,1360,1409,56,16,683,0
44,761338718,46,2845,1398,1447,92,16,695,0
44,761338718,47,2918,1436,1482,79,6,727,0
44,761338718,48,2991,1471,1520,80,7,753,0
44,761338718,49,3054,1507,1547,77,14,774,0
44,761338718,50,3095,1526,1569,48,7,785,0
44,761338718,51,3162,1563,1599,74,7,797,0
44,761338718,52,3214,1592,1622,77,25,821,0
44,761338718,53,3311,1637,1674,114,17,847,0
44,761338718,54,3367,1658,1709,75,19,873,0
44,761338718,55,3450,1703,1747,107,24,884,0
44,761338718,56,3424,1682,1742,110,136,848,36
44,761338718,57,3508,1722,1786,103,19,884,0
44,761338718,58,3606,1764,1842,113,15,900,0
44,761338718,59,3704,1809,1895,118,20,932,0
44,761338718,60,3787,1851,1936,96,13,954,0
44,761338718,61,3867,1885,1982,93,13,965,0
44,761338718,62,3944,1918,2026,86,9,974,0
44,761338718,63,4010,1951,2059,81,15,985,0
44,761338718,64,4092,1987,2105,99,17,1011,0
44,761338718,65,4190,2034,2156,113,15,1059,0
44,761338718,66,4275,2076,2199,101,16,1082,0
44,761338718,67,4380,2133,2247,126,21,1101,0
44,761338718,68,4460,2173,2287,97,17,1098,3
44,761338718,69,4550,2213,2337,107,17,1121,0
44,761338718,70,4663,2264,2399,122,9,1141,0
44,761338718,71,4754,2311,2443,102,11,1184,0
44,761338718,72,4871,2365,2506,124,7,1222,0
44,761338718,73,4986,2427,2559,126,11,1213,9
44,761338718,74,5077,2472,2605,118,27,1219,0
44,761338718,75,5180,2529,2651,131,28,1286,0
44,761338718,76,5289,2581,2708,125,16,1329,0
44,761338718,77,5411,2635,2776,142,20,1347,0
44,761338718,78,5544,2716,2828,157,24,1369,0
44,761338718,79,5686,2781,2905,173,31,1361,8
44,761338718,80,5804,2842,2962,154,36,1395,0
44,761338718,81,5918,2905,3013,125,11,1425,0
44,761338718,82,6087,2988,3099,179,10,1458,0
44,761338718,83,6233,3080,3153,164,18,1488,0
44,761338718,84,6339,3133,3206,149,43,1509,0
44,761338718,85,6439,3189,3250,157,57,1540,0
44,761338718,86,6524,3228,3296,123,38,1570,0
44,761338718,87,6649,3277,3372,160,35,1603,0
44,761338718,88,6787,3346,3441,175,37,1580,23
44,761338718,89,6926,3419,3507,171,32,1613,0
44,761338718,90,7044,3474,3570,148,30,1680,0
44,761338718,91,7205,3548,3657,210,49,1759,0
44,761338718,92,7308,3605,3703,173,70,1781,0
44,761338718,93,7431,3672,3759,177,54,1817,0
44,761338718,94,7565,3743,3822,180,46,1875,0
44,761338718,95,7703,3817,3886,179,41,1950,0
44,761338718,96,7862,3885,3977,207,48,1953,0
44,761338718,97,8001,3967,4034,189,50,1970,0
44,761338718,98,8173,4052,4121,219,47,2007,0
44,761338718,99,8327,4131,4196,195,41,2063,0
45,145857092,0,990,500,490,10,20,213,0
45,145857092,1,1071,538,533,106,25,251,0
45,145857092,2,1143,570,573,94,22,272,0
45,145857092,3,1205,598,607,79,17,262,10
45,145857092,4,1238,609,629,53,20,271,0
45,145857092,5,1264,617,647,36,10,277,0
45,145857092,6,1305,640,665,53,12,273,4
45,145857092,7,1319,652,667,30,16,243,30
45,145857092,8,1325,657,668,19,13,242,1
45,145857092,9,1329,657,672,23,19,239,3
45,145857092,10,1323,652,671,18,24,237,2
45,145857092,11,1326,661,665,24,21,240,0
45,145857092,12,1278,623,655,17,65,201,39
45,145857092,13,1273,621,652,12,17,223,0
45,145857092,14,1275,627,648,24,22,257,0
45,145857092,15,1283,626,657,24,16,276,0
45,145857092,16,1302,634,668,28,9,285,0
45,145857092,17,1337,647,690,54,19,288,0
45,145857092,18,1380,672,708,56,13,306,0
45,145857092,19,1416,691,725,57,21,338,0
45,145857092,20,1490,727,763,91,17,351,0
45,145857092,21,1527,748,779,54,17,348,3
45,145857092,22,1591,779,812,77,13,348,0
45,145857092,23,1638,803,835,63,16,354,0
45,145857092,24,1687,833,854,65,16,369,0
45,145857092,25,1738,854,884,62,11,353,16
45,145857092,26,1771,871,900,43,10,357,0
45,145857092,27,1796,887,909,35,10,380,0
45,145857092,28,1831,902,929,42,7,383,0
45,145857092,29,1865,921,944,49,15,382,1
45,145857092,30,1891,935,956,37,11,418,0
45,145857092,31,1916,949,967,33,8,422,0
45,145857092,32,1943,963,980,40,13,436,0
45,145857092,33,1973,980,993,44,14,461,0
45,145857092,34,2019,1002,1017,60,14,501,0
45,145857092,35,2082,1035,1047,74,11,536,0
45,145857092,36,2141,1057,1084,67,8,564,0
45,145857092,37,2192,1085,1107,65,14,577,0
45,145857092,38,2234,1099,1135,61,19,588,0
45,145857092,39,2203,1077,1126,85,116,559,29
45,145857092,40,2277,1107,1170,82,8,579,0
45,145857092,41,2345,1137,1208,74,6,580,0
45,145857092,42,2412,1174,1238,74,7,580,0
45,145857092,43,2464,1200,1264,57,5,609,0
45,145857092,44,2538,1235,1303,85,11,633,0
45,145857092,45,2614,1270,1344,83,7,638,0
45,145857092,46,2639,1282,1357,35,10,651,0
45,145857092,47,2710,1313,1397,80,9,664,0
45,145857092,48,2760,1339,1421,60,10,706,0
45,145857092,49,2736,1327,1409,70,94,659,47
45,145857092,50,2793,1356,1437,70,13,689,0
45,145857092,51,2837,1369,1468,50,6,718,0
45,145857092,52,2903,1403,1500,74,8,749,0
45,145857092,53,2952,1429,1523,61,12,758,0
45,145857092,54,3012,1460,1552,62,2,777,0
45,145857092,55,3080,1490,1590,77,9,779,0
45,145857092,56,3156,1531,1625,92,16,810,0
45,145857092,57,3245,1571,1674,95,6,820,0
45,145857092,58,3352,1628,1724,114,7,837,0
45,145857092,59,3426,1669,1757,82,8,870,0
45,145857092,60,3524,1719,1805,106,8,907,0
45,145857092,61,3503,1721,1782,102,123,853,54
45,145857092,62,3617,1780,1837,125,11,898,0
45,145857092,63,3714,1829,1885,104,7,888,10
45,145857092,64,3810,1876,1934,108,12,886,2
45,145857092,65,3887,1917,1970,89,12,937,0
45,145857092,66,3952,1953,1999,76,11,965,0
45,145857092,67,4041,1994,2047,96,7,987,0
45,145857092,68,4125,2028,2097,93,9,1003,0
45,145857092,69,4199,2066,2133,83,9,1040,0
45,145857092,70,4261,2089,2172,71,9,1084,0
45,145857092,71,4350,2145,2205,105,16,1104,0
45,145857092,72,4445,2196,2249,106,11,1122,0
45,145857092,73,4546,2245,2301,115,14,1139,0
45,145857092,74,4665,2296,2369,126,7,1151,0
45,145857092,75,4757,2343,2414,103,11,1178,0
45,145857092,76,4841,2390,2451,96,12,1259,0
45,145857092,77,4941,2438,2503,115,15,1265,0
45,145857092,78,5080,2506,2574,154,15,1298,0
45,145857092,79,5194,2559,2635,130,16,1322,0
45,145857092,80,5333,2632,2701,171,32,1325,0
45,145857092,81,5432,2680,2752,122,23,1340,0
45,145857092,82,5565,2752,2813,161,28,1386,0
45,145857092,83,5653,2791,2862,99,11,1416,0
45,145857092,84,5766,2859,2907,126,13,1450,0
45,145857092,85,5872,2916,2956,131,25,1498,0
45,145857092,86,5962,2967,2995,129,39,1497,1
45,145857092,87,6076,3027,3049,140,26,1531,0
45,145857092,88,6174,3079,3095,130,32,1528,3
45,145857092,89,6297,3143,3154,151,28,1532,0
45,145857092,90,6437,3222,3215,171,31,1559,0
45,145857092,91,6548,3268,3280,132,21,1617,0
45,145857092,92,6669,3325,3344,144,23,1663,0
45,145857092,93,6826,3408,3418,179,22,1739,0
45,145857092,94,6979,3483,3496,176,23,1766,0
45,145857092,95,7133,3559,3574,180,26,1775,0
45,145857092,96,7298,3640,3658,193,28,1783,0
45,145857092,97,7470,3717,3753,206,34,1825,0
45,145857092,98,7609,3788,3821,178,39,1848,0
45,145857092,99,7734,3840,3894,167,42,1869,0
46,2084558133,0,1002,493,509,17,15,226,0
46,2084558133,1,1087,520,567,102,17,264,0
46,2084558133,2,1198,574,624,133,22,267,0
46,2084558133,3,1273,612,661,99,24,270,0
46,2084558133,4,1311,625,686,58,20,251,19
46,2084558133,5,1344,649,695,56,23,243,8
46,2084558133,6,1400,672,728,68,12,241,2
46,2084558133,7,1423,687,736,45,22,243,0
46,2084558133,8,1455,703,752,44,12,229,14
46,2084558133,9,1469,709,760,26,12,222,7
46,2084558133,10,1476,714,762,22,15,234,0
46,2084558133,11,1493,719,774,36,19,225,9
46,2084558133,12,1501,726,775,22,14,225,0
46,2084558133,13,1509,730,779,24,16,248,0
46,2084558133,14,1512,728,784,19,16,267,0
46,2084558133,15,1544,745,799,42,10,312,0
46,2084558133,16,1577,758,819,49,16,352,0
46,2084558133,17,1622,779,843,70,25,368,0
46,2084558133,18,1666,800,866,66,22,393,0
46,2084558133,19,1759,836,923,110,17,398,0
46,2084558133,20,1833,875,958,92,18,410,0
46,2084558133,21,1913,921,992,92,12,426,0
46,2084558133,22,2005,962,1043,102,10,428,0
46,2084558133,23,2065,995,1070,75,15,438,0
46,2084558133,24,2134,1025,1109,96,27,432,6
46,2084558133,25,2168,1042,1126,55,21,436,0
46,2084558133,26,2221,1067,1154,71,18,452,0
46,2084558133,27,2274,1093,1181,62,9,456,0
46,2084558133,28,2325,1116,1209,62,11,456,0
46,2084558133,29,2356,1136,1220,45,14,461,0
46,2084558133,30,2382,1145,1237,43,17,510,0
46,2084558133,31,2410,1156,1254,39,11,530,0
46,2084558133,32,2448,1174,1274,59,21,579,0
46,2084558133,33,2520,1212,1308,83,11,586,0
46,2084558133,34,2587,1244,1343,81,14,625,0
46,2084558133,35,2679,1297,1382,99,7,666,0
46,2084558133,36,2769,1340,1429,101,11,679,0
46,2084558133,37,2824,1359,1465,67,12,689,0
46,2084558133,38,2910,1403,1507,103,17,718,0
46,2084558133,39,2988,1442,1546,90,12,739,0
46,2084558133,40,3080,1488,1592,103,11,790,0
46,2084558133,41,3066,1497,1569,129,143,750,40
46,2084558133,42,3142,1534,1608,96,20,758,0
46,2084558133,43,3217,1570,1647,90,15,765,0
46,2084558133,44,3316,1619,1697,113,14,774,0
46,2084558133,45,3367,1650,1717,64,13,820,0
46,2084558133,46,3441,1683,1758,89,15,852,0
46,2084558133,47,3538,1731,1807,104,7,879,0
46,2084558133,48,3624,1774,1850,96,10,919,0
46,2084558133,49,3689,1813,1876,79,14,919,0
46,2084558133,50,3782,1865,1917,102,9,960,0
46,2084558133,51,3884,1916,1968,120,18,969,0
46,2084558133,52,3975,1963,2012,101,10,992,0
46,2084558133,53,4056,1996,2060,88,7,1002,0
46,2084558133,54,4122,2024,2098,78,12,1065,0
46,2084558133,55,4225,2081,2144,117,14,1077,0
46,2084558133,56,4325,2126,2199,122,22,1115,0
46,2084558133,57,4456,2182,2274,145,14,1127,0
46,2084558133,58,4579,2236,2343,138,15,1170,0
46,2084558133,59,4697,2303,2394,130,12,1216,0
46,2084558133,60,4818,2354,2464,134,13,1229,0
46,2084558133,61,4787,2345,2442,137,168,1173,56
46,2084558133,62,4864,2381,2483,92,15,1261,0
46,2084558133,63,4978,2437,2541,130,16,1271,0
46,2084558133,64,5115,2510,2605,161,24,1300,0
46,2084558133,65,5234,2568,2666,133,14,1317,0
46,2084558133,66,5352,2634,2718,137,19,1325,0
46,2084558133,67,5485,2706,2779,151,18,1342,0
46,2084558133,68,5558,2733,2825,101,28,1385,0
46,2084558133,69,5646,2771,2875,107,19,1433,0
46,2084558133,70,5770,2842,2928,141,17,1436,0
46,2084558133,71,5889,2907,2982,136,17,1477,0
46,2084558133,72,6032,2971,3061,159,16,1534,0
46,2084558133,73,6189,3045,3144,177,20,1586,0
46,2084558133,74,6331,3115,3216,172,30,1591,0
46,2084558133,75,6483,3201,3282,176,24,1608,0
46,2084558133,76,6627,3278,3349,165,21,1616,0
46,2084558133,77,6763,3341,3422,156,20,1672,0
46,2084558133,78,6890,3411,3479,158,31,1700,0
46,2084558133,79,7038,3493,3545,192,44,1776,0
46,2084558133,80,7191,3571,3620,197,44,1794,0
46,2084558133,81,7341,3654,3687,189,39,1843,0
46,2084558133,82,7484,3724,3760,174,31,1820,23
46,2084558133,83,7655,3821,3834,200,29,1887,0
46,2084558133,84,7795,3890,3905,176,36,1921,0
46,2084558133,85,7929,3961,3968,176,42,1965,0
46,2084558133,86,7716,3850,3866,206,419,1873,92
46,2084558133,87,7842,3902,3940,167,41,1957,0
46,2084558133,88,8029,3997,4032,232,45,2021,0
46,2084558133,89,8164,4068,4096,173,38,2022,0
46,2084558133,90,8323,4153,4170,198,39,2108,0
46,2084558133,91,8547,4268,4279,258,34,2114,0
46,2084558133,92,8712,4361,4351,201,36,2164,0
46,2084558133,93,8848,4431,4417,170,34,2236,0
46,2084558133,94,9057,4541,4516,246,37,2327,0
46,2084558133,95,9248,4661,4587,249,58,2337,0
46,2084558133,96,9426,4745,4681,225,47,2338,0
46,2084558133,97,9608,4850,4758,241,59,2399,0
46,2084558133,98,9825,4968,4857,276,59,2416,0
46,2084558133,99,9961,5030,4931,207,71,2453,0
47,957106589,0,1000,498,502,14,14,207,0
47,957106589,1,1083,535,548,105,22,260,0
47,957106589,2,1171,576,595,107,19,273,0
47,957106589,3,1233,613,620,80,18,259,14
47,957106589,4,1281,638,643,67,19,259,0
47,957106589,5,1305,654,651,46,22,239,20
47,957106589,6,1320,662,658,39,24,229,10
47,957106589,7,1338,674,664,27,9,223,6
47,957106589,8,1350,675,675,30,18,240,0
47,957106589,9,1374,687,687,40,16,238,2
47,957106589,10,1385,693,692,24,13,246,0
47,957106589,11,1410,708,702,35,10,241,5
47,957106589,12,1422,711,711,31,19,235,6
47,957106589,13,1421,714,707,14,15,247,0
47,957106589,14,1428,721,707,23,16,283,0
47,957106589,15,1441,724,717,33,20,323,0
47,957106589,16,1453,734,719,30,18,338,0
47,957106589,17,1486,748,738,63,30,348,0
47,957106589,18,1552,781,771,86,20,353,0
47,957106589,19,1606,807,799,66,12,351,2
47,957106589,20,1662,834,828,69,13,383,0
47,957106589,21,1709,862,847,56,9,390,0
47,957106589,22,1764,900,864,68,13,405,0
47,957106589,23,1829,935,894,78,13,401,4
47,957106589,24,1874,960,914,64,19,398,3
47,957106589,25,1900,975,925,40,14,409,0
47,957106589,26,1943,1001,942,58,15,409,0
47,957106589,27,1966,1018,948,36,13,421,0
47,957106589,28,1984,1031,953,31,13,417,4
47,957106589,29,2023,1049,974,53,14,432,0
47,957106589,30,2048,1058,990,38,13,451,0
47,957106589,31,2089,1078,1011,62,21,478,0
47,957106589,32,2131,1109,1022,55,13,515,0
47,957106589,33,2189,1140,1049,74,16,533,0
47,957106589,34,2241,1165,1076,64,12,546,0
47,957106589,35,2304,1195,1109,74,11,570,0
47,957106589,36,2387,1248,1139,97,14,590,0
47,957106589,37,2447,1280,1167,71,11,603,0
47,957106589,38,2533,1326,1207,92,6,625,0
47,957106589,39,2589,1360,1229,67,11,642,0
47,957106589,40,2660,1400,1260,81,10,645,0
47,957106589,41,2710,1432,1278,56,6,653,0
47,957106589,42,2789,1470,1319,85,6,657,0
47,957106589,43,2846,1497,1349,66,9,662,0
47,957106589,44,2881,1509,1372,45,10,695,0
47,957106589,45,2937,1541,1396,68,12,704,0
47,957106589,46,3002,1573,1429,72,7,707,0
47,957106589,47,3048,1596,1452,58,12,733,0
47,957106589,48,3114,1626,1488,70,4,764,0
47,957106589,49,3172,1654,1518,63,5,783,0
47,957106589,50,3245,1699,1546,82,9,793,0
47,957106589,51,3337,1748,1589,99,7,826,0
47,957106589,52,3417,1788,1629,83,3,870,0
47,957106589,53,3497,1829,1668,92,12,862,8
47,957106589,54,3571,1870,1701,88,14,883,0
47,957106589,55,3650,1910,1740,92,13,895,0
47,957106589,56,3709,1939,1770,73,14,926,0
47,957106589,57,3803,1988,1815,103,9,950,0
47,957106589,58,3891,2034,1857,103,15,940,10
47,957106589,59,3975,2066,1909,97,13,972,0
47,957106589,60,4078,2119,1959,118,15,1002,0
47,957106589,61,4051,2101,1950,99,126,965,37
47,957106589,62,4137,2144,1993,102,16,1008,0
47,957106589,63,4214,2185,2029,90,13,1027,0
47,957106589,64,4304,2222,2082,102,12,1064,0
47,957106589,65,4396,2276,2120,102,10,1057,7
47,957106589,66,4481,2315,2166,100,15,1076,0
47,957106589,67,4532,2341,2191,63,12,1110,0
47,957106589,68,4618,2380,2238,109,23,1117,0
47,957106589,69,4727,2437,2290,116,7,1167,0
47,957106589,70,4835,2501,2334,115,7,1187,0
47,957106589,71,4954,2563,2391,136,17,1170,17
47,957106589,72,5064,2631,2433,122,12,1231,0
47,957106589,73,5160,2684,2476,113,17,1268,0
47,957106589,74,5271,2743,2528,127,16,1304,0
47,957106589,75,5406,2811,2595,150,15,1320,0
47,957106589,76,5523,2872,2651,130,13,1357,0
47,957106589,77,5657,2944,2713,152,18,1397,0
47,957106589,78,5774,2998,2776,129,12,1403,0
47,957106589,79,5868,3044,2824,121,27,1434,0
47,957106589,80,5967,3100,2867,127,28,1435,0
47,957106589,81,6057,3147,2910,125,35,1458,0
47,957106589,82,6162,3192,2970,129,24,1511,0
47,957106589,83,6279,3259,3020,152,35,1571,0
47,957106589,84,6374,3299,3075,124,29,1578,0
47,957106589,85,6515,3370,3145,167,26,1618,0
47,957106589,86,6635,3423,3212,151,31,1623,0
47,957106589,87,6760,3478,3282,155,30,1665,0
47,957106589,88,6917,3560,3357,185,28,1715,0
47,957106589,89,7031,3619,3412,145,31,1708,7
47,957106589,90,7165,3686,3479,165,31,1725,0
47,957106589,91,7281,3746,3535,149,33,1736,0
47,957106589,92,7454,3820,3634,203,30,1801,0
47,957106589,93,7595,3886,3709,167,26,1848,0
47,957106589,94,7731,3954,3777,172,36,1873,0
47,957106589,95,7878,4025,3853,190,43,1874,0
47,957106589,96,8016,4086,3930,163,25,1937,0
47,957106589,97,8162,4153,4009,180,34,1994,0
47,957106589,98,8279,4210,4069,156,39,2033,0
47,957106589,99,8423,4277,4146,182,38,2052,0
48,1917963002,0,995,497,498,15,20,221,0
48,1917963002,1,1082,546,536,107,20,264,0
48,1917963002,2,1167,581,586,100,15,275,0
48,1917963002,3,1246,624,622,101,22,279,0
48,1917963002,4,1312,664,648,81,15,260,19
48,1917963002,5,1339,673,666,46,19,242,18
48,1917963002,6,1360,681,679,41,20,236,6
48,1917963002,7,1382,687,695,38,16,238,0
48,1917963002,8,1400,697,703,29,11,231,7
48,1917963002,9,1409,703,706,27,18,228,3
48,1917963002,10,1417,708,709,19,11,230,0
48,1917963002,11,1425,715,710,23,15,241,0
48,1917963002,12,1432,717,715,19,12,237,4
48,1917963002,13,1444,723,721,24,12,261,0
48,1917963002,14,1472,738,734,45,17,292,0
48,1917963002,15,1510,760,750,50,12,307,0
48,1917963002,16,1525,774,751,31,16,351,0
48,1917963002,17,1558,796,762,50,17,375,0
48,1917963002,18,1593,814,779,55,20,379,0
48,1917963002,19,1674,846,828,95,14,386,0
48,1917963002,20,1743,882,861,86,17,396,0
48,1917963002,21,1814,923,891,85,14,398,0
48,1917963002,22,1878,952,926,80,16,416,0
48,1917963002,23,1924,977,947,60,14,434,0
48,1917963002,24,1986,1004,982,71,9,420,14
48,1917963002,25,2027,1029,998,62,21,435,0
48,1917963002,26,2076,1055,1021,71,22,431,4
48,1917963002,27,2126,1081,1045,66,16,447,0
48,1917963002,28,2156,1093,1063,48,18,458,0
48,1917963002,29,2168,1096,1072,31,19,454,4
48,1917963002,30,2209,1112,1097,54,13,480,0
48,1917963002,31,2228,1119,1109,34,15,510,0
48,1917963002,32,2259,1134,1125,44,13,537,0
48,1917963002,33,2299,1149,1150,53,13,573,0
48,1917963002,34,2329,1162,1167,43,13,586,0
48,1917963002,35,2396,1191,1205,82,15,605,0
48,1917963002,36,2476,1228,1248,97,17,623,0
48,1917963002,37,2558,1268,1290,97,15,660,0
48,1917963002,38,2635,1315,1320,92,15,676,0
48,1917963002,39,2717,1357,1360,98,16,693,0
48,1917963002,40,2798,1395,1403,93,12,709,0
48,1917963002,41,2886,1441,1445,94,6,737,0
48,1917963002,42,2955,1473,1482,86,17,749,0
48,1917963002,43,3043,1520,1523,103,15,743,6
48,1917963002,44,3102,1548,1554,71,12,763,0
48,1917963002,45,3171,1584,1587,92,23,743,20
48,1917963002,46,3235,1620,1615,77,13,758,0
48,1917963002,47,3287,1645,1642,71,19,788,0
48,1917963002,48,3353,1682,1671,78,12,828,0
48,1917963002,49,3424,1720,1704,91,20,866,0
48,1917963002,50,3494,1747,1747,84,14,886,0
48,1917963002,51,3558,1774,1784,86,22,890,0
48,1917963002,52,3659,1829,1830,116,15,934,0
48,1917963002,53,3747,1873,1874,106,18,965,0
48,1917963002,54,3830,1923,1907,104,21,980,0
48,1917963002,55,3939,1983,1956,128,19,1021,0
48,1917963002,56,4046,2031,2015,121,14,1069,0
48,1917963002,57,4171,2093,2078,145,20,1059,10
48,1917963002,58,4257,2129,2128,106,20,1079,0
48,1917963002,59,4372,2185,2187,132,17,1105,0
48,1917963002,60,4469,2240,2229,115,18,1137,0
48,1917963002,61,4567,2288,2279,116,18,1155,0
48,1917963002,62,4677,2342,2335,124,14,1193,0
48,1917963002,63,4765,2393,2372,115,27,1202,0
48,1917963002,64,4888,2457,2431,136,13,1205,0
48,1917963002,65,4993,2506,2487,115,10,1228,0
48,1917963002,66,5114,2567,2547,137,16,1267,0
48,1917963002,67,5195,2603,2592,100,19,1291,0
48,1917963002,68,5303,2661,2642,125,17,1320,0
48,1917963002,69,5410,2713,2697,129,22,1348,0
48,1917963002,70,5294,2656,2638,119,235,1327,21
48,1917963002,71,5444,2728,2716,161,11,1400,0
48,1917963002,72,5588,2801,2787,153,9,1438,0
48,1917963002,73,5553,2782,2771,137,172,1382,56
48,1917963002,74,5673,2837,2836,130,10,1437,0
48,1917963002,75,5814,2904,2910,153,12,1500,0
48,1917963002,76,5713,2861,2852,180,281,1452,48
48,1917963002,77,5818,2915,2903,126,21,1515,0
48,1917963002,78,5939,2976,2963,149,28,1551,0
48,1917963002,79,6065,3043,3022,154,28,1573,0
48,1917963002,80,6187,3111,3076,145,23,1583,0
48,1917963002,81,6314,3170,3144,149,22,1629,0
48,1917963002,82,6448,3234,3214,148,14,1645,0
48,1917963002,83,6577,3305,3272,152,23,1654,0
48,1917963002,84,6703,3373,3330,146,20,1704,0
48,1917963002,85,6846,3437,3409,169,26,1735,0
48,1917963002,86,6974,3503,3471,152,24,1819,0
48,1917963002,87,7121,3570,3551,169,22,1786,33
48,1917963002,88,7267,3652,3615,171,25,1844,0
48,1917963002,89,7401,3726,3675,166,32,1873,0
48,1917963002,90,7538,3800,3738,162,25,1888,0
48,1917963002,91,7654,3853,3801,145,29,1935,0
48,1917963002,92,7794,3929,3865,166,26,1991,0
48,1917963002,93,7955,4009,3946,192,31,2063,0
48,1917963002,94,8160,4129,4031,233,28,2101,0
48,1917963002,95,8345,4230,4115,219,34,2111,0
48,1917963002,96,8513,4322,4191,201,33,2119,0
48,1917963002,97,8714,4423,4291,239,38,2168,0
48,1917963002,98,8911,4532,4379,221,24,2212,0
48,1917963002,99,9108,4622,4486,239,42,2266,0
49,1455819991,0,1007,505,502,24,17,241,0
49,1455819991,1,1091,548,543,106,22,277,0
49,1455819991,2,1173,585,588,93,11,258,19
49,1455819991,3,1231,619,612,78,20,266,0
49,1455819991,4,1293,647,646,72,10,252,14
49,1455819991,5,1327,664,663,54,20,243,9
49,1455819991,6,1355,680,675,43,15,241,2
49,1455819991,7,1371,686,685,38,22,248,0
49,1455819991,8,1386,698,688,28,13,238,10
49,1455819991,9,1404,703,701,34,16,239,0
49,1455819991,10,1415,709,706,24,13,234,5
49,1455819991,11,1422,714,708,26,19,236,0
49,1455819991,12,1422,718,704,24,24,225,11
49,1455819991,13,1426,723,703,21,17,260,0
49,1455819991,14,1446,729,717,33,13,288,0
49,1455819991,15,1464,740,724,28,10,322,0
49,1455819991,16,1501,757,744,61,24,343,0
49,1455819991,17,1566,788,778,81,16,353,0
49,1455819991,18,1605,806,799,55,16,368,0
49,1455819991,19,1666,839,827,84,23,373,0
49,1455819991,20,1723,870,853,74,17,393,0
49,1455819991,21,1773,883,890,66,16,410,0
49,1455819991,22,1839,919,920,79,13,407,3
49,1455819991,23,1785,895,890,44,98,391,16
49,1455819991,24,1838,922,916,66,13,394,0
49,1455819991,25,1883,946,937,61,16,415,0
49,1455819991,26,1937,967,970,62,8,409,6
49,1455819991,27,1978,982,996,51,10,430,0
49,1455819991,28,2018,1001,1017,45,5,446,0
49,1455819991,29,2047,1011,1036,42,13,487,0
49,1455819991,30,2062,1016,1046,33,18,489,0
49,1455819991,31,2102,1033,1069,50,10,530,0
49,1455819991,32,2136,1054,1082,52,18,529,1
49,1455819991,33,2181,1075,1106,59,14,533,0
49,1455819991,34,2256,1117,1139,84,9,571,0
49,1455819991,35,2330,1156,1174,95,21,578,0
49,1455819991,36,2377,1175,1202,67,20,590,0
49,1455819991,37,2436,1211,1225,76,17,597,0
49,1455819991,38,2500,1248,1252,75,11,634,0
49,1455819991,39,2570,1284,1286,83,13,647,0
49,1455819991,40,2632,1312,1320,72,10,646,1
49,1455819991,41,2711,1349,1362,94,15,665,0
49,1455819991,42,2773,1380,1393,75,13,652,13
49,1455819991,43,2834,1410,1424,70,9,678,0
49,1455819991,44,2880,1433,1447,65,19,700,0
49,1455819991,45,2951,1463,1488,82,11,698,2
49,1455819991,46,3014,1495,1519,74,11,751,0
49,1455819991,47,3077,1526,1551,74,11,769,0
49,1455819991,48,3142,1563,1579,83,18,781,0
49,1455819991,49,3209,1589,1620,74,7,795,0
49,1455819991,50,3309,1642,1667,108,8,827,0
49,1455819991,51,3403,1681,1722,117,23,834,0
49,1455819991,52,3468,1725,1743,87,22,862,0
49,1455819991,53,3542,1759,1783,91,17,909,0
49,1455819991,54,3635,1811,1824,106,13,940,0
49,1455819991,55,3729,1861,1868,108,14,953,0
49,1455819991,56,3812,1903,1909,98,15,973,0
49,1455819991,57,3885,1943,1942,91,18,997,0
49,1455819991,58,3982,1991,1991,118,21,1003,0
49,1455819991,59,4063,2039,2024,102,21,1054,0
49,1455819991,60,4142,2078,2064,96,17,1092,0
49,1455819991,61,4247,2131,2116,122,17,1111,0
49,1455819991,62,4328,2167,2161,103,22,1100,11
49,1455819991,63,4292,2151,2141,110,146,1035,65
49,1455819991,64,4385,2199,2186,103,10,1064,0
49,1455819991,65,4467,2240,2227,96,14,1123,0
49,1455819991,66,4561,2296,2265,108,14,1159,0
49,1455819991,67,4672,2357,2315,126,15,1168,0
49,1455819991,68,4777,2417,2360,123,18,1182,0
49,1455819991,69,4902,2482,2420,140,15,1218,0
49,1455819991,70,5007,2531,2476,121,16,1285,0
49,1455819991,71,5113,2593,2520,125,19,1287,0
49,1455819991,72,5245,2659,2586,154,22,1307,0
49,1455819991,73,5355,2721,2634,139,29,1353,0
49,1455819991,74,5467,2774,2693,125,13,1372,0
49,1455819991,75,5571,2814,2757,118,14,1413,0
49,1455819991,76,5674,2856,2818,125,22,1448,0
49,1455819991,77,5819,2927,2892,165,20,1453,0
49,1455819991,78,5910,2980,2930,123,32,1475,0
49,1455819991,79,6035,3038,2997,151,26,1509,0
49,1455819991,80,6133,3087,3046,130,32,1523,0
49,1455819991,81,6256,3142,3114,161,38,1541,0
49,1455819991,82,6345,3172,3173,138,49,1582,0
49,1455819991,83,6435,3221,3214,124,34,1607,0
49,1455819991,84,6538,3263,3275,135,32,1641,0
49,1455819991,85,6672,3328,3344,167,33,1665,0
49,1455819991,86,6796,3384,3412,162,38,1698,0
49,1455819991,87,6898,3447,3451,151,49,1735,0
49,1455819991,88,7041,3514,3527,178,35,1785,0
49,1455819991,89,7186,3584,3602,193,48,1822,0
49,1455819991,90,7320,3659,3661,167,33,1818,4
49,1455819991,91,7465,3728,3737,190,45,1876,0
49,1455819991,92,7585,3785,3800,166,46,1919,0
49,1455819991,93,7733,3856,3877,189,41,1960,0
49,1455819991,94,7852,3908,3944,156,37,2032,0
49,1455819991,95,8002,3986,4016,193,43,2054,0
49,1455819991,96,8161,4072,4089,200,41,2112,0
49,1455819991,97,8323,4146,4177,190,28,2108,4
49,1455819991,98,8454,4215,4239,191,60,2129,0
49,1455819991,99,8635,4311,4324,233,52,2159,0
50,1671565830,0,991,500,491,12,21,228,0
50,1671565830,1,1075,547,528,95,11,282,0
50,1671565830,2,1175,610,565,107,7,278,4
50,1671565830,3,1272,649,623,103,6,295,0
50,1671565830,4,1323,673,650,70,19,271,24
50,1671565830,5,1369,690,679,68,22,261,10
50,1671565830,6,1408,708,700,54,15,249,12
50,1671565830,7,1415,716,699,22,15,243,6
50,1671565830,8,1428,727,701,36,23,252,0
50,1671565830,9,1448,732,716,36,16,244,8
50,1671565830,10,1465,745,720,35,18,240,4
50,1671565830,11,1458,743,715,11,18,244,0
50,1671565830,12,1471,755,716,32,19,246,0
50,1671565830,13,1471,755,716,10,10,268,0
50,1671565830,14,1484,767,717,31,18,279,0
50,1671565830,15,1527,781,746,54,11,291,0
50,1671565830,16,1548,789,759,36,15,335,0
50,1671565830,17,1578,795,783,40,10,379,0
50,1671565830,18,1642,827,815,75,11,404,0
50,1671565830,19,1711,862,849,84,15,387,17
50,1671565830,20,1793,900,893,97,15,375,12
50,1671565830,21,1853,926,927,74,14,408,0
50,1671565830,22,1897,954,943,61,17,433,0
50,1671565830,23,1968,995,973,80,9,424,9
50,1671565830,24,2029,1026,1003,79,18,414,10
50,1671565830,25,2100,1065,1035,86,15,426,0
50,1671565830,26,2138,1087,1051,55,17,427,0
50,1671565830,27,2187,1116,1071,55,6,443,0
50,1671565830,28,2219,1130,1089,52,20,447,0
50,1671565830,29,2242,1147,1095,41,18,472,0
50,1671565830,30,2268,1160,1108,49,23,488,0
50,1671565830,31,2298,1172,1126,48,18,512,0
50,1671565830,32,2361,1198,1163,72,9,545,0
50,1671565830,33,2428,1238,1190,82,15,589,0
50,1671565830,34,2501,1281,1220,90,17,616,0
50,1671565830,35,2572,1316,1256,80,9,611,5
50,1671565830,36,2642,1363,1279,80,10,645,0
50,1671565830,37,2741,1419,1322,104,5,679,0
50,1671565830,38,2824,1461,1363,98,15,692,0
50,1671565830,39,2875,1490,1385,68,17,716,0
50,1671565830,40,2940,1521,1419,85,20,715,1
50,1671565830,41,3029,1567,1462,107,18,711,4
50,1671565830,42,3107,1615,1492,94,16,746,0
50,1671565830,43,3193,1656,1537,98,12,765,0
50,1671565830,44,3249,1686,1563,71,15,771,0
50,1671565830,45,3294,1712,1582,70,25,810,0
50,1671565830,46,3341,1727,1614,71,24,835,0
50,1671565830,47,3274,1644,1630,100,167,753,82
50,1671565830,48,3335,1671,1664,75,14,800,0
50,1671565830,49,3423,1719,1704,102,14,843,0
50,1671565830,50,3512,1770,1742,99,10,889,0
50,1671565830,51,3586,1805,1781,86,12,890,0
50,1671565830,52,3670,1841,1829,91,7,931,0
50,1671565830,53,3769,1893,1876,104,5,962,0
50,1671565830,54,3849,1931,1918,102,22,993,0
50,1671565830,55,3936,1985,1951,102,15,1010,0
50,1671565830,56,4050,2035,2015,127,13,1033,0
50,1671565830,57,4142,2087,2055,113,21,1052,0
50,1671565830,58,4256,2146,2110,132,18,1091,0
50,1671565830,59,4376,2205,2171,132,12,1089,2
50,1671565830,60,4468,2243,2225,107,15,1116,0
50,1671565830,61,4548,2290,2258,104,24,1128,0
50,1671565830,62,4640,2337,2303,112,20,1181,0
50,1671565830,63,4733,2377,2356,114,21,1217,0
50,1671565830,64,4838,2431,2407,120,15,1233,0
50,1671565830,65,4937,2481,2456,121,22,1252,0
50,1671565830,66,5020,2523,2497,100,17,1281,0
50,1671565830,67,5132,2578,2554,117,5,1315,0
50,1671565830,68,5229,2638,2591,122,25,1343,0
50,1671565830,69,5346,2699,2647,131,14,1370,0
50,1671565830,70,5452,2753,2699,125,19,1388,0
50,1671565830,71,5574,2815,2759,138,16,1439,0
50,1671565830,72,5672,2863,2809,112,14,1467,0
50,1671565830,73,5798,2933,2865,149,23,1492,0
50,1671565830,74,5925,2997,2928,154,27,1531,0
50,1671565830,75,6060,3064,2996,146,11,1560,0
50,1671565830,76,6215,3136,3079,172,17,1616,0
50,1671565830,77,6328,3197,3131,136,23,1629,0
50,1671565830,78,6477,3255,3222,175,26,1663,0
50,1671565830,79,6621,3333,3288,182,38,1681,0
50,1671565830,80,6738,3384,3354,155,38,1641,40
50,1671565830,81,6842,3432,3410,158,54,1707,0
50,1671565830,82,6953,3487,3466,145,34,1754,0
50,1671565830,83,7061,3548,3513,147,39,1798,0
50,1671565830,84,7190,3620,3570,174,45,1815,0
50,1671565830,85,7328,3688,3640,162,24,1830,0
50,1671565830,86,7475,3754,3721,176,29,1824,6
50,1671565830,87,7602,3820,3782,163,36,1889,0
50,1671565830,88,7701,3873,3828,140,41,1927,0
50,1671565830,89,7824,3933,3891,169,46,1964,0
50,1671565830,90,7955,4005,3950,183,52,2034,0
50,1671565830,91,8086,4088,3998,176,45,2082,0
50,1671565830,92,8249,4165,4084,198,35,2120,0
50,1671565830,93,8419,4253,4166,205,35,2133,0
50,1671565830,94,8542,4299,4243,168,45,2169,0
50,1671565830,95,8711,4396,4315,232,63,2165,4
50,1671565830,96,8836,4466,4370,182,57,2236,0
50,1671565830,97,9023,4561,4462,241,54,2327,0
50,1671565830,98,9209,4651,4558,233,47,2362,0
50,1671565830,99,9385,4738,4647,238,62,2340,22
51,1631871623,0,1003,501,502,21,18,213,0
51,1631871623,1,1084,547,537,98,17,256,0
51,1631871623,2,1166,578,588,97,15,261,0
51,1631871623,3,1162,571,591,62,66,232,29
51,1631871623,4,1198,596,602,60,24,235,0
51,1631871623,5,1234,614,620,52,16,212,23
51,1631871623,6,1255,626,629,46,25,208,4
51,1631871623,7,1276,637,639,30,9,204,4
51,1631871623,8,1299,649,650,35,12,221,0
51,1631871623,9,1312,655,657,21,8,217,4
51,1631871623,10,1312,652,660,18,18,219,0
51,1631871623,11,1322,657,665,26,16,221,0
51,1631871623,12,1332,660,672,28,18,214,7
51,1631871623,13,1326,656,670,9,15,235,0
51,1631871623,14,1338,663,675,26,14,262,0
51,1631871623,15,1364,669,695,35,9,277,0
51,1631871623,16,1394,684,710,41,11,317,0
51,1631871623,17,1446,709,737,62,10,331,0
51,1631871623,18,1501,734,767,69,14,345,0
51,1631871623,19,1593,771,822,101,9,347,0
51,1631871623,20,1658,807,851,73,8,354,0
51,1631871623,21,1700,828,872,51,9,366,0
51,1631871623,22,1750,853,897,61,11,379,0
51,1631871623,23,1796,876,920,65,19,380,0
51,1631871623,24,1837,897,940,59,18,402,0
51,1631871623,25,1865,906,959,49,21,387,15
51,1631871623,26,1891,919,972,40,14,379,8
51,1631871623,27,1911,929,982,42,22,386,0
51,1631871623,28,1933,937,996,33,11,409,0
51,1631871623,29,1964,945,1019,44,13,429,0
51,1631871623,30,2000,969,1031,48,12,423,6
51,1631871623,31,2023,986,1037,43,20,472,0
51,1631871623,32,2052,1000,1052,53,24,497,0
51,1631871623,33,2080,1020,1060,49,21,511,0
51,1631871623,34,2128,1050,1078,62,14,533,0
51,1631871623,35,2203,1093,1110,84,9,575,0
51,1631871623,36,2285,1137,1148,96,14,598,0
51,1631871623,37,2353,1166,1187,82,14,583,15
51,1631871623,38,2420,1191,1229,84,17,601,0
51,1631871623,39,2478,1220,1258,74,16,608,0
51,1631871623,40,2549,1250,1299,82,11,626,0
51,1631871623,41,2618,1279,1339,82,13,644,0
51,1631871623,42,2698,1324,1374,106,26,634,10
51,1631871623,43,2778,1361,1417,91,11,633,1
51,1631871623,44,2835,1390,1445,69,12,653,0
51,1631871623,45,2899,1421,1478,79,15,667,0
51,1631871623,46,2951,1446,1505,63,11,698,0
51,1631871623,47,2995,1469,1526,55,11,716,0
51,1631871623,48,3060,1495,1565,72,7,751,0
51,1631871623,49,3115,1512,1603,72,17,765,0
51,1631871623,50,3161,1528,1633,72,26,791,0
51,1631871623,51,3199,1546,1653,70,32,834,0
51,1631871623,52,3254,1572,1682,71,16,815,19
51,1631871623,53,3332,1609,1723,95,17,817,0
51,1631871623,54,3418,1658,1760,100,14,848,0
51,1631871623,55,3524,1717,1807,118,12,905,0
51,1631871623,56,3595,1762,1833,87,16,940,0
51,1631871623,57,3705,1812,1893,123,13,961,0
51,1631871623,58,3797,1858,1939,109,17,1002,0
51,1631871623,59,3900,1906,1994,123,20,1007,0
51,1631871623,60,4014,1972,2042,128,14,983,24
51,1631871623,61,4111,2026,2085,106,9,1044,0
51,1631871623,62,4209,2078,2131,116,18,1057,0
51,1631871623,63,4307,2131,2176,118,20,1037,20
51,1631871623,64,4395,2176,2219,107,19,1062,0
51,1631871623,65,4503,2222,2281,120,12,1066,0
51,1631871623,66,4597,2273,2324,113,19,1090,0
51,1631871623,67,4695,2321,2374,111,13,1114,0
51,1631871623,68,4793,2362,2431,105,7,1163,0
51,1631871623,69,4908,2415,2493,124,9,1211,0
51,1631871623,70,5027,2465,2562,128,9,1218,0
51,1631871623,71,5143,2533,2610,130,14,1231,0
51,1631871623,72,5252,2590,2662,128,19,1284,0
51,1631871623,73,5159,2542,2617,145,238,1266,18
51,1631871623,74,5299,2610,2689,151,11,1354,0
51,1631871623,75,5394,2660,2734,118,23,1394,0
51,1631871623,76,5540,2733,2807,159,13,1432,0
51,1631871623,77,5686,2818,2868,161,15,1488,0
51,1631871623,78,5788,2876,2912,129,27,1468,20
51,1631871623,79,5962,2964,2998,198,24,1477,0
51,1631871623,80,6059,3021,3038,137,40,1525,0
51,1631871623,81,6184,3086,3098,160,35,1560,0
51,1631871623,82,6329,3158,3171,182,37,1577,0
51,1631871623,83,6463,3220,3243,166,32,1592,0
51,1631871623,84,6592,3294,3298,165,36,1617,0
51,1631871623,85,6680,3332,3348,132,44,1652,0
51,1631871623,86,6817,3385,3432,175,38,1679,0
51,1631871623,87,6980,3469,3511,174,11,1700,0
51,1631871623,88,7118,3539,3579,160,22,1767,0
51,1631871623,89,7266,3615,3651,195,47,1806,0
51,1631871623,90,7395,3682,3713,163,34,1811,0
51,1631871623,91,7526,3753,3773,165,34,1859,0
51,1631871623,92,7688,3848,3840,196,34,1891,0
51,1631871623,93,7855,3930,3925,205,38,1956,0
51,1631871623,94,8014,4024,3990,195,36,1983,0
51,1631871623,95,8150,4070,4080,187,51,2053,0
51,1631871623,96,8334,4172,4162,234,50,2091,0
51,1631871623,97,8485,4258,4227,199,48,2118,0
51,1631871623,98,8589,4305,4284,154,50,2158,0
51,1631871623,99,8793,4405,4388,259,55,2227,0
52,417983441,0,973,482,491,14,41,225,0
52,417983441,1,1076,535,541,124,21,246,0
52,417983441,2,1152,575,577,89,13,257,0
52,417983441,3,1161,579,582,61,52,217,40
52,417983441,4,1213,612,601,67,15,226,0
52,417983441,5,1238,625,613,43,18,210,16
52,417983441,6,1273,636,637,56,21,209,1
52,417983441,7,1295,645,650,35,13,208,1
52,417983441,8,1329,655,674,46,12,209,0
52,417983441,9,1355,670,685,40,14,211,0
52,417983441,10,1376,679,697,31,10,220,0
52,417983441,11,1386,682,704,21,11,220,0
52,417983441,12,1402,687,715,25,9,207,13
52,417983441,13,1400,688,712,10,12,241,0
52,417983441,14,1417,700,717,28,11,271,0
52,417983441,15,1447,716,731,43,13,296,0
52,417983441,16,1476,729,747,51,22,321,0
52,417983441,17,1514,743,771,52,14,342,0
52,417983441,18,1553,760,793,55,16,362,0
52,417983441,19,1606,780,826,72,19,363,0
52,417983441,20,1661,808,853,69,14,381,0
52,417983441,21,1719,838,881,70,12,377,4
52,417983441,22,1769,864,905,68,18,393,0
52,417983441,23,1822,890,932,66,13,416,0
52,417983441,24,1880,920,960,65,7,441,0
52,417983441,25,1930,951,979,66,16,418,23
52,417983441,26,1971,967,1004,62,21,423,0
52,417983441,27,2011,993,1018,54,14,434,0
52,417983441,28,2046,1010,1036,54,19,433,1
52,417983441,29,2079,1027,1052,49,16,459,0
52,417983441,30,2133,1060,1073,66,12,484,0
52,417983441,31,2158,1080,1078,41,16,487,0
52,417983441,32,2209,1102,1107,64,13,528,0
52,417983441,33,2254,1124,1130,61,16,553,0
52,417983441,34,2303,1152,1151,66,17,570,0
52,417983441,35,2364,1179,1185,83,22,584,0
52,417983441,36,2416,1196,1220,77,25,595,0
52,417983441,37,2483,1229,1254,83,16,630,0
52,417983441,38,2554,1258,1296,77,6,645,0
52,417983441,39,2641,1292,1349,101,14,645,0
52,417983441,40,2707,1323,1384,82,16,659,0
52,417983441,41,2689,1312,1377,103,121,665,0
52,417983441,42,2737,1331,1406,56,8,697,0
52,417983441,43,2826,1377,1449,97,8,713,0
52,417983441,44,2881,1416,1465,65,10,720,0
52,417983441,45,2956,1451,1505,83,8,775,0
52,417983441,46,3025,1489,1536,76,7,793,0
52,417983441,47,3094,1524,1570,77,8,815,0
52,417983441,48,3167,1555,1612,82,9,814,1
52,417983441,49,3260,1606,1654,101,8,828,0
52,417983441,50,3327,1639,1688,76,9,838,0
52,417983441,51,3406,1682,1724,83,4,869,0
52,417983441,52,3472,1714,1758,74,8,872,0
52,417983441,53,3561,1759,1802,107,18,915,0
52,417983441,54,3665,1809,1856,113,9,950,0
52,417983441,55,3757,1848,1909,99,7,962,0
52,417983441,56,3837,1885,1952,89,9,1013,0
52,417983441,57,3938,1940,1998,107,6,1040,0
52,417983441,58,4020,1977,2043,96,14,1061,0
52,417983441,59,4108,2017,2091,101,13,1067,0
52,417983441,60,4114,2036,2078,124,118,1037,30
52,417983441,61,4203,2072,2131,100,11,1082,0
52,417983441,62,4316,2134,2182,121,8,1106,0
52,417983441,63,4439,2202,2237,141,18,1137,0
52,417983441,64,4560,2261,2299,127,6,1126,11
52,417983441,65,4676,2316,2360,120,4,1190,0
52,417983441,66,4769,2359,2410,99,6,1233,0
52,417983441,67,4848,2403,2445,94,15,1242,0
52,417983441,68,4972,2457,2515,137,13,1248,0
52,417983441,69,5110,2518,2592,147,9,1262,0
52,417983441,70,5222,2578,2644,119,7,1270,0
52,417983441,71,5324,2621,2703,115,13,1342,0
52,417983441,72,5430,2667,2763,115,9,1355,0
52,417983441,73,5523,2717,2806,105,12,1425,0
52,417983441,74,5385,2648,2737,130,268,1370,55
52,417983441,75,5502,2712,2790,132,15,1378,0
52,417983441,76,5648,2785,2863,159,13,1443,0
52,417983441,77,5783,2858,2925,142,7,1485,0
52,417983441,78,5900,2914,2986,136,19,1547,0
52,417983441,79,6060,2997,3063,178,18,1546,1
52,417983441,80,6194,3059,3135,159,25,1581,0
52,417983441,81,6342,3127,3215,175,27,1593,0
52,417983441,82,6474,3194,3280,159,27,1614,0
52,417983441,83,6603,3261,3342,155,26,1658,0
52,417983441,84,6748,3329,3419,165,20,1698,0
52,417983441,85,6877,3394,3483,152,23,1695,3
52,417983441,86,7029,3460,3569,170,18,1729,0
52,417983441,87,7149,3522,3627,151,31,1777,0
52,417983441,88,7298,3608,3690,181,32,1812,0
52,417983441,89,7444,3683,3761,168,22,1835,0
52,417983441,90,7606,3758,3848,189,27,1869,0
52,417983441,91,7743,3824,3919,170,33,1950,0
52,417983441,92,7866,3883,3983,148,25,1975,0
52,417983441,93,8018,3961,4057,178,26,2007,0
52,417983441,94,8183,4045,4138,190,25,2029,0
52,417983441,95,8343,4138,4205,196,36,2105,0
52,417983441,96,8516,4231,4285,206,33,2121,0
52,417983441,97,8684,4310,4374,205,37,2201,0
52,417983441,98,8863,4401,4462,208,29,2231,0
52,417983441,99,9043,4503,4540,227,47,2234,0
53,781482251,0,1000,497,503,15,15,236,0
53,781482251,1,1100,543,557,111,11,265,0
53,781482251,2,1179,568,611,98,19,273,0
53,781482251,3,1234,598,636,74,19,261,12
53,781482251,4,1276,614,662,58,16,256,5
53,781482251,5,1304,635,669,50,22,243,13
53,781482251,6,1323,642,681,38,19,223,20
53,781482251,7,1345,652,693,37,15,227,0
53,781482251,8,1352,655,697,21,14,236,0
53,781482251,9,1359,663,696,29,22,236,0
53,781482251,10,1327,631,696,31,63,197,39
53,781482251,11,1322,633,689,14,19,211,0
53,781482251,12,1335,635,700,28,15,219,0
53,781482251,13,1343,639,704,22,14,234,0
53,781482251,14,1360,649,711,33,16,260,0
53,781482251,15,1368,656,712,28,20,293,0
53,781482251,16,1397,662,735,45,16,316,0
53,781482251,17,1425,672,753,48,20,333,0
53,781482251,18,1464,694,770,53,14,346,0
53,781482251,19,1537,730,807,88,15,358,0
53,781482251,20,1605,768,837,75,7,358,0
53,781482251,21,1652,789,863,70,23,363,0
53,781482251,22,1691,813,878,52,13,378,0
53,781482251,23,1751,844,907,77,17,376,2
53,781482251,24,1803,869,934,63,11,398,0
53,781482251,25,1860,896,964,64,7,386,12
53,781482251,26,1892,911,981,43,11,394,0
53,781482251,27,1928,934,994,51,15,398,0
53,781482251,28,1985,960,1025,69,12,416,0
53,781482251,29,2020,975,1045,51,16,401,15
53,781482251,30,2049,990,1059,41,12,426,0
53,781482251,31,2071,1001,1070,38,16,452,0
53,781482251,32,2115,1016,1099,58,14,483,0
53,781482251,33,2164,1044,1120,65,16,504,0
53,781482251,34,2245,1086,1159,92,11,527,0
53,781482251,35,2290,1114,1176,56,11,542,0
53,781482251,36,2374,1157,1217,95,11,578,0
53,781482251,37,2448,1192,1256,85,11,601,0
53,781482251,38,2520,1226,1294,88,16,610,0
53,781482251,39,2589,1257,1332,88,19,624,0
53,781482251,40,2656,1294,1362,77,10,647,0
53,781482251,41,2730,1332,1398,90,16,638,9
53,781482251,42,2799,1365,1434,84,15,667,0
53,781482251,43,2885,1412,1473,98,12,659,8
53,781482251,44,2960,1458,1502,91,16,678,0
53,781482251,45,3016,1483,1533,61,5,721,0
53,781482251,46,3090,1510,1580,87,13,725,0
53,781482251,47,3142,1537,1605,62,10,759,0
53,781482251,48,3220,1578,1642,88,10,785,0
53,781482251,49,3292,1618,1674,83,11,816,0
53,781482251,50,3383,1651,1732,100,9,819,0
53,781482251,51,3479,1705,1774,111,15,868,0
53,781482251,52,3591,1757,1834,119,7,892,0
53,781482251,53,3688,1805,1883,103,6,915,0
53,781482251,54,3771,1848,1923,92,9,946,0
53,781482251,55,3878,1895,1983,114,7,959,0
53,781482251,56,3975,1939,2036,106,9,982,0
53,781482251,57,4057,1977,2080,98,16,1046,0
53,781482251,58,4155,2017,2138,110,12,1063,0
53,781482251,59,4266,2085,2181,123,12,1078,0
53,781482251,60,4378,2144,2234,124,12,1102,0
53,781482251,61,4469,2195,2274,108,17,1146,0
53,781482251,62,4569,2243,2326,109,9,1162,0
53,781482251,63,4675,2294,2381,118,12,1186,0
53,781482251,64,4617,2262,2355,95,153,1127,59
53,781482251,65,4709,2314,2395,97,5,1211,0
53,781482251,66,4630,2279,2351,124,203,1165,46
53,781482251,67,4749,2339,2410,127,8,1224,0
53,781482251,68,4846,2388,2458,110,13,1232,0
53,781482251,69,4992,2460,2532,158,12,1257,0
53,781482251,70,5115,2528,2587,136,13,1288,0
53,781482251,71,5226,2586,2640,128,17,1349,0
53,781482251,72,5356,2654,2702,139,9,1360,0
53,781482251,73,5457,2711,2746,115,14,1396,0
53,781482251,74,5586,2787,2799,142,13,1452,0
53,781482251,75,5724,2851,2873,153,15,1459,0
53,781482251,76,5841,2913,2928,138,21,1480,0
53,781482251,77,6006,2985,3021,178,13,1475,5
53,781482251,78,6138,3047,3091,148,16,1517,0
53,781482251,79,6270,3118,3152,160,28,1544,0
53,781482251,80,6387,3171,3216,130,13,1607,0
53,781482251,81,6496,3232,3264,124,15,1636,0
53,781482251,82,6608,3295,3313,131,19,1673,0
53,781482251,83,6735,3365,3370,157,30,1704,0
53,781482251,84,6869,3438,3431,165,31,1741,0
53,781482251,85,6992,3497,3495,156,33,1795,0
53,781482251,86,7117,3544,3573,152,27,1799,0
53,781482251,87,7228,3613,3615,145,34,1840,0
53,781482251,88,7367,3676,3691,154,15,1865,0
53,781482251,89,7531,3758,3773,189,25,1912,0
53,781482251,90,7698,3846,3852,202,35,1949,0
53,781482251,91,7830,3909,3921,167,35,1992,0
53,781482251,92,7984,3994,3990,184,30,2054,0
53,781482251,93,8177,4091,4086,223,30,2038,16
53,781482251,94,8371,4188,4183,220,26,2107,0
53,781482251,95,8552,4282,4270,219,38,2149,0
53,781482251,96,8719,4377,4342,199,32,2164,0
53,781482251,97,8844,4432,4412,175,50,2213,0
53,781482251,98,9011,4512,4499,201,34,2255,0
53,781482251,99,9163,4598,4565,201,49,2314,0
54,1002275723,0,999,498,501,21,22,224,0
54,1002275723,1,1081,533,548,99,17,265,0
54,1002275723,2,1133,560,573,75,23,255,10
54,1002275723,3,1167,577,590,56,22,252,3
54,1002275723,4,1217,602,615,73,23,254,0
54,1002275723,5,1249,616,633,52,20,228,26
54,1002275723,6,1267,622,645,39,21,232,0
54,1002275723,7,1299,638,661,46,14,232,0
54,1002275723,8,1309,642,667,24,14,237,0
54,1002275723,9,1325,649,676,28,12,242,0
54,1002275723,10,1337,648,689,31,19,240,2
54,1002275723,11,1335,654,681,20,22,231,9
54,1002275723,12,1363,674,689,38,10,245,0
54,1002275723,13,1365,673,692,16,14,260,0
54,1002275723,14,1403,690,713,41,3,269,0
54,1002275723,15,1428,701,727,33,8,288,0
54,1002275723,16,1436,703,733,25,17,326,0
54,1002275723,17,1484,730,754,61,13,339,0
54,1002275723,18,1545,764,781,73,12,345,0
54,1002275723,19,1607,787,820,75,13,343,2
54,1002275723,20,1653,815,838,65,19,355,0
54,1002275723,21,1693,835,858,56,16,369,0
54,1002275723,22,1765,867,898,75,3,374,0
54,1002275723,23,1800,887,913,58,23,373,1
54,1002275723,24,1859,917,942,66,7,394,0
54,1002275723,25,1921,952,969,83,21,392,2
54,1002275723,26,1948,967,981,46,19,408,0
54,1002275723,27,1971,980,991,41,18,411,0
54,1002275723,28,2008,999,1009,50,13,417,0
54,1002275723,29,2047,1017,1030,59,20,429,0
54,1002275723,30,2085,1038,1047,52,14,451,0
54,1002275723,31,2115,1050,1065,51,21,465,0
54,1002275723,32,2144,1064,1080,49,20,507,0
54,1002275723,33,2206,1096,1110,69,7,526,0
54,1002275723,34,2253,1118,1135,63,16,553,0
54,1002275723,35,2301,1138,1163,60,12,577,0
54,1002275723,36,2379,1185,1194,95,17,587,0
54,1002275723,37,2458,1224,1234,93,14,584,3
54,1002275723,38,2536,1275,1261,90,12,630,0
54,1002275723,39,2623,1309,1314,103,16,645,0
54,1002275723,40,2708,1361,1347,104,19,649,0
54,1002275723,41,2771,1388,1383,76,13,664,0
54,1002275723,42,2841,1418,1423,85,15,683,0
54,1002275723,43,2902,1453,1449,77,16,703,0
54,1002275723,44,2964,1484,1480,72,10,702,1
54,1002275723,45,3016,1512,1504,66,14,731,0
54,1002275723,46,3090,1556,1534,86,12,754,0
54,1002275723,47,3156,1586,1570,84,18,790,0
54,1002275723,48,3218,1614,1604,79,17,800,0
54,1002275723,49,3303,1662,1641,100,15,822,0
54,1002275723,50,3367,1697,1670,78,14,838,0
54,1002275723,51,3423,1726,1697,74,18,858,0
54,1002275723,52,3502,1768,1734,91,12,918,0
54,1002275723,53,3604,1828,1776,110,8,898,20
54,1002275723,54,3685,1872,1813,94,13,936,0
54,1002275723,55,3784,1913,1871,118,19,996,0
54,1002275723,56,3857,1939,1918,99,26,1006,0
54,1002275723,57,3962,1988,1974,127,22,1004,2
54,1002275723,58,4068,2035,2033,115,9,1056,0
54,1002275723,59,4170,2087,2083,116,14,1057,0
54,1002275723,60,4276,2144,2132,124,18,1058,0
54,1002275723,61,4387,2209,2178,129,18,1107,0
54,1002275723,62,4494,2257,2237,125,18,1133,0
54,1002275723,63,4605,2311,2294,127,16,1132,1
54,1002275723,64,4684,2357,2327,102,23,1143,0
54,1002275723,65,4791,2415,2376,132,25,1163,0
54,1002275723,66,4880,2466,2414,116,27,1190,0
54,1002275723,67,4958,2508,2450,101,23,1249,0
54,1002275723,68,5047,2553,2494,123,34,1243,6
54,1002275723,69,5140,2604,2536,108,15,1277,0
54,1002275723,70,5228,2664,2564,112,24,1353,0
54,1002275723,71,5361,2734,2627,143,10,1337,16
54,1002275723,72,5475,2788,2687,123,9,1384,0
54,1002275723,73,5613,2846,2767,146,8,1427,0
54,1002275723,74,5735,2908,2827,138,16,1485,0
54,1002275723,75,5884,2989,2895,169,20,1515,0
54,1002275723,76,6006,3062,2944,142,20,1564,0
54,1002275723,77,6148,3132,3016,169,27,1567,0
54,1002275723,78,6283,3210,3073,159,24,1601,0
54,1002275723,79,6425,3274,3151,173,31,1681,0
54,1002275723,80,6570,3354,3216,172,27,1671,10
54,1002275723,81,6681,3411,3270,142,31,1681,0
54,1002275723,82,6817,3472,3345,175,39,1699,0
54,1002275723,83,6944,3539,3405,173,46,1705,0
54,1002275723,84,7053,3603,3450,140,31,1773,0
54,1002275723,85,7209,3684,3525,194,38,1797,0
54,1002275723,86,7333,3761,3572,170,46,1823,0
54,1002275723,87,7459,3819,3640,165,39,1871,0
54,1002275723,88,7580,3871,3709,160,39,1884,0
54,1002275723,89,7681,3916,3765,143,42,1908,0
54,1002275723,90,7825,3986,3839,180,36,1965,0
54,1002275723,91,7964,4050,3914,189,50,2009,0
54,1002275723,92,8102,4133,3969,180,42,2026,0
54,1002275723,93,8235,4198,4037,175,42,2091,0
54,1002275723,94,8412,4279,4133,223,46,2130,0
54,1002275723,95,8602,4384,4218,229,39,2164,0
54,1002275723,96,8751,4451,4300,195,46,2196,0
54,1002275723,97,8910,4529,4381,206,47,2215,0
54,1002275723,98,9074,4592,4482,221,57,2268,0
54,1002275723,99,9205,4662,4543,190,59,2286,0
55,1068999196,0,992,498,494,19,27,206,0
55,1068999196,1,1084,548,536,112,20,256,0
55,1068999196,2,1143,585,558,84,25,263,0
55,1068999196,3,1207,612,595,80,16,269,0
55,1068999196,4,1268,638,630,74,13,272,0
55,1068999196,5,1300,650,650,50,18,246,26
55,1068999196,6,1323,665,658,46,23,224,22
55,1068999196,7,1358,676,682,50,15,226,0
55,1068999196,8,1384,693,691,38,12,232,0
55,1068999196,9,1399,699,700,27,12,234,0
55,1068999196,10,1404,704,700,23,18,235,0
55,1068999196,11,1409,707,702,24,19,228,7
55,1068999196,12,1415,710,705,24,18,231,0
55,1068999196,13,1418,711,707,24,21,235,0
55,1068999196,14,1430,717,713,26,14,268,0
55,1068999196,15,1437,719,718,19,12,302,0
55,1068999196,16,1475,735,740,57,19,319,0
55,1068999196,17,1524,754,770,65,16,322,0
55,1068999196,18,1581,784,797,69,12,364,0
55,1068999196,19,1636,806,830,66,11,380,0
55,1068999196,20,1692,838,854,67,11,382,0
55,1068999196,21,1708,843,865,71,55,374,8
55,1068999196,22,1748,861,887,51,11,411,0
55,1068999196,23,1808,891,917,65,5,414,0
55,1068999196,24,1879,929,950,90,19,413,1
55,1068999196,25,1928,961,967,64,15,433,0
55,1068999196,26,1986,987,999,71,13,433,0
55,1068999196,27,2030,1010,1020,60,16,419,14
55,1068999196,28,2072,1027,1045,61,19,416,3
55,1068999196,29,2100,1038,1062,41,13,450,0
55,1068999196,30,2119,1046,1073,37,18,464,0
55,1068999196,31,2155,1066,1089,46,10,478,0
55,1068999196,32,2187,1086,1101,50,18,502,0
55,1068999196,33,2204,1086,1118,29,12,534,0
55,1068999196,34,2232,1108,1124,45,17,557,0
55,1068999196,35,2292,1146,1146,83,23,569,0
55,1068999196,36,2347,1176,1171,68,13,604,0
55,1068999196,37,2410,1208,1202,77,14,613,0
55,1068999196,38,2469,1240,1229,78,19,625,0
55,1068999196,39,2546,1281,1265,90,13,646,0
55,1068999196,40,2633,1319,1314,99,12,673,0
55,1068999196,41,2707,1354,1353,92,18,690,0
55,1068999196,42,2776,1384,1392,91,22,693,0
55,1068999196,43,2878,1437,1441,117,15,708,0
55,1068999196,44,2944,1475,1469,80,14,736,0
55,1068999196,45,3020,1503,1517,94,18,757,0
55,1068999196,46,3063,1531,1532,68,25,759,0
55,1068999196,47,3121,1561,1560,78,20,795,0
55,1068999196,48,3175,1582,1593,70,16,781,14
55,1068999196,49,3231,1616,1615,71,15,800,0
55,1068999196,50,3291,1645,1646,73,13,808,0
55,1068999196,51,3353,1673,1680,77,15,824,0
55,1068999196,52,3418,1701,1717,70,5,867,0
55,1068999196,53,3472,1730,1742,67,13,894,0
55,1068999196,54,3542,1767,1775,86,16,946,0
55,1068999196,55,3623,1803,1820,97,16,960,0
55,1068999196,56,3712,1853,1859,110,21,983,0
55,1068999196,57,3790,1892,1898,93,15,985,0
55,1068999196,58,3882,1938,1944,108,16,1016,0
55,1068999196,59,3996,1999,1997,134,20,1060,0
55,1068999196,60,4096,2056,2040,121,21,1049,11
55,1068999196,61,4236,2126,2110,159,19,1073,0
55,1068999196,62,4332,2172,2160,112,16,1090,0
55,1068999196,63,4437,2226,2211,117,12,1100,0
55,1068999196,64,4507,2263,2244,89,19,1103,0
55,1068999196,65,4596,2306,2290,107,18,1151,0
55,1068999196,66,4706,2356,2350,130,20,1162,0
55,1068999196,67,4800,2408,2392,108,14,1163,0
55,1068999196,68,4886,2454,2432,96,10,1232,0
55,1068999196,69,4983,2512,2471,111,14,1271,0
55,1068999196,70,5082,2557,2525,115,16,1287,0
55,1068999196,71,5195,2607,2588,128,15,1316,0
55,1068999196,72,5290,2650,2640,124,29,1359,0
55,1068999196,73,5420,2719,2701,147,17,1371,0
55,1068999196,74,5570,2802,2768,167,17,1451,0
55,1068999196,75,5730,2883,2847,175,15,1477,0
55,1068999196,76,5852,2949,2903,145,23,1490,0
55,1068999196,77,5983,3013,2970,143,12,1502,0
55,1068999196,78,6107,3076,3031,143,19,1504,0
55,1068999196,79,6224,3138,3086,153,36,1559,0
55,1068999196,80,6374,3211,3163,185,35,1590,0
55,1068999196,81,6502,3272,3230,167,39,1608,0
55,1068999196,82,6634,3325,3309,164,32,1600,8
55,1068999196,83,6770,3401,3369,160,24,1617,0
55,1068999196,84,6891,3474,3417,141,20,1654,0
55,1068999196,85,7039,3549,3490,171,23,1738,0
55,1068999196,86,7147,3602,3545,147,39,1772,0
55,1068999196,87,7289,3667,3622,176,34,1819,0
55,1068999196,88,7437,3757,3680,187,39,1837,0
55,1068999196,89,7573,3838,3735,174,38,1857,0
55,1068999196,90,7692,3888,3804,163,44,1933,0
55,1068999196,91,7884,3992,3892,233,41,1935,0
55,1068999196,92,8025,4073,3952,183,42,1997,0
55,1068999196,93,8185,4161,4024,212,52,2065,0
55,1068999196,94,8331,4230,4101,190,44,2094,0
55,1068999196,95,8484,4312,4172,210,57,2136,0
55,1068999196,96,8382,4248,4134,231,333,2041,95
55,1068999196,97,8569,4336,4233,235,48,2118,0
55,1068999196,98,8738,4419,4319,221,52,2149,0
55,1068999196,99,8927,4516,4411,232,43,2212,0
56,94067870,0,1001,497,504,20,19,243,0
56,94067870,1,1114,560,554,136,23,255,0
56,94067870,2,1179,591,588,86,21,252,3
56,94067870,3,1229,626,603,71,21,258,0
56,94067870,4,1279,655,624,60,10,248,10
56,94067870,5,1309,677,632,54,24,243,5
56,94067870,6,1233,638,595,41,117,218,25
56,94067870,7,1252,648,604,24,5,229,0
56,94067870,8,1263,653,610,20,9,207,22
56,94067870,9,1280,660,620,28,11,218,0
56,94067870,10,1291,662,629,23,12,232,0
56,94067870,11,1303,670,633,21,9,227,5
56,94067870,12,1311,677,634,19,11,208,19
56,94067870,13,1308,678,630,17,20,242,0
56,94067870,14,1318,682,636,31,21,259,0
56,94067870,15,1321,683,638,17,14,279,0
56,94067870,16,1346,697,649,38,13,298,0
56,94067870,17,1305,681,624,38,79,315,0
56,94067870,18,1366,712,654,69,8,318,0
56,94067870,19,1427,747,680,67,6,329,0
56,94067870,20,1476,771,705,62,13,334,0
56,94067870,21,1522,794,728,56,10,344,0
56,94067870,22,1546,798,748,48,24,345,0
56,94067870,23,1602,825,777,62,6,360,0
56,94067870,24,1639,844,795,47,10,361,0
56,94067870,25,1680,858,822,57,16,355,6
56,94067870,26,1710,877,833,44,14,366,0
56,94067870,27,1734,892,842,34,10,376,0
56,94067870,28,1761,901,860,39,12,394,0
56,94067870,29,1784,916,868,36,13,392,2
56,94067870,30,1789,918,871,25,20,389,3
56,94067870,31,1801,929,872,27,15,407,0
56,94067870,32,1814,932,882,23,10,428,0
56,94067870,33,1856,960,896,52,10,456,0
56,94067870,34,1889,977,912,46,13,461,0
56,94067870,35,1937,994,943,56,8,490,0
56,94067870,36,1980,1007,973,64,21,498,0
56,94067870,37,2013,1021,992,47,14,517,0
56,94067870,38,2054,1042,1012,56,15,530,0
56,94067870,39,2117,1087,1030,74,11,546,0
56,94067870,40,2182,1124,1058,78,13,559,0
56,94067870,41,2247,1151,1096,74,9,566,0
56,94067870,42,2299,1188,1111,69,17,576,0
56,94067870,43,2369,1225,1144,79,9,578,0
56,94067870,44,2443,1263,1180,84,10,597,0
56,94067870,45,2496,1283,1213,72,19,581,16
56,94067870,46,2540,1306,1234,52,8,590,0
56,94067870,47,2569,1322,1247,48,19,603,0
56,94067870,48,2599,1339,1260,46,16,618,0
56,94067870,49,2644,1360,1284,60,15,636,0
56,94067870,50,2679,1379,1300,48,13,635,1
56,94067870,51,2713,1393,1320,49,15,642,0
56,94067870,52,2785,1431,1354,86,14,675,0
56,94067870,53,2841,1460,1381,69,13,717,0
56,94067870,54,2894,1490,1404,68,15,724,0
56,94067870,55,2967,1526,1441,89,16,770,0
56,94067870,56,3045,1566,1479,89,11,797,0
56,94067870,57,3114,1603,1511,85,16,787,10
56,94067870,58,3219,1649,1570,114,9,794,0
56,94067870,59,3296,1698,1598,94,17,841,0
56,94067870,60,3387,1741,1646,100,9,829,12
56,94067870,61,3365,1732,1633,98,120,808,21
56,94067870,62,3446,1764,1682,98,17,868,0
56,94067870,63,3500,1799,1701,76,22,864,4
56,94067870,64,3535,1822,1713,63,28,865,0
56,94067870,65,3599,1859,1740,79,15,903,0
56,94067870,66,3504,1746,1758,88,183,764,139
56,94067870,67,3568,1779,1789,84,20,801,0
56,94067870,68,3636,1815,1821,82,14,832,0
56,94067870,69,3696,1851,1845,73,13,864,0
56,94067870,70,3784,1894,1890,99,11,904,0
56,94067870,71,3852,1933,1919,80,12,963,0
56,94067870,72,3942,1973,1969,103,13,991,0
56,94067870,73,4050,2034,2016,120,12,1016,0
56,94067870,74,4162,2094,2068,127,15,1024,0
56,94067870,75,4258,2145,2113,112,16,1058,0
56,94067870,76,4354,2196,2158,112,16,1063,0
56,94067870,77,4309,2169,2140,101,146,1032,31
56,94067870,78,4388,2205,2183,104,25,1099,0
56,94067870,79,4461,2245,2216,106,33,1118,0
56,94067870,80,4549,2285,2264,124,36,1125,0
56,94067870,81,4626,2326,2300,103,26,1148,0
56,94067870,82,4701,2372,2329,103,28,1152,0
56,94067870,83,4796,2425,2371,115,20,1198,0
56,94067870,84,4895,2473,2422,128,29,1213,0
56,94067870,85,4959,2499,2460,106,42,1222,0
56,94067870,86,5043,2543,2500,109,25,1258,0
56,94067870,87,5113,2577,2536,103,33,1250,8
56,94067870,88,5219,2631,2588,139,33,1284,0
56,94067870,89,5297,2682,2615,113,35,1335,0
56,94067870,90,5381,2724,2657,141,57,1354,0
56,94067870,91,5495,2778,2717,162,48,1351,3
56,94067870,92,5604,2844,2760,142,33,1399,0
56,94067870,93,5702,2895,2807,120,22,1418,0
56,94067870,94,5820,2968,2852,144,26,1484,0
56,94067870,95,5923,3020,2903,129,26,1481,3
56,94067870,96,6055,3086,2969,167,35,1496,0
56,94067870,97,6157,3130,3027,144,42,1537,0
56,94067870,98,6237,3177,3060,136,56,1587,0
56,94067870,99,6328,3219,3109,133,42,1582,5
57,1173749071,0,1004,505,499,22,18,213,0
57,1173749071,1,1095,550,545,101,10,258,0
57,1173749071,2,1173,591,582,87,9,277,0
57,1173749071,3,1221,605,616,67,19,257,20
57,1173749071,4,1274,625,649,67,14,250,7
57,1173749071,5,1307,642,665,46,13,251,0
57,1173749071,6,1346,656,690,55,16,265,0
57,1173749071,7,1392,678,714,61,15,270,0
57,1173749071,8,1369,664,705,43,66,236,34
57,1173749071,9,1383,673,710,31,17,239,0
57,1173749071,10,1397,678,719,35,21,225,14
57,1173749071,11,1399,683,716,22,20,231,0
57,1173749071,12,1421,693,728,36,14,233,0
57,1173749071,13,1442,696,746,33,12,253,0
57,1173749071,14,1451,701,750,29,20,288,0
57,1173749071,15,1469,711,758,33,15,318,0
57,1173749071,16,1512,729,783,56,13,334,0
57,1173749071,17,1576,762,814,78,14,339,0
57,1173749071,18,1600,774,826,40,16,351,0
57,1173749071,19,1651,795,856,64,13,358,0
57,1173749071,20,1688,808,880,54,17,374,0
57,1173749071,21,1741,835,906,68,15,366,8
57,1173749071,22,1790,856,934,64,15,394,0
57,1173749071,23,1834,883,951,63,19,391,3
57,1173749071,24,1886,908,978,58,6,385,6
57,1173749071,25,1939,941,998,71,18,387,0
57,1173749071,26,1973,962,1011,46,12,405,0
57,1173749071,27,2018,990,1028,66,21,420,0
57,1173749071,28,2059,1007,1052,60,19,441,0
57,1173749071,29,2084,1029,1055,56,31,450,0
57,1173749071,30,2134,1052,1082,68,18,466,0
57,1173749071,31,2186,1069,1117,76,24,499,0
57,1173749071,32,2241,1092,1149,70,15,504,0
57,1173749071,33,2298,1128,1170,66,9,524,0
57,1173749071,34,2348,1149,1199,72,22,540,0
57,1173749071,35,2414,1185,1229,77,11,561,0
57,1173749071,36,2471,1218,1253,66,9,582,0
57,1173749071,37,2549,1257,1292,90,12,591,0
57,1173749071,38,2624,1306,1318,89,14,625,0
57,1173749071,39,2687,1334,1353,80,17,661,0
57,1173749071,40,2762,1373,1389,89,14,680,0
57,1173749071,41,2840,1423,1417,93,15,687,0
57,1173749071,42,2879,1447,1432,66,27,704,0
57,1173749071,43,2927,1470,1457,75,27,718,0
57,1173749071,44,2988,1496,1492,75,14,735,0
57,1173749071,45,3054,1528,1526,74,8,784,0
57,1173749071,46,3128,1563,1565,78,4,798,0
57,1173749071,47,3181,1590,1591,65,12,816,0
57,1173749071,48,3238,1616,1622,77,20,847,0
57,1173749071,49,3318,1656,1662,98,18,829,18
57,1173749071,50,3404,1691,1713,103,17,863,0
57,1173749071,51,3501,1737,1764,108,11,902,0
57,1173749071,52,3588,1787,1801,100,13,929,0
57,1173749071,53,3661,1822,1839,91,18,955,0
57,1173749071,54,3757,1870,1887,102,6,959,0
57,1173749071,55,3857,1924,1933,109,9,982,0
57,1173749071,56,3943,1968,1975,96,10,1004,0
57,1173749071,57,4020,2004,2016,99,22,1016,0
57,1173749071,58,4112,2050,2062,100,8,1070,0
57,1173749071,59,4192,2079,2113,94,14,1070,0
57,1173749071,60,4281,2132,2149,102,13,1099,0
57,1173749071,61,4355,2170,2185,90,16,1124,0
57,1173749071,62,4441,2216,2225,104,18,1155,0
57,1173749071,63,4527,2270,2257,99,13,1194,0
57,1173749071,64,4636,2318,2318,121,12,1238,0
57,1173749071,65,4563,2289,2274,102,175,1140,98
57,1173749071,66,4680,2346,2334,139,22,1222,0
57,1173749071,67,4776,2393,2383,115,19,1241,0
57,1173749071,68,4919,2462,2457,158,15,1285,0
57,1173749071,69,5005,2514,2491,105,19,1285,0
57,1173749071,70,5099,2565,2534,120,26,1296,0
57,1173749071,71,5212,2618,2594,150,37,1345,0
57,1173749071,72,5142,2582,2560,124,194,1270,75
57,1173749071,73,5252,2637,2615,138,28,1311,0
57,1173749071,74,5373,2694,2679,139,18,1354,0
57,1173749071,75,5474,2739,2735,124,23,1392,0
57,1173749071,76,5569,2777,2792,121,26,1397,0
57,1173749071,77,5692,2830,2862,136,13,1410,0
57,1173749071,78,5797,2882,2915,127,22,1435,0
57,1173749071,79,5899,2930,2969,131,29,1501,0
57,1173749071,80,6014,2989,3025,139,24,1519,0
57,1173749071,81,6143,3056,3087,161,32,1525,0
57,1173749071,82,6270,3123,3147,165,38,1559,0
57,1173749071,83,6368,3166,3202,137,39,1598,0
57,1173749071,84,6477,3217,3260,151,42,1630,0
57,1173749071,85,6600,3268,3332,158,35,1644,0
57,1173749071,86,6730,3338,3392,169,39,1703,0
57,1173749071,87,6845,3400,3445,154,39,1734,0
57,1173749071,88,6966,3460,3506,153,32,1762,0
57,1173749071,89,7102,3542,3560,167,31,1804,0
57,1173749071,90,7268,3637,3631,202,36,1816,0
57,1173749071,91,7415,3718,3697,177,30,1842,0
57,1173749071,92,7538,3779,3759,179,56,1844,0
57,1173749071,93,7713,3873,3840,215,40,1881,0
57,1173749071,94,7824,3926,3898,158,47,1957,0
57,1173749071,95,7966,4007,3959,185,43,2003,0
57,1173749071,96,8150,4102,4048,204,20,2020,0
57,1173749071,97,8303,4177,4126,174,21,2072,0
57,1173749071,98,8440,4241,4199,183,46,2107,0
57,1173749071,99,8600,4326,4274,215,55,2132,0
58,331334160,0,993,502,491,12,19,217,0
58,331334160,1,1087,548,539,108,14,256,0
58,331334160,2,1173,592,581,103,17,252,4
58,331334160,3,1232,627,605,79,20,255,0
58,331334160,4,1257,643,614,47,22,251,4
58,331334160,5,1308,669,639,65,14,253,0
58,331334160,6,1300,665,635,39,47,243,10
58,331334160,7,1321,678,643,36,15,256,0
58,331334160,8,1331,689,642,32,22,233,23
58,331334160,9,1339,697,642,23,15,220,13
58,331334160,10,1343,696,647,23,19,218,2
58,331334160,11,1359,702,657,29,13,223,0
58,331334160,12,1371,709,662,32,20,220,3
58,331334160,13,1380,708,672,24,15,230,0
58,331334160,14,1395,716,679,24,9,275,0
58,331334160,15,1367,691,676,24,52,269,6
58,331334160,16,1388,703,685,33,12,297,0
58,331334160,17,1432,718,714,61,17,320,0
58,331334160,18,1496,751,745,82,18,344,0
58,331334160,19,1569,791,778,86,13,358,0
58,331334160,20,1646,828,818,86,9,391,0
58,331334160,21,1727,879,848,90,9,375,16
58,331334160,22,1776,906,870,64,15,384,0
58,331334160,23,1831,934,897,68,13,408,0
58,331334160,24,1879,959,920,61,13,385,23
58,331334160,25,1910,970,940,45,14,382,3
58,331334160,26,1947,990,957,52,15,396,0
58,331334160,27,1967,999,968,37,17,413,0
58,331334160,28,1992,1009,983,34,9,429,0
58,331334160,29,2018,1025,993,40,14,428,1
58,331334160,30,2055,1041,1014,52,15,438,0
58,331334160,31,2096,1065,1031,55,14,467,0
58,331334160,32,2132,1080,1052,52,16,516,0
58,331334160,33,2177,1106,1071,59,14,537,0
58,331334160,34,2222,1127,1095,66,21,559,0
58,331334160,35,2303,1168,1135,93,12,572,0
58,331334160,36,2390,1204,1186,107,20,592,0
58,331334160,37,2468,1236,1232,90,12,602,0
58,331334160,38,2541,1269,1272,86,13,628,0
58,331334160,39,2639,1318,1321,116,18,636,0
58,331334160,40,2699,1354,1345,68,8,652,0
58,331334160,41,2747,1385,1362,63,15,657,0
58,331334160,42,2811,1421,1390,77,13,676,0
58,331334160,43,2866,1445,1421,65,10,702,0
58,331334160,44,2940,1477,1463,84,10,710,0
58,331334160,45,2997,1503,1494,74,17,722,0
58,331334160,46,3044,1526,1518,58,11,726,0
58,331334160,47,3087,1547,1540,55,12,774,0
58,331334160,48,3147,1570,1577,72,12,828,0
58,331334160,49,3194,1586,1608,60,13,817,11
58,331334160,50,3275,1628,1647,106,25,852,0
58,331334160,51,3354,1666,1688,96,17,880,0
58,331334160,52,3466,1715,1751,128,16,920,0
58,331334160,53,3530,1752,1778,80,16,913,7
58,331334160,54,3621,1800,1821,112,21,936,0
58,331334160,55,3713,1840,1873,117,25,943,0
58,331334160,56,3798,1870,1928,99,14,992,0
58,331334160,57,3913,1933,1980,128,13,1031,0
58,331334160,58,3896,1936,1960,112,129,976,55
58,331334160,59,3974,1969,2005,95,17,1014,0
58,331334160,60,4067,2020,2047,103,10,1019,0
58,331334160,61,4146,2071,2075,91,12,1042,0
58,331334160,62,4238,2109,2129,110,18,1075,0
58,331334160,63,4341,2156,2185,123,20,1115,0
58,331334160,64,4417,2192,2225,98,22,1113,2
58,331334160,65,4503,2229,2274,101,15,1126,0
58,331334160,66,4582,2258,2324,88,9,1149,0
58,331334160,67,4680,2305,2375,107,9,1184,0
58,331334160,68,4663,2287,2376,139,156,1142,42
58,331334160,69,4799,2356,2443,145,9,1220,0
58,331334160,70,4919,2413,2506,133,13,1240,0
58,331334160,71,5018,2464,2554,107,8,1265,0
58,331334160,72,5131,2521,2610,127,14,1280,0
58,331334160,73,5279,2604,2675,160,12,1330,0
58,331334160,74,5375,2646,2729,111,15,1385,0
58,331334160,75,5254,2590,2664,133,254,1294,91
58,331334160,76,5414,2666,2748,165,5,1380,0
58,331334160,77,5572,2752,2820,166,8,1385,0
58,331334160,78,5691,2806,2885,134,15,1391,0
58,331334160,79,5613,2764,2849,173,251,1339,52
58,331334160,80,5738,2823,2915,143,18,1413,0
58,331334160,81,5850,2881,2969,128,16,1420,0
58,331334160,82,5955,2942,3013,123,18,1434,0
58,331334160,83,6054,2987,3067,120,21,1496,0
58,331334160,84,6195,3060,3135,161,20,1543,0
58,331334160,85,6354,3141,3213,177,18,1571,0
58,331334160,86,6483,3212,3271,142,13,1583,0
58,331334160,87,6615,3277,3338,159,27,1647,0
58,331334160,88,6755,3345,3410,149,9,1678,0
58,331334160,89,6939,3439,3500,200,16,1751,0
58,331334160,90,7097,3518,3579,185,27,1807,0
58,331334160,91,7277,3603,3674,205,25,1801,6
58,331334160,92,7433,3682,3751,180,24,1858,0
58,331334160,93,7606,3760,3846,195,22,1880,0
58,331334160,94,7738,3821,3917,164,32,1911,0
58,331334160,95,7925,3909,4016,211,24,1953,0
58,331334160,96,8073,3982,4091,178,30,1974,0
58,331334160,97,8211,4051,4160,176,38,2032,0
58,331334160,98,8388,4159,4229,219,42,2054,0
58,331334160,99,8563,4232,4331,213,38,2059,0
59,1596387604,0,984,489,495,6,22,240,0
59,1596387604,1,1098,541,557,130,16,272,0
59,1596387604,2,1167,570,597,93,24,264,8
59,1596387604,3,1232,601,631,68,3,260,4
59,1596387604,4,1281,620,661,57,8,246,14
59,1596387604,5,1318,645,673,50,13,252,0
59,1596387604,6,1251,608,643,54,121,197,55
59,1596387604,7,1280,619,661,38,9,216,0
59,1596387604,8,1285,628,657,28,23,228,0
59,1596387604,9,1295,635,660,23,13,225,3
59,1596387604,10,1324,649,675,38,9,239,0
59,1596387604,11,1339,654,685,28,13,226,13
59,1596387604,12,1349,660,689,26,16,227,0
59,1596387604,13,1349,660,689,11,11,236,0
59,1596387604,14,1376,679,697,36,9,266,0
59,1596387604,15,1397,686,711,39,18,293,0
59,1596387604,16,1412,694,718,31,16,308,0
59,1596387604,17,1448,716,732,57,21,330,0
59,1596387604,18,1510,750,760,80,18,335,0
59,1596387604,19,1563,776,787,55,2,351,0
59,1596387604,20,1621,814,807,67,9,355,0
59,1596387604,21,1663,838,825,56,14,383,0
59,1596387604,22,1719,864,855,64,8,378,5
59,1596387604,23,1780,887,893,77,16,387,0
59,1596387604,24,1740,880,860,79,119,381,6
59,1596387604,25,1786,903,883,65,19,386,0
59,1596387604,26,1824,919,905,47,9,393,0
59,1596387604,27,1875,956,919,60,9,408,0
59,1596387604,28,1912,975,937,47,10,417,0
59,1596387604,29,1937,985,952,46,21,433,0
59,1596387604,30,1987,1013,974,57,7,422,11
59,1596387604,31,2037,1040,997,60,10,451,0
59,1596387604,32,2095,1067,1028,70,12,480,0
59,1596387604,33,2131,1089,1042,50,14,498,0
59,1596387604,34,2159,1097,1062,39,11,530,0
59,1596387604,35,2208,1127,1081,60,11,562,0
59,1596387604,36,2266,1153,1113,69,11,573,0
59,1596387604,37,2317,1179,1138,67,16,592,0
59,1596387604,38,2371,1204,1167,68,14,597,0
59,1596387604,39,2446,1243,1203,82,7,624,0
59,1596387604,40,2526,1288,1238,92,12,612,12
59,1596387604,41,2614,1331,1283,100,12,612,0
59,1596387604,42,2671,1354,1317,78,21,631,0
59,1596387604,43,2717,1379,1338,66,20,641,0
59,1596387604,44,2782,1412,1370,84,19,671,0
59,1596387604,45,2867,1449,1418,101,16,705,0
59,1596387604,46,2944,1490,1454,86,9,720,0
59,1596387604,47,3000,1512,1488,74,18,724,0
59,1596387604,48,3053,1537,1516,66,13,731,0
59,1596387604,49,3095,1562,1533,58,16,781,0
59,1596387604,50,3160,1600,1560,76,11,801,0
59,1596387604,51,3219,1637,1582,86,27,783,18
59,1596387604,52,3265,1661,1604,55,9,822,0
59,1596387604,53,3334,1695,1639,83,14,862,0
59,1596387604,54,3410,1742,1668,89,13,857,5
59,1596387604,55,3509,1784,1725,106,7,892,0
59,1596387604,56,3575,1818,1757,82,16,934,0
59,1596387604,57,3645,1853,1792,83,13,942,0
59,1596387604,58,3736,1898,1838,110,19,972,0
59,1596387604,59,3803,1932,1871,88,21,982,0
59,1596387604,60,3744,1894,1850,100,159,994,0
59,1596387604,61,3822,1924,1898,93,15,1030,0
59,1596387604,62,3925,1973,1952,112,9,1043,0
59,1596387604,63,4028,2024,2004,120,17,1034,9
59,1596387604,64,4110,2049,2061,105,23,1083,0
59,1596387604,65,4203,2110,2093,103,10,1108,0
59,1596387604,66,4285,2153,2132,103,21,1102,6
59,1596387604,67,4181,2103,2078,90,194,1074,28
59,1596387604,68,4254,2131,2123,82,9,1110,0
59,1596387604,69,4351,2188,2163,114,17,1102,8
59,1596387604,70,4438,2239,2199,100,13,1171,0
59,1596387604,71,4538,2288,2250,113,13,1193,0
59,1596387604,72,4607,2326,2281,84,15,1219,0
59,1596387604,73,4693,2378,2315,101,15,1226,0
59,1596387604,74,4792,2417,2375,115,16,1243,0
59,1596387604,75,4898,2477,2421,120,14,1267,0
59,1596387604,76,4996,2531,2465,116,18,1323,0
59,1596387604,77,5102,2584,2518,128,22,1353,0
59,1596387604,78,5175,2620,2555,104,31,1369,0
59,1596387604,79,5290,2683,2607,142,27,1366,3
59,1596387604,80,5390,2735,2655,128,28,1381,0
59,1596387604,81,5514,2795,2719,147,23,1357,24
59,1596387604,82,5601,2834,2767,114,27,1397,0
59,1596387604,83,5725,2892,2833,150,26,1477,0
59,1596387604,84,5814,2949,2865,123,34,1462,15
59,1596387604,85,5892,2982,2910,140,62,1492,0
59,1596387604,86,6017,3046,2971,171,46,1523,0
59,1596387604,87,6115,3100,3015,140,42,1532,0
59,1596387604,88,6189,3140,3049,99,25,1545,0
59,1596387604,89,6275,3180,3095,119,33,1568,0
59,1596387604,90,6417,3254,3163,177,35,1603,0
59,1596387604,91,6513,3304,3209,126,30,1638,0
59,1596387604,92,6639,3366,3273,162,36,1648,0
59,1596387604,93,6764,3428,3336,164,39,1713,0
59,1596387604,94,6838,3467,3371,117,43,1744,0
59,1596387604,95,6965,3526,3439,161,34,1752,0
59,1596387604,96,7081,3579,3502,157,41,1787,0
59,1596387604,97,6852,3471,3381,179,408,1674,113
59,1596387604,98,6993,3548,3445,188,47,1772,0
59,1596387604,99,7159,3630,3529,206,40,1803,0
60,1466836456,0,986,494,492,8,22,228,0
60,1466836456,1,1089,539,550,120,17,256,0
60,1466836456,2,1162,581,581,93,20,262,0
60,1466836456,3,1209,614,595,68,21,251,11
60,1466836456,4,1265,648,617,66,10,248,3
60,1466836456,5,1293,662,631,45,17,249,0
60,1466836456,6,1309,666,643,31,15,254,0
60,1466836456,7,1349,686,663,50,10,248,6
60,1466836456,8,1386,708,678,46,9,245,3
60,1466836456,9,1403,716,687,35,18,237,8
60,1466836456,10,1413,724,689,28,18,232,5
60,1466836456,11,1419,731,688,21,15,247,0
60,1466836456,12,1424,732,692,23,18,232,15
60,1466836456,13,1388,723,665,27,63,233,0
60,1466836456,14,1400,732,668,34,22,252,0
60,1466836456,15,1426,746,680,37,11,266,0
60,1466836456,16,1462,763,699,50,14,296,0
60,1466836456,17,1494,786,708,49,17,305,0
60,1466836456,18,1524,802,722,46,16,328,0
60,1466836456,19,1590,832,758,76,10,334,0
60,1466836456,20,1653,863,790,77,14,332,2
60,1466836456,21,1678,885,793,51,26,341,0
60,1466836456,22,1715,905,810,55,18,367,0
60,1466836456,23,1741,915,826,47,21,359,8
60,1466836456,24,1792,942,850,61,10,369,0
60,1466836456,25,1832,960,872,52,12,380,0
60,1466836456,26,1877,986,891,60,15,384,0
60,1466836456,27,1912,1000,912,46,11,402,0
60,1466836456,28,1949,1018,931,55,18,415,0
60,1466836456,29,1961,1030,931,31,19,421,0
60,1466836456,30,1999,1048,951,48,10,440,0
60,1466836456,31,2025,1057,968,44,18,468,0
60,1466836456,32,1988,1034,954,61,98,467,1
60,1466836456,33,2033,1053,980,58,13,506,0
60,1466836456,34,2085,1074,1011,60,8,528,0
60,1466836456,35,2154,1106,1048,85,16,545,0
60,1466836456,36,2186,1116,1070,47,15,548,0
60,1466836456,37,2250,1151,1099,84,20,570,0
60,1466836456,38,2308,1174,1134,72,14,579,0
60,1466836456,39,2369,1202,1167,76,15,572,7
60,1466836456,40,2411,1223,1188,61,19,569,3
60,1466836456,41,2451,1247,1204,51,11,600,0
60,1466836456,42,2498,1265,1233,58,11,587,13
60,1466836456,43,2564,1298,1266,80,14,615,0
60,1466836456,44,2617,1321,1296,67,14,631,0
60,1466836456,45,2673,1356,1317,67,11,651,0
60,1466836456,46,2717,1378,1339,56,12,671,0
60,1466836456,47,2775,1397,1378,71,13,664,7
60,1466836456,48,2816,1412,1404,56,15,726,0
60,1466836456,49,2877,1452,1425,73,12,734,0
60,1466836456,50,2914,1469,1445,58,21,741,0
60,1466836456,51,2997,1511,1486,104,21,766,0
60,1466836456,52,3098,1559,1539,115,14,814,0
60,1466836456,53,3175,1598,1577,88,11,815,0
60,1466836456,54,3253,1635,1618,92,14,811,4
60,1466836456,55,3354,1683,1671,110,9,849,0
60,1466836456,56,3412,1707,1705,81,23,837,12
60,1466836456,57,3497,1759,1738,97,12,876,0
60,1466836456,58,3570,1795,1775,85,12,899,0
60,1466836456,59,3661,1842,1819,102,11,939,0
60,1466836456,60,3746,1886,1860,95,10,940,0
60,1466836456,61,3835,1937,1898,95,6,945,0
60,1466836456,62,3936,1995,1941,111,10,979,0
60,1466836456,63,4018,2037,1981,91,9,993,0
60,1466836456,64,4098,2074,2024,100,20,1039,0
60,1466836456,65,4191,2121,2070,109,16,1054,0
60,1466836456,66,4269,2150,2119,97,19,1065,0
60,1466836456,67,4367,2197,2170,109,11,1096,0
60,1466836456,68,4475,2246,2229,122,14,1137,0
60,1466836456,69,4580,2307,2273,116,11,1157,0
60,1466836456,70,4698,2370,2328,130,12,1177,0
60,1466836456,71,4780,2407,2373,96,14,1192,0
60,1466836456,72,4897,2468,2429,125,8,1216,0
60,1466836456,73,4995,2520,2475,118,20,1199,17
60,1466836456,74,5083,2556,2527,118,30,1255,0
60,1466836456,75,5205,2618,2587,149,27,1276,0
60,1466836456,76,5304,2674,2630,121,22,1323,0
60,1466836456,77,5403,2723,2680,119,20,1333,0
60,1466836456,78,5532,2798,2734,154,25,1370,0
60,1466836456,79,5636,2841,2795,132,28,1440,0
60,1466836456,80,5754,2888,2866,147,29,1447,0
60,1466836456,81,5882,2950,2932,163,35,1494,0
60,1466836456,82,5966,2991,2975,115,31,1490,4
60,1466836456,83,6049,3045,3004,140,57,1524,0
60,1466836456,84,6146,3090,3056,148,51,1515,9
60,1466836456,85,6255,3147,3108,155,46,1551,0
60,1466836456,86,6370,3208,3162,147,32,1605,0
60,1466836456,87,6499,3264,3235,167,38,1611,0
60,1466836456,88,6624,3332,3292,164,39,1599,12
60,1466836456,89,6732,3374,3358,158,50,1641,0
60,1466836456,90,6878,3449,3429,188,42,1670,0
60,1466836456,91,6995,3501,3494,157,40,1731,0
60,1466836456,92,7107,3558,3549,150,38,1771,0
60,1466836456,93,7255,3637,3618,193,45,1833,0
60,1466836456,94,7380,3702,3678,171,46,1849,0
60,1466836456,95,7494,3760,3734,162,48,1862,0
60,1466836456,96,7629,3840,3789,193,58,1923,0
60,1466836456,97,7850,3951,3899,261,40,1999,0
60,1466836456,98,8007,4023,3984,199,42,1990,9
60,1466836456,99,8109,4075,4034,169,67,2032,0
61,1981113449,0,1009,505,504,23,14,233,0
61,1981113449,1,1141,582,559,143,11,268,0
61,1981113449,2,1239,630,609,116,18,275,0
61,1981113449,3,1321,677,644,98,16,263,12
61,1981113449,4,1358,694,664,55,18,250,13
61,1981113449,5,1385,713,672,42,15,256,0
61,1981113449,6,1401,721,680,42,26,255,1
61,1981113449,7,1437,744,693,51,15,254,1
61,1981113449,8,1468,755,713,36,5,256,0
61,1981113449,9,1481,763,718,24,11,244,12
61,1981113449,10,1499,772,727,30,12,253,0
61,1981113449,11,1507,778,729,21,13,255,0
61,1981113449,12,1520,786,734,31,18,256,0
61,1981113449,13,1521,784,737,13,12,269,0
61,1981113449,14,1528,787,741,22,15,301,0
61,1981113449,15,1556,803,753,41,13,340,0
61,1981113449,16,1614,829,785,75,17,352,0
61,1981113449,17,1673,858,815,74,15,368,0
61,1981113449,18,1716,881,835,67,24,371,0
61,1981113449,19,1786,922,864,87,17,384,0
61,1981113449,20,1861,964,897,87,12,410,0
61,1981113449,21,1927,996,931,77,11,418,0
61,1981113449,22,1976,1031,945,69,20,424,0
61,1981113449,23,2038,1067,971,79,17,436,0
61,1981113449,24,2087,1090,997,62,13,450,0
61,1981113449,25,2127,1113,1014,54,14,445,5
61,1981113449,26,2081,1083,998,61,107,418,27
61,1981113449,27,2115,1096,1019,48,14,423,0
61,1981113449,28,2137,1116,1021,37,15,449,0
61,1981113449,29,2163,1130,1033,32,6,475,0
61,1981113449,30,2203,1150,1053,49,9,501,0
61,1981113449,31,2236,1163,1073,57,24,516,0
61,1981113449,32,2270,1177,1093,54,20,558,0
61,1981113449,33,2327,1206,1121,67,10,583,0
61,1981113449,34,2381,1234,1147,72,18,596,0
61,1981113449,35,2460,1271,1189,92,13,621,0
61,1981113449,36,2520,1302,1218,73,13,614,7
61,1981113449,37,2490,1277,1213,75,105,595,19
61,1981113449,38,2553,1306,1247,77,14,633,0
61,1981113449,39,2620,1342,1278,83,16,648,0
61,1981113449,40,2711,1390,1321,99,8,656,0
61,1981113449,41,2773,1419,1354,79,17,692,0
61,1981113449,42,2838,1460,1378,80,15,685,7
61,1981113449,43,2906,1495,1411,86,18,680,5
61,1981113449,44,2958,1516,1442,68,16,687,0
61,1981113449,45,3009,1554,1455,64,13,721,0
61,1981113449,46,3055,1578,1477,51,5,734,0
61,1981113449,47,3108,1609,1499,65,12,772,0
61,1981113449,48,3152,1626,1526,54,10,786,0
61,1981113449,49,3192,1643,1549,58,18,812,0
61,1981113449,50,3238,1659,1579,62,16,854,0
61,1981113449,51,3310,1693,1617,86,14,893,0
61,1981113449,52,3370,1719,1651,73,13,880,13
61,1981113449,53,3428,1752,1676,71,13,917,0
61,1981113449,54,3506,1794,1712,103,25,924,0
61,1981113449,55,3596,1832,1764,111,21,921,3
61,1981113449,56,3693,1878,1815,119,22,943,0
61,1981113449,57,3790,1920,1870,114,17,954,0
61,1981113449,58,3768,1930,1838,115,137,926,28
61,1981113449,59,3838,1959,1879,81,11,961,0
61,1981113449,60,3891,1988,1903,72,19,974,0
61,1981113449,61,3985,2037,1948,110,16,965,9
61,1981113449,62,4052,2076,1976,84,17,991,0
61,1981113449,63,4114,2102,2012,85,23,1012,0
61,1981113449,64,4186,2136,2050,87,15,1016,0
61,1981113449,65,4276,2167,2109,99,9,1060,0
61,1981113449,66,4354,2199,2155,93,15,1065,0
61,1981113449,67,4411,2221,2190,82,25,1106,0
61,1981113449,68,4480,2250,2230,85,16,1143,0
61,1981113449,69,4574,2294,2280,114,20,1166,0
61,1981113449,70,4651,2329,2322,92,15,1185,0
61,1981113449,71,4778,2395,2383,144,17,1215,0
61,1981113449,72,4882,2437,2445,119,15,1248,0
61,1981113449,73,4999,2491,2508,132,15,1257,0
61,1981113449,74,5120,2546,2574,137,16,1297,0
61,1981113449,75,5260,2621,2639,165,25,1326,0
61,1981113449,76,5101,2562,2539,140,299,1251,75
61,1981113449,77,5209,2620,2589,130,22,1343,0
61,1981113449,78,5286,2666,2620,119,42,1348,0
61,1981113449,79,5366,2705,2661,114,34,1367,0
61,1981113449,80,5474,2766,2708,138,30,1413,0
61,1981113449,81,5567,2807,2760,125,32,1397,16
61,1981113449,82,5656,2845,2811,123,34,1396,1
61,1981113449,83,5756,2910,2846,130,30,1429,0
61,1981113449,84,5870,2965,2905,144,30,1442,0
61,1981113449,85,5969,3007,2962,130,31,1495,0
61,1981113449,86,6076,3063,3013,146,39,1533,0
61,1981113449,87,6206,3128,3078,160,30,1536,0
61,1981113449,88,6322,3181,3141,145,29,1627,0
61,1981113449,89,6439,3236,3203,153,36,1637,0
61,1981113449,90,6560,3291,3269,160,39,1654,0
61,1981113449,91,6391,3209,3182,190,359,1584,70
61,1981113449,92,6510,3270,3240,152,33,1646,0
61,1981113449,93,6654,3338,3316,179,35,1690,0
61,1981113449,94,6796,3404,3392,172,30,1746,0
61,1981113449,95,6945,3471,3474,193,44,1755,0
61,1981113449,96,7067,3538,3529,163,41,1763,0
61,1981113449,97,7200,3598,3602,190,57,1787,0
61,1981113449,98,7347,3665,3682,190,43,1787,0
61,1981113449,99,7461,3726,3735,164,50,1864,0
62,1599364550,0,960,487,473,14,54,209,0
62,1599364550,1,1057,547,510,109,12,250,0
62,1599364550,2,1120,578,542,87,24,252,0
62,1599364550,3,1189,600,589,99,30,246,6
62,1599364550,4,1234,634,600,62,17,256,0
62,1599364550,5,1286,662,624,71,19,253,3
62,1599364550,6,1305,675,630,34,15,245,8
62,1599364550,7,1349,694,655,56,12,243,2
62,1599364550,8,1371,702,669,35,13,230,13
62,1599364550,9,1394,718,676,36,13,222,8
62,1599364550,10,1417,723,694,37,14,222,0
62,1599364550,11,1454,743,711,44,7,230,0
62,1599364550,12,1476,753,723,31,9,236,0
62,1599364550,13,1485,760,725,19,10,247,0
62,1599364550,14,1485,762,723,15,15,283,0
62,1599364550,15,1502,769,733,30,13,306,0
62,1599364550,16,1516,771,745,25,11,342,0
62,1599364550,17,1487,756,731,39,68,328,14
62,1599364550,18,1536,779,757,61,12,357,0
62,1599364550,19,1626,828,798,98,8,375,0
62,1599364550,20,1677,849,828,62,11,380,0
62,1599364550,21,1736,875,861,72,13,388,0
62,1599364550,22,1777,889,888,54,13,383,5
62,1599364550,23,1821,908,913,50,6,409,0
62,1599364550,24,1887,939,948,74,8,418,0
62,1599364550,25,1897,942,955,74,64,396,22
62,1599364550,26,1950,971,979,67,14,407,0
62,1599364550,27,2020,1011,1009,76,6,431,0
62,1599364550,28,2059,1031,1028,48,9,452,0
62,1599364550,29,2079,1037,1042,29,9,455,0
62,1599364550,30,2100,1048,1052,32,11,460,0
62,1599364550,31,2133,1069,1064,48,15,488,0
62,1599364550,32,2173,1089,1084,46,6,514,0
62,1599364550,33,2217,1107,1110,52,8,535,0
62,1599364550,34,2257,1120,1137,54,14,564,0
62,1599364550,35,2332,1149,1183,82,7,559,5
62,1599364550,36,2382,1172,1210,65,15,603,0
62,1599364550,37,2453,1209,1244,77,6,615,0
62,1599364550,38,2510,1238,1272,68,11,645,0
62,1599364550,39,2577,1276,1301,76,9,655,0
62,1599364550,40,2654,1315,1339,88,11,670,0
62,1599364550,41,2734,1353,1381,92,12,680,0
62,1599364550,42,2802,1386,1416,81,13,696,0
62,1599364550,43,2869,1423,1446,84,17,712,0
62,1599364550,44,2942,1463,1479,85,12,720,0
62,1599364550,45,3002,1493,1509,69,9,736,0
62,1599364550,46,3073,1525,1548,82,11,760,0
62,1599364550,47,3138,1563,1575,75,10,782,0
62,1599364550,48,3202,1597,1605,76,12,796,0
62,1599364550,49,3257,1622,1635,68,13,804,0
62,1599364550,50,3328,1658,1670,79,8,789,15
62,1599364550,51,3412,1698,1714,98,14,831,0
62,1599364550,52,3508,1746,1762,104,8,870,0
62,1599364550,53,3571,1782,1789,76,13,882,0
62,1599364550,54,3655,1827,1828,99,15,926,0
62,1599364550,55,3619,1806,1813,101,137,904,22
62,1599364550,56,3712,1852,1860,110,17,936,0
62,1599364550,57,3797,1885,1912,105,20,965,0
62,1599364550,58,3883,1929,1954,98,12,974,0
62,1599364550,59,3974,1962,2012,100,9,1025,0
62,1599364550,60,4078,2015,2063,113,9,1030,0
62,1599364550,61,4154,2058,2096,92,16,1057,0
62,1599364550,62,4225,2103,2122,85,14,1082,0
62,1599364550,63,4313,2153,2160,104,16,1092,0
62,1599364550,64,4395,2196,2199,99,17,1113,0
62,1599364550,65,4487,2240,2247,100,8,1167,0
62,1599364550,66,4569,2278,2291,102,20,1181,0
62,1599364550,67,4655,2316,2339,101,15,1211,0
62,1599364550,68,4755,2367,2388,119,19,1229,0
62,1599364550,69,4849,2410,2439,111,17,1250,0
62,1599364550,70,4929,2449,2480,100,20,1253,0
62,1599364550,71,5016,2493,2523,107,20,1255,0
62,1599364550,72,5137,2548,2589,137,16,1289,0
62,1599364550,73,5278,2634,2644,151,10,1344,0
62,1599364550,74,5410,2700,2710,147,15,1366,0
62,1599364550,75,5533,2765,2768,138,15,1431,0
62,1599364550,76,5659,2822,2837,139,13,1436,0
62,1599364550,77,5767,2875,2892,128,20,1469,0
62,1599364550,78,5871,2922,2949,118,14,1491,0
62,1599364550,79,5978,2975,3003,132,25,1537,0
62,1599364550,80,6104,3032,3072,142,16,1529,8
62,1599364550,81,6232,3104,3128,157,29,1544,0
62,1599364550,82,6336,3153,3183,136,32,1578,0
62,1599364550,83,6437,3210,3227,130,29,1650,0
62,1599364550,84,6571,3274,3297,159,25,1617,33
62,1599364550,85,6684,3332,3352,142,29,1666,0
62,1599364550,86,6826,3404,3422,169,27,1732,0
62,1599364550,87,6943,3459,3484,148,31,1765,0
62,1599364550,88,7086,3531,3555,172,29,1756,9
62,1599364550,89,7232,3608,3624,179,33,1810,0
62,1599364550,90,7408,3691,3717,206,30,1863,0
62,1599364550,91,7549,3758,3791,183,42,1883,0
62,1599364550,92,7726,3856,3870,205,28,1936,0
62,1599364550,93,7516,3730,3786,208,418,1841,95
62,1599364550,94,7717,3829,3888,223,22,1943,0
62,1599364550,95,7868,3903,3965,181,30,1944,0
62,1599364550,96,8030,3989,4041,184,22,1992,0
62,1599364550,97,8196,4069,4127,195,29,2011,0
62,1599364550,98,8401,4180,4221,228,23,2064,0
62,1599364550,99,8562,4269,4293,174,13,2094,0
63,787359109,0,994,497,497,14,20,234,0
63,787359109,1,1067,541,526,92,19,276,0
63,787359109,2,1162,589,573,108,13,280,0
63,787359109,3,1213,617,596,60,9,261,19
63,787359109,4,1270,650,620,77,20,252,9
63,787359109,5,1301,669,632,65,34,230,22
63,787359109,6,1323,673,650,39,17,239,0
63,787359109,7,1345,692,653,47,25,241,0
63,787359109,8,1339,685,654,20,26,241,0
63,787359109,9,1359,698,661,29,9,231,10
63,787359109,10,1362,702,660,12,9,234,0
63,787359109,11,1382,716,666,29,9,233,1
63,787359109,12,1396,726,670,32,18,229,4
63,787359109,13,1392,721,671,18,22,249,0
63,787359109,14,1369,706,663,30,53,260,0
63,787359109,15,1374,705,669,22,17,269,0
63,787359109,16,1375,707,668,17,16,303,0
63,787359109,17,1400,720,680,39,14,319,0
63,787359109,18,1451,750,701,67,16,324,0
63,787359109,19,1501,775,726,65,15,330,0
63,787359109,20,1550,804,746,69,20,353,0
63,787359109,21,1616,841,775,79,13,352,1
63,787359109,22,1675,875,800,66,7,373,0
63,787359109,23,1716,892,824,51,10,386,0
63,787359109,24,1716,888,828,60,60,362,24
63,787359109,25,1748,904,844,51,19,380,0
63,787359109,26,1796,926,870,60,12,367,13
63,787359109,27,1824,935,889,41,13,377,0
63,787359109,28,1870,953,917,54,8,375,2
63,787359109,29,1907,974,933,39,2,386,0
63,787359109,30,1936,986,950,32,3,398,0
63,787359109,31,1973,1005,968,52,15,413,0
63,787359109,32,1994,1019,975,31,10,449,0
63,787359109,33,2010,1032,978,28,12,470,0
63,787359109,34,1966,1003,963,49,93,435,35
63,787359109,35,2025,1030,995,68,9,472,0
63,787359109,36,2069,1056,1013,59,15,511,0
63,787359109,37,2124,1090,1034,72,17,512,0
63,787359109,38,2173,1119,1054,58,9,516,0
63,787359109,39,2230,1147,1083,64,7,560,0
63,787359109,40,2326,1199,1127,101,5,573,0
63,787359109,41,2377,1228,1149,63,12,588,0
63,787359109,42,2439,1261,1178,76,14,607,0
63,787359109,43,2496,1290,1206,75,18,608,0
63,787359109,44,2547,1323,1224,64,13,613,0
63,787359109,45,2627,1363,1264,85,5,615,0
63,787359109,46,2686,1392,1294,70,11,637,0
63,787359109,47,2730,1418,1312,59,15,641,0
63,787359109,48,2778,1440,1338,65,17,665,0
63,787359109,49,2798,1452,1346,34,14,664,1
63,787359109,50,2839,1469,1370,56,15,701,0
63,787359109,51,2881,1492,1389,61,19,715,0
63,787359109,52,2944,1521,1423,88,25,744,0
63,787359109,53,3006,1553,1453,77,15,754,0
63,787359109,54,3090,1603,1487,99,15,763,0
63,787359109,55,3152,1637,1515,79,17,781,0
63,787359109,56,3222,1670,1552,84,14,792,0
63,787359109,57,3303,1710,1593,101,20,824,0
63,787359109,58,3367,1739,1628,90,26,832,0
63,787359109,59,3442,1770,1672,88,13,873,0
63,787359109,60,3495,1795,1700,70,17,882,0
63,787359109,61,3475,1790,1685,93,113,839,43
63,787359109,62,3526,1815,1711,69,18,871,0
63,787359109,63,3589,1857,1732,80,17,888,0
63,787359109,64,3651,1894,1757,78,16,888,0
63,787359109,65,3695,1923,1772,62,18,932,0
63,787359109,66,3761,1964,1797,86,20,940,0
63,787359109,67,3840,2003,1837,92,13,969,0
63,787359109,68,3930,2055,1875,105,15,991,0
63,787359109,69,4005,2099,1906,90,15,995,0
63,787359109,70,4136,2155,1981,146,15,1001,0
63,787359109,71,4247,2198,2049,127,16,1031,0
63,787359109,72,4342,2250,2092,106,11,1071,0
63,787359109,73,4418,2294,2124,95,19,1079,0
63,787359109,74,4519,2338,2181,116,15,1114,0
63,787359109,75,4620,2393,2227,124,23,1117,0
63,787359109,76,4705,2443,2262,104,19,1143,0
63,787359109,77,4799,2491,2308,114,20,1158,0
63,787359109,78,4861,2523,2338,89,27,1150,8
63,787359109,79,4943,2571,2372,109,27,1200,0
63,787359109,80,5017,2604,2413,105,31,1189,11
63,787359109,81,5088,2633,2455,100,29,1217,0
63,787359109,82,5161,2659,2502,97,24,1252,0
63,787359109,83,5223,2687,2536,91,29,1297,0
63,787359109,84,5297,2716,2581,109,35,1340,0
63,787359109,85,5383,2774,2609,125,39,1363,0
63,787359109,86,5467,2818,2649,127,43,1373,0
63,787359109,87,5551,2847,2704,130,46,1399,0
63,787359109,88,5672,2895,2777,161,40,1425,0
63,787359109,89,5780,2947,2833,140,32,1447,0
63,787359109,90,5908,3009,2899,152,24,1481,0
63,787359109,91,6018,3075,2943,141,31,1493,0
63,787359109,92,6119,3118,3001,125,24,1536,0
63,787359109,93,6216,3177,3039,138,41,1553,0
63,787359109,94,6314,3226,3088,128,30,1536,17
63,787359109,95,6441,3275,3166,174,47,1572,0
63,787359109,96,6528,3321,3207,125,38,1601,0
63,787359109,97,6609,3359,3250,135,54,1585,16
63,787359109,98,6708,3404,3304,143,44,1627,0
63,787359109,99,6802,3459,3343,128,34,1655,0
64,2077711328,0,1004,507,497,14,10,227,0
64,2077711328,1,1084,541,543,104,24,263,0
64,2077711328,2,1140,568,572,83,27,265,0
64,2077711328,3,1193,595,598,74,21,244,21
64,2077711328,4,1245,623,622,63,11,259,0
64,2077711328,5,1275,639,636,47,17,269,0
64,2077711328,6,1310,656,654,51,16,255,14
64,2077711328,7,1347,672,675,40,3,258,0
64,2077711328,8,1361,679,682,27,13,263,0
64,2077711328,9,1374,691,683,33,20,248,15
64,2077711328,10,1388,698,690,31,17,257,0
64,2077711328,11,1400,708,692,31,19,238,19
64,2077711328,12,1409,715,694,26,17,240,0
64,2077711328,13,1409,716,693,15,15,251,0
64,2077711328,14,1415,716,699,18,12,290,0
64,2077711328,15,1429,721,708,30,16,320,0
64,2077711328,16,1466,736,730,46,9,324,0
64,2077711328,17,1495,750,745,43,14,334,0
64,2077711328,18,1523,763,760,53,25,358,0
64,2077711328,19,1554,782,772,46,15,367,0
64,2077711328,20,1615,814,801,78,17,377,0
64,2077711328,21,1667,846,821,63,11,378,0
64,2077711328,22,1729,878,851,79,17,382,0
64,2077711328,23,1777,900,877,64,16,399,0
64,2077711328,24,1817,918,899,58,18,402,0
64,2077711328,25,1840,925,915,46,23,399,3
64,2077711328,26,1890,950,940,60,10,395,4
64,2077711328,27,1918,965,953,45,17,414,0
64,2077711328,28,1926,974,952,25,17,435,0
64,2077711328,29,1964,992,972,53,15,443,0
64,2077711328,30,1889,955,934,46,121,409,34
64,2077711328,31,1912,972,940,38,15,445,0
64,2077711328,32,1958,991,967,60,14,469,0
64,2077711328,33,2018,1020,998,72,12,489,0
64,2077711328,34,2084,1054,1030,78,12,514,0
64,2077711328,35,2140,1083,1057,67,11,519,0
64,2077711328,36,2189,1109,1080,58,9,546,0
64,2077711328,37,2237,1136,1101,58,10,574,0
64,2077711328,38,2271,1159,1112,55,21,575,0
64,2077711328,39,2323,1188,1135,71,19,589,0
64,2077711328,40,2379,1211,1168,69,13,599,0
64,2077711328,41,2449,1246,1203,82,12,613,0
64,2077711328,42,2529,1281,1248,98,18,607,6
64,2077711328,43,2581,1319,1262,67,15,625,0
64,2077711328,44,2644,1356,1288,71,8,619,6
64,2077711328,45,2715,1391,1324,80,9,660,0
64,2077711328,46,2787,1430,1357,78,6,685,0
64,2077711328,47,2840,1459,1381,68,15,721,0
64,2077711328,48,2911,1494,1417,83,12,735,0
64,2077711328,49,2982,1531,1451,80,9,735,0
64,2077711328,50,3061,1564,1497,103,24,730,5
64,2077711328,51,3118,1593,1525,72,15,756,0
64,2077711328,52,3179,1618,1561,72,11,778,0
64,2077711328,53,3250,1658,1592,79,8,811,0
64,2077711328,54,3316,1689,1627,73,7,842,0
64,2077711328,55,3385,1730,1655,83,14,840,2
64,2077711328,56,3438,1753,1685,78,25,858,0
64,2077711328,57,3518,1791,1727,94,14,874,0
64,2077711328,58,3595,1826,1769,103,26,910,0
64,2077711328,59,3664,1863,1801,91,22,950,0
64,2077711328,60,3746,1903,1843,101,19,944,6
64,2077711328,61,3838,1948,1890,102,10,966,0
64,2077711328,62,3936,2007,1929,111,13,1012,0
64,2077711328,63,3882,1968,1914,105,159,942,70
64,2077711328,64,3966,2009,1957,98,14,990,0
64,2077711328,65,4030,2038,1992,90,26,1014,0
64,2077711328,66,4105,2069,2036,91,16,1057,0
64,2077711328,67,4191,2113,2078,101,15,1074,0
64,2077711328,68,4280,2156,2124,108,19,1093,0
64,2077711328,69,4375,2205,2170,107,12,1107,0
64,2077711328,70,4464,2238,2226,106,17,1133,0
64,2077711328,71,4567,2282,2285,124,21,1154,0
64,2077711328,72,4658,2329,2329,112,21,1165,0
64,2077711328,73,4783,2387,2396,151,26,1172,0
64,2077711328,74,4906,2457,2449,137,14,1233,0
64,2077711328,75,4999,2504,2495,109,16,1250,0
64,2077711328,76,5094,2546,2548,119,24,1289,0
64,2077711328,77,5196,2592,2604,123,21,1331,0
64,2077711328,78,5298,2637,2661,127,25,1367,0
64,2077711328,79,5390,2670,2720,133,41,1370,0
64,2077711328,80,5466,2709,2757,107,31,1361,9
64,2077711328,81,5574,2762,2812,145,37,1391,0
64,2077711328,82,5706,2832,2874,164,32,1450,0
64,2077711328,83,5803,2883,2920,138,41,1438,12
64,2077711328,84,5895,2935,2960,128,36,1465,0
64,2077711328,85,6005,2998,3007,136,26,1519,0
64,2077711328,86,6112,3060,3052,141,34,1531,0
64,2077711328,87,6230,3126,3104,146,28,1580,0
64,2077711328,88,6343,3182,3161,145,32,1560,20
64,2077711328,89,6464,3236,3228,171,50,1606,0
64,2077711328,90,6548,3282,3266,144,60,1646,0
64,2077711328,91,6647,3323,3324,155,56,1682,0
64,2077711328,92,6791,3406,3385,175,31,1720,0
64,2077711328,93,6922,3475,3447,160,29,1725,0
64,2077711328,94,6757,3407,3350,177,342,1655,70
64,2077711328,95,6915,3486,3429,198,40,1732,0
64,2077711328,96,7079,3564,3515,208,44,1783,0
64,2077711328,97,7211,3639,3572,171,39,1821,0
64,2077711328,98,7351,3697,3654,168,28,1851,0
64,2077711328,99,7537,3785,3752,223,37,1884,0
65,882294416,0,1001,505,496,17,16,226,0
65,882294416,1,1106,557,549,119,14,267,0
65,882294416,2,1206,601,605,118,18,264,3
65,882294416,3,1271,639,632,96,31,262,2
65,882294416,4,1302,650,652,66,35,244,18
65,882294416,5,1347,662,685,64,19,250,0
65,882294416,6,1350,662,688,30,27,236,14
65,882294416,7,1356,665,691,28,22,237,0
65,882294416,8,1354,661,693,19,21,242,0
65,882294416,9,1379,674,705,29,4,250,0
65,882294416,10,1382,678,704,18,15,240,10
65,882294416,11,1391,686,705,24,15,240,0
65,882294416,12,1391,683,708,15,15,223,17
65,882294416,13,1393,683,710,18,16,248,0
65,882294416,14,1409,692,717,28,12,270,0
65,882294416,15,1436,703,733,40,13,308,0
65,882294416,16,1467,713,754,42,11,347,0
65,882294416,17,1497,722,775,58,28,366,0
65,882294416,18,1543,739,804,66,20,373,0
65,882294416,19,1617,780,837,86,12,381,0
65,882294416,20,1603,751,852,62,76,332,49
65,882294416,21,1662,778,884,70,11,363,0
65,882294416,22,1699,802,897,48,11,353,10
65,882294416,23,1765,835,930,80,14,351,2
65,882294416,24,1818,863,955,68,15,349,2
65,882294416,25,1895,901,994,92,15,357,0
65,882294416,26,1910,910,1000,33,18,379,0
65,882294416,27,1952,933,1019,61,19,376,3
65,882294416,28,1985,953,1032,44,11,390,0
65,882294416,29,2010,964,1046,41,16,399,0
65,882294416,30,2031,975,1056,34,13,424,0
65,882294416,31,1996,964,1032,47,82,415,9
65,882294416,32,2037,987,1050,52,11,466,0
65,882294416,33,2078,1002,1076,53,12,479,0
65,882294416,34,2099,1005,1094,38,17,491,0
65,882294416,35,2174,1040,1134,86,11,512,0
65,882294416,36,2243,1077,1166,88,19,537,0
65,882294416,37,2287,1097,1190,72,28,557,0
65,882294416,38,2356,1133,1223,87,18,568,0
65,882294416,39,2438,1174,1264,91,9,605,0
65,882294416,40,2515,1212,1303,89,12,629,0
65,882294416,41,2605,1250,1355,101,11,652,0
65,882294416,42,2665,1285,1380,68,8,635,17
65,882294416,43,2732,1320,1412,84,17,661,0
65,882294416,44,2799,1358,1441,85,18,663,0
65,882294416,45,2858,1392,1466,74,15,656,7
65,882294416,46,2899,1408,1491,54,13,694,0
65,882294416,47,2967,1446,1521,74,6,718,0
65,882294416,48,3013,1463,1550,63,17,730,0
65,882294416,49,3079,1499,1580,80,14,762,0
65,882294416,50,3154,1537,1617,89,14,778,0
65,882294416,51,3226,1571,1655,87,15,767,11
65,882294416,52,3281,1605,1676,70,15,821,0
65,882294416,53,3352,1645,1707,86,15,823,0
65,882294416,54,3455,1701,1754,125,22,877,0
65,882294416,55,3544,1746,1798,109,20,907,0
65,882294416,56,3639,1796,1843,104,9,922,0
65,882294416,57,3753,1852,1901,135,21,955,0
65,882294416,58,3850,1895,1955,106,9,965,0
65,882294416,59,3950,1949,2001,125,25,982,0
65,882294416,60,4055,1998,2057,135,30,994,0
65,882294416,61,4180,2065,2115,142,17,1035,0
65,882294416,62,4295,2113,2182,134,19,1060,0
65,882294416,63,4383,2159,2224,104,16,1049,11
65,882294416,64,4466,2194,2272,100,17,1071,0
65,882294416,65,4546,2239,2307,97,17,1100,0
65,882294416,66,4621,2272,2349,93,18,1117,0
65,882294416,67,4721,2316,2405,114,14,1157,0
65,882294416,68,4821,2369,2452,112,12,1179,0
65,882294416,69,4907,2407,2500,104,18,1210,0
65,882294416,70,5002,2454,2548,106,11,1269,0
65,882294416,71,5104,2517,2587,115,13,1298,0
65,882294416,72,5240,2582,2658,139,3,1336,0
65,882294416,73,5383,2653,2730,151,8,1385,0
65,882294416,74,5494,2703,2791,130,19,1440,0
65,882294416,75,5617,2767,2850,146,23,1472,0
65,882294416,76,5755,2839,2916,152,14,1505,0
65,882294416,77,5927,2927,3000,193,21,1519,0
65,882294416,78,6067,2994,3073,169,29,1539,0
65,882294416,79,6198,3063,3135,165,34,1555,0
65,882294416,80,6303,3122,3181,144,39,1587,0
65,882294416,81,6419,3185,3234,143,27,1635,0
65,882294416,82,6534,3250,3284,159,44,1629,6
65,882294416,83,6661,3330,3331,158,31,1623,6
65,882294416,84,6800,3410,3390,171,32,1658,0
65,882294416,85,6924,3469,3455,161,37,1708,0
65,882294416,86,7033,3527,3506,149,40,1770,0
65,882294416,87,7211,3623,3588,207,29,1820,0
65,882294416,88,7343,3699,3644,176,44,1839,0
65,882294416,89,7476,3770,3706,161,28,1859,0
65,882294416,90,7681,3884,3797,222,17,1931,0
65,882294416,91,7852,3973,3879,186,15,1953,0
65,882294416,92,8007,4046,3961,180,25,2038,0
65,882294416,93,8196,4139,4057,231,42,2059,0
65,882294416,94,8359,4220,4139,206,43,2091,0
65,882294416,95,8553,4320,4233,242,48,2077,14
65,882294416,96,8698,4409,4289,199,54,2147,0
65,882294416,97,8906,4510,4396,254,46,2233,0
65,882294416,98,9086,4595,4491,205,25,2266,0
65,882294416,99,9280,4672,4608,228,34,2311,0
66,699704628,0,998,500,498,20,22,242,0
66,699704628,1,1106,546,560,125,17,257,0
66,699704628,2,1203,598,605,113,16,278,0
66,699704628,3,1283,638,645,97,17,259,19
66,699704628,4,1335,665,670,66,14,259,0
66,699704628,5,1380,692,688,57,12,254,5
66,699704628,6,1414,707,707,44,10,242,12
66,699704628,7,1429,712,717,32,17,243,0
66,699704628,8,1448,719,729,31,12,245,0
66,699704628,9,1469,729,740,28,7,258,0
66,699704628,10,1497,746,751,37,9,245,13
66,699704628,11,1513,750,763,35,19,244,1
66,699704628,12,1532,765,767,32,13,254,0
66,699704628,13,1541,768,773,26,17,265,0
66,699704628,14,1555,775,780,40,26,297,0
66,699704628,15,1587,791,796,43,11,340,0
66,699704628,16,1612,804,808,43,18,357,0
66,699704628,17,1642,816,826,51,21,379,0
66,699704628,18,1709,853,856,82,15,402,0
66,699704628,19,1799,902,897,107,17,392,10
66,699704628,20,1845,927,918,64,18,406,0
66,699704628,21,1900,958,942,66,11,416,0
66,699704628,22,1969,989,980,86,17,429,0
66,699704628,23,2029,1018,1011,80,20,439,0
66,699704628,24,2108,1048,1060,92,13,450,0
66,699704628,25,2142,1068,1074,45,11,456,0
66,699704628,26,2173,1086,1087,46,15,463,0
66,699704628,27,2218,1114,1104,57,12,486,0
66,699704628,28,2255,1133,1122,54,17,500,0
66,699704628,29,2293,1156,1137,51,13,503,0
66,699704628,30,2351,1187,1164,72,14,527,0
66,699704628,31,2394,1202,1192,57,14,547,0
66,699704628,32,2421,1213,1208,54,27,588,0
66,699704628,33,2458,1236,1222,52,15,598,0
66,699704628,34,2534,1267,1267,94,18,646,0
66,699704628,35,2590,1293,1297,72,16,653,0
66,699704628,36,2638,1316,1322,67,19,665,0
66,699704628,37,2734,1364,1370,108,12,683,0
66,699704628,38,2805,1406,1399,84,13,716,0
66,699704628,39,2889,1440,1449,104,20,733,0
66,699704628,40,2970,1486,1484,97,16,745,0
66,699704628,41,3048,1530,1518,87,9,762,0
66,699704628,42,3139,1575,1564,98,7,780,0
66,699704628,43,3211,1606,1605,90,18,812,0
66,699704628,44,3304,1646,1658,102,9,822,0
66,699704628,45,3369,1683,1686,81,16,835,0
66,699704628,46,3417,1707,1710,60,12,859,0
66,699704628,47,3492,1741,1751,84,9,903,0
66,699704628,48,3549,1767,1782,72,15,896,7
66,699704628,49,3600,1798,1802,70,19,933,0
66,699704628,50,3698,1841,1857,109,11,961,0
66,699704628,51,3769,1877,1892,84,13,972,0
66,699704628,52,3874,1931,1943,117,12,1025,0
66,699704628,53,3949,1958,1991,99,24,1027,0
66,699704628,54,4021,1997,2024,101,29,1055,0
66,699704628,55,4142,2060,2082,137,16,1076,0
66,699704628,56,4261,2115,2146,140,21,1105,0
66,699704628,57,4368,2171,2197,129,22,1132,0
66,699704628,58,4458,2211,2247,111,21,1136,0
66,699704628,59,4390,2194,2196,109,177,1094,42
66,699704628,60,4489,2246,2243,112,13,1158,0
66,699704628,61,4582,2288,2294,112,19,1166,0
66,699704628,62,4684,2344,2340,115,13,1203,0
66,699704628,63,4804,2406,2398,129,9,1215,0
66,699704628,64,4895,2455,2440,108,17,1250,0
66,699704628,65,5002,2509,2493,126,19,1253,0
66,699704628,66,5092,2552,2540,108,18,1268,0
66,699704628,67,5190,2599,2591,114,16,1335,0
66,699704628,68,5291,2661,2630,121,20,1358,0
66,699704628,69,5400,2716,2684,123,14,1385,0
66,699704628,70,5482,2752,2730,106,24,1409,0
66,699704628,71,5597,2809,2788,136,21,1447,0
66,699704628,72,5737,2875,2862,161,21,1473,0
66,699704628,73,5863,2937,2926,140,14,1486,0
66,699704628,74,5974,2986,2988,133,22,1550,0
66,699704628,75,6095,3050,3045,149,28,1571,0
66,699704628,76,6253,3132,3121,180,22,1612,0
66,699704628,77,6407,3200,3207,185,31,1635,0
66,699704628,78,6537,3275,3262,155,25,1666,0
66,699704628,79,6664,3347,3317,162,35,1674,0
66,699704628,80,6785,3414,3371,163,42,1656,18
66,699704628,81,6888,3456,3432,177,74,1704,0
66,699704628,82,6992,3509,3483,153,49,1711,0
66,699704628,83,7090,3556,3534,154,56,1757,0
66,699704628,84,7230,3628,3602,174,34,1795,0
66,699704628,85,7350,3694,3656,157,37,1829,0
66,699704628,86,7419,3723,3696,135,66,1825,4
66,699704628,87,7498,3752,3746,141,62,1904,0
66,699704628,88,7614,3806,3808,173,57,1959,0
66,699704628,89,7751,3894,3857,203,66,1973,0
66,699704628,90,7933,3980,3953,223,41,2002,0
66,699704628,91,8079,4065,4014,189,43,2015,0
66,699704628,92,7873,3961,3912,221,427,1936,79
66,699704628,93,8060,4059,4001,222,35,2024,0
66,699704628,94,8237,4157,4080,214,37,2074,0
66,699704628,95,8406,4244,4162,206,37,2102,0
66,699704628,96,8563,4309,4254,202,45,2197,0
66,699704628,97,8722,4372,4350,209,50,2246,0
66,699704628,98,8888,4458,4430,215,49,2280,0
66,699704628,99,9049,4520,4529,206,45,2319,0
67,1944623248,0,1001,498,503,19,18,228,0
67,1944623248,1,1102,549,553,108,7,277,0
67,1944623248,2,1220,601,619,123,5,278,0
67,1944623248,3,1299,645,654,89,10,287,0
67,1944623248,4,1343,668,675,63,19,269,18
67,1944623248,5,1364,681,683,43,22,264,5
67,1944623248,6,1389,689,700,45,20,250,14
67,1944623248,7,1407,704,703,38,20,254,0
67,1944623248,8,1436,713,723,39,10,258,0
67,1944623248,9,1452,727,725,29,13,245,13
67,1944623248,10,1468,740,728,36,20,244,1
67,1944623248,11,1487,750,737,33,14,238,6
67,1944623248,12,1497,757,740,25,15,237,1
67,1944623248,13,1495,753,742,15,17,270,0
67,1944623248,14,1508,762,746,23,10,297,0
67,1944623248,15,1541,783,758,44,11,358,0
67,1944623248,16,1588,807,781,58,11,369,0
67,1944623248,17,1620,830,790,46,14,386,0
67,1944623248,18,1699,878,821,91,12,388,0
67,1944623248,19,1763,903,860,78,14,416,0
67,1944623248,20,1816,934,882,75,22,411,5
67,1944623248,21,1861,954,907,58,13,411,0
67,1944623248,22,1932,993,939,89,18,422,0
67,1944623248,23,1990,1015,975,74,16,440,0
67,1944623248,24,2052,1040,1012,73,11,443,0
67,1944623248,25,2115,1074,1041,79,16,449,0
67,1944623248,26,2139,1081,1058,43,19,446,3
67,1944623248,27,2168,1098,1070,46,17,458,0
67,1944623248,28,2200,1115,1085,47,15,477,0
67,1944623248,29,2251,1147,1104,63,12,495,0
67,1944623248,30,2289,1164,1125,64,26,515,0
67,1944623248,31,2321,1181,1140,51,19,532,0
67,1944623248,32,2368,1202,1166,62,15,547,0
67,1944623248,33,2421,1235,1186,66,13,564,0
67,1944623248,34,2478,1261,1217,75,18,577,0
67,1944623248,35,2529,1287,1242,71,20,598,0
67,1944623248,36,2588,1321,1267,82,23,641,0
67,1944623248,37,2647,1355,1292,72,13,682,0
67,1944623248,38,2713,1389,1324,77,11,682,0
67,1944623248,39,2809,1438,1371,115,19,699,0
67,1944623248,40,2890,1475,1415,97,16,703,0
67,1944623248,41,2971,1514,1457,93,12,721,0
67,1944623248,42,3046,1543,1503,90,15,764,0
67,1944623248,43,2990,1525,1465,75,131,746,18
67,1944623248,44,3059,1553,1506,86,17,762,0
67,1944623248,45,3145,1594,1551,101,15,770,0
67,1944623248,46,3225,1643,1582,95,15,794,0
67,1944623248,47,3271,1670,1601,60,14,792,2
67,1944623248,48,3350,1706,1644,88,9,812,0
67,1944623248,49,3412,1742,1670,74,12,853,0
67,1944623248,50,3480,1781,1699,78,10,862,0
67,1944623248,51,3563,1826,1737,98,15,898,0
67,1944623248,52,3637,1872,1765,87,13,947,0
67,1944623248,53,3711,1911,1800,92,18,954,0
67,1944623248,54,3793,1946,1847,108,26,995,0
67,1944623248,55,3852,1974,1878,88,29,1007,0
67,1944623248,56,3963,2028,1935,129,18,1012,0
67,1944623248,57,4048,2082,1966,108,23,1040,0
67,1944623248,58,4162,2140,2022,137,23,1058,0
67,1944623248,59,4252,2189,2063,111,21,1087,0
67,1944623248,60,4357,2248,2109,121,16,1105,0
67,1944623248,61,4458,2303,2155,114,13,1100,5
67,1944623248,62,4550,2356,2194,110,18,1128,0
67,1944623248,63,4638,2397,2241,107,19,1149,0
67,1944623248,64,4725,2445,2280,110,23,1150,0
67,1944623248,65,4812,2488,2324,103,16,1223,0
67,1944623248,66,4911,2541,2370,112,13,1230,0
67,1944623248,67,5020,2594,2426,127,18,1237,0
67,1944623248,68,5122,2645,2477,117,15,1274,0
67,1944623248,69,5206,2685,2521,95,11,1307,0
67,1944623248,70,5316,2743,2573,135,25,1314,0
67,1944623248,71,5429,2808,2621,131,18,1354,0
67,1944623248,72,5526,2861,2665,119,22,1382,0
67,1944623248,73,5649,2928,2721,145,22,1434,0
67,1944623248,74,5793,3002,2791,171,27,1433,1
67,1944623248,75,5913,3060,2853,138,18,1467,0
67,1944623248,76,6019,3128,2891,123,17,1526,0
67,1944623248,77,6152,3201,2951,158,25,1509,17
67,1944623248,78,6266,3257,3009,137,23,1552,0
67,1944623248,79,6392,3324,3068,162,36,1557,0
67,1944623248,80,6498,3382,3116,152,46,1586,0
67,1944623248,81,6594,3426,3168,143,47,1582,4
67,1944623248,82,6701,3477,3224,144,37,1631,0
67,1944623248,83,6810,3525,3285,146,37,1623,8
67,1944623248,84,6897,3578,3319,141,54,1695,0
67,1944623248,85,6989,3626,3363,144,52,1723,0
67,1944623248,86,6789,3506,3283,157,357,1653,70
67,1944623248,87,6711,3471,3240,150,228,1602,51
67,1944623248,88,6793,3510,3283,118,36,1684,0
67,1944623248,89,6923,3572,3351,159,29,1708,0
67,1944623248,90,7039,3626,3413,146,30,1745,0
67,1944623248,91,7170,3691,3479,166,35,1798,0
67,1944623248,92,7331,3767,3564,200,39,1825,0
67,1944623248,93,7474,3834,3640,179,36,1884,0
67,1944623248,94,7617,3906,3711,186,43,1919,0
67,1944623248,95,7760,3974,3786,170,27,1960,0
67,1944623248,96,7924,4050,3874,202,38,1965,0
67,1944623248,97,8079,4115,3964,197,42,1958,7
67,1944623248,98,8228,4176,4052,189,40,2033,0
67,1944623248,99,8384,4238,4146,187,31,2033,0
68,795556160,0,997,496,501,14,17,230,0
68,795556160,1,1097,540,557,113,13,266,0
68,795556160,2,1189,581,608,108,16,255,11
68,795556160,3,1237,608,629,65,17,251,4
68,795556160,4,1282,633,649,65,20,242,9
68,795556160,5,1302,644,658,40,20,237,5
68,795556160,6,1337,659,678,51,16,243,0
68,795556160,7,1360,673,687,36,13,228,15
68,795556160,8,1372,674,698,32,20,239,0
68,795556160,9,1379,678,701,24,17,256,0
68,795556160,10,1408,686,722,40,11,241,15
68,795556160,11,1429,697,732,30,9,238,3
68,795556160,12,1427,697,730,16,18,236,2
68,795556160,13,1440,706,734,23,10,252,0
68,795556160,14,1468,718,750,42,14,290,0
68,795556160,15,1474,723,751,20,14,311,0
68,795556160,16,1511,748,763,55,18,348,0
68,795556160,17,1557,769,788,67,21,352,0
68,795556160,18,1600,792,808,60,17,368,0
68,795556160,19,1674,824,850,81,7,380,0
68,795556160,20,1738,854,884,75,11,392,0
68,795556160,21,1779,880,899,52,11,404,0
68,795556160,22,1831,910,921,65,13,398,6
68,795556160,23,1900,944,956,91,22,399,0
68,795556160,24,1959,977,982,82,23,419,0
68,795556160,25,2005,998,1007,62,16,410,9
68,795556160,26,2043,1017,1026,52,14,447,0
68,795556160,27,2087,1034,1053,58,14,446,1
68,795556160,28,2122,1050,1072,57,22,463,0
68,795556160,29,2154,1065,1089,45,13,469,0
68,795556160,30,2192,1084,1108,46,8,496,0
68,795556160,31,2123,1012,1111,47,116,444,52
68,795556160,32,2170,1037,1133,64,17,480,0
68,795556160,33,2214,1058,1156,55,11,488,0
68,795556160,34,2254,1081,1173,63,23,490,0
68,795556160,35,2314,1114,1200,80,20,529,0
68,795556160,36,2367,1135,1232,75,22,548,0
68,795556160,37,2441,1169,1272,81,7,551,0
68,795556160,38,2502,1203,1299,75,14,588,0
68,795556160,39,2583,1242,1341,97,16,629,0
68,795556160,40,2662,1281,1381,89,10,625,4
68,795556160,41,2734,1321,1413,92,20,641,0
68,795556160,42,2827,1374,1453,98,5,673,0
68,795556160,43,2927,1421,1506,102,2,688,0
68,795556160,44,3004,1449,1555,86,9,722,0
68,795556160,45,3065,1482,1583,70,9,754,0
68,795556160,46,3137,1506,1631,86,14,732,22
68,795556160,47,3220,1545,1675,102,19,756,0
68,795556160,48,3290,1580,1710,83,13,777,0
68,795556160,49,3349,1615,1734,85,26,819,0
68,795556160,50,3418,1647,1771,88,19,825,0
68,795556160,51,3478,1673,1805,85,25,832,0
68,795556160,52,3553,1708,1845,91,16,853,0
68,795556160,53,3645,1757,1888,104,12,892,0
68,795556160,54,3718,1789,1929,92,19,916,0
68,795556160,55,3820,1832,1988,121,19,946,0
68,795556160,56,3926,1881,2045,120,14,986,0
68,795556160,57,4030,1926,2104,117,13,1028,0
68,795556160,58,4137,1990,2147,118,11,1030,0
68,795556160,59,4235,2028,2207,112,14,1054,0
68,795556160,60,4341,2085,2256,119,13,1074,0
68,795556160,61,4449,2132,2317,127,19,1104,0
68,795556160,62,4538,2180,2358,108,19,1139,0
68,795556160,63,4664,2237,2427,148,22,1134,5
68,795556160,64,4778,2291,2487,132,18,1170,0
68,795556160,65,4860,2323,2537,94,12,1215,0
68,795556160,66,5017,2389,2628,165,8,1204,11
68,795556160,67,5092,2429,2663,100,25,1252,0
68,795556160,68,5188,2489,2699,113,17,1266,0
68,795556160,69,5287,2539,2748,128,29,1309,0
68,795556160,70,5409,2599,2810,148,26,1319,0
68,795556160,71,5533,2651,2882,136,12,1338,0
68,795556160,72,5643,2707,2936,129,19,1382,0
68,795556160,73,5770,2768,3002,147,20,1429,0
68,795556160,74,5926,2850,3076,172,16,1448,0
68,795556160,75,6035,2899,3136,131,22,1481,0
68,795556160,76,6167,2962,3205,147,15,1546,0
68,795556160,77,6319,3053,3266,178,26,1584,0
68,795556160,78,6453,3121,3332,162,28,1560,24
68,795556160,79,6601,3199,3402,168,20,1622,0
68,795556160,80,6761,3275,3486,183,23,1625,0
68,795556160,81,6909,3347,3562,171,23,1683,0
68,795556160,82,7000,3392,3608,131,40,1704,0
68,795556160,83,7130,3471,3659,163,33,1756,0
68,795556160,84,7267,3528,3739,174,37,1763,0
68,795556160,85,7414,3606,3808,183,36,1792,0
68,795556160,86,7567,3698,3869,187,34,1824,0
68,795556160,87,7724,3769,3955,183,26,1865,0
68,795556160,88,7870,3837,4033,173,27,1934,0
68,795556160,89,8028,3928,4100,190,32,1941,0
68,795556160,90,8206,4015,4191,202,24,2005,0
68,795556160,91,8372,4111,4261,196,30,2071,0
68,795556160,92,8570,4204,4366,228,30,2089,0
68,795556160,93,8726,4282,4444,181,25,2160,0
68,795556160,94,8974,4410,4564,268,20,2210,0
68,795556160,95,9149,4508,4641,205,30,2266,0
68,795556160,96,9352,4609,4743,232,29,2327,0
68,795556160,97,9538,4703,4835,217,31,2372,0
68,795556160,98,9726,4789,4937,228,40,2413,0
68,795556160,99,9880,4880,5000,200,46,2422,0
69,163945743,0,988,493,495,12,24,224,0
69,163945743,1,1090,548,542,122,20,256,0
69,163945743,2,1145,580,565,73,18,281,0
69,163945743,3,1208,608,600,74,11,268,13
69,163945743,4,1273,642,631,85,20,266,2
69,163945743,5,1303,652,651,51,21,246,20
69,163945743,6,1313,655,658,36,26,245,1
69,163945743,7,1336,659,677,45,22,234,11
69,163945743,8,1347,673,674,34,23,240,0
69,163945743,9,1361,675,686,26,12,222,18
69,163945743,10,1374,678,696,25,12,228,0
69,163945743,11,1374,677,697,23,23,211,17
69,163945743,12,1399,688,711,36,11,228,0
69,163945743,13,1407,692,715,25,17,250,0
69,163945743,14,1428,704,724,34,13,275,0
69,163945743,15,1446,710,736,27,9,306,0
69,163945743,16,1475,733,742,46,17,333,0
69,163945743,17,1525,762,763,61,11,348,0
69,163945743,18,1576,793,783,56,5,361,0
69,163945743,19,1631,822,809,63,8,378,0
69,163945743,20,1648,829,819,64,47,363,15
69,163945743,21,1718,856,862,79,9,387,0
69,163945743,22,1779,886,893,77,16,392,0
69,163945743,23,1858,924,934,92,13,407,0
69,163945743,24,1924,955,969,76,10,402,5
69,163945743,25,1977,974,1003,77,24,410,0
69,163945743,26,2029,1004,1025,64,12,434,0
69,163945743,27,2047,1017,1030,32,14,426,8
69,163945743,28,2092,1047,1045,61,16,436,0
69,163945743,29,2114,1058,1056,39,17,444,0
69,163945743,30,2151,1078,1073,52,15,481,0
69,163945743,31,2188,1101,1087,46,9,521,0
69,163945743,32,2228,1120,1108,57,17,529,0
69,163945743,33,2276,1145,1131,67,19,532,0
69,163945743,34,2321,1166,1155,51,6,575,0
69,163945743,35,2354,1178,1176,41,8,600,0
69,163945743,36,2414,1205,1209,74,14,644,0
69,163945743,37,2468,1226,1242,75,21,658,0
69,163945743,38,2542,1259,1283,89,15,645,13
69,163945743,39,2640,1312,1328,102,4,662,0
69,163945743,40,2696,1338,1358,80,24,657,5
69,163945743,41,2795,1393,1402,112,13,679,0
69,163945743,42,2866,1425,1441,89,18,691,0
69,163945743,43,2929,1461,1468,76,13,739,0
69,163945743,44,2996,1494,1502,78,11,766,0
69,163945743,45,3044,1517,1527,65,17,782,0
69,163945743,46,3027,1518,1509,95,112,767,15
69,163945743,47,3087,1545,1542,76,16,778,0
69,163945743,48,3142,1572,1570,69,14,782,0
69,163945743,49,3193,1593,1600,62,11,797,0
69,163945743,50,3226,1605,1621,53,20,825,0
69,163945743,51,3277,1626,1651,74,23,849,0
69,163945743,52,3344,1662,1682,77,10,900,0
69,163945743,53,3427,1704,1723,91,8,904,0
69,163945743,54,3521,1752,1769,104,10,935,0
69,163945743,55,3610,1800,1810,105,16,954,0
69,163945743,56,3705,1841,1864,112,17,968,0
69,163945743,57,3823,1902,1921,132,14,1026,0
69,163945743,58,3937,1955,1982,131,17,1038,0
69,163945743,59,4050,2010,2040,134,21,1035,3
69,163945743,60,4121,2054,2067,92,21,1066,0
69,163945743,61,4203,2095,2108,103,21,1062,4
69,163945743,62,4317,2158,2159,118,4,1076,0
69,163945743,63,4400,2193,2207,93,10,1078,0
69,163945743,64,4489,2240,2249,114,25,1117,0
69,163945743,65,4568,2276,2292,99,20,1138,0
69,163945743,66,4643,2313,2330,91,16,1165,0
69,163945743,67,4714,2349,2365,95,24,1200,0
69,163945743,68,4793,2399,2394,104,25,1231,0
69,163945743,69,4891,2451,2440,114,16,1248,0
69,163945743,70,4995,2498,2497,111,7,1296,0
69,163945743,71,5096,2542,2554,122,21,1305,0
69,163945743,72,5178,2587,2591,101,19,1330,0
69,163945743,73,5297,2643,2654,133,14,1395,0
69,163945743,74,5447,2721,2726,166,16,1434,0
69,163945743,75,5579,2787,2792,164,32,1461,0
69,163945743,76,5674,2838,2836,139,44,1463,0
69,163945743,77,5788,2900,2888,126,12,1501,0
69,163945743,78,5958,2973,2985,184,14,1516,0
69,163945743,79,6094,3049,3045,153,17,1503,13
69,163945743,80,6190,3098,3092,135,39,1533,0
69,163945743,81,6283,3146,3137,131,38,1585,0
69,163945743,82,6423,3222,3201,176,36,1608,0
69,163945743,83,6551,3282,3269,168,40,1634,0
69,163945743,84,6645,3333,3312,130,36,1629,5
69,163945743,85,6732,3374,3358,133,46,1648,0
69,163945743,86,6849,3439,3410,150,33,1704,0
69,163945743,87,6927,3479,3448,131,53,1713,0
69,163945743,88,7020,3528,3492,124,31,1772,0
69,163945743,89,7160,3591,3569,176,36,1844,0
69,163945743,90,7284,3658,3626,162,38,1905,0
69,163945743,91,7432,3740,3692,195,47,1934,0
69,163945743,92,7598,3824,3774,210,44,1933,1
69,163945743,93,7729,3888,3841,170,39,1944,0
69,163945743,94,7873,3952,3921,193,49,1981,0
69,163945743,95,8029,4031,3998,194,38,2068,0
69,163945743,96,8183,4111,4072,199,45,2120,0
69,163945743,97,8316,4170,4146,186,53,2086,34
69,163945743,98,8477,4260,4217,208,47,2124,0
69,163945743,99,8634,4345,4289,217,60,2169,0
70,1008363426,0,1009,508,501,28,19,221,0
70,1008363426,1,1106,552,554,124,27,259,0
70,1008363426,2,1217,608,609,117,6,268,0
70,1008363426,3,1290,647,643,79,6,261,7
70,1008363426,4,1339,672,667,58,9,263,0
70,1008363426,5,1371,691,680,46,14,264,0
70,1008363426,6,1387,697,690,37,21,243,21
70,1008363426,7,1407,710,697,37,17,252,0
70,1008363426,8,1421,713,708,27,13,249,3
70,1008363426,9,1429,717,712,24,16,242,7
70,1008363426,10,1446,724,722,27,10,252,0
70,1008363426,11,1453,725,728,18,11,239,13
70,1008363426,12,1480,734,746,41,14,240,0
70,1008363426,13,1476,728,748,14,18,262,0
70,1008363426,14,1493,728,765,34,17,322,0
70,1008363426,15,1512,743,769,38,19,330,0
70,1008363426,16,1539,750,789,43,16,358,0
70,1008363426,17,1616,795,821,86,9,383,0
70,1008363426,18,1675,820,855,73,14,398,0
70,1008363426,19,1757,863,894,96,14,395,3
70,1008363426,20,1820,901,919,80,17,419,0
70,1008363426,21,1866,924,942,62,16,411,8
70,1008363426,22,1912,945,967,61,15,412,0
70,1008363426,23,1961,967,994,67,18,420,0
70,1008363426,24,1957,965,992,78,82,412,8
70,1008363426,25,2005,989,1016,64,16,433,0
70,1008363426,26,2070,1020,1050,77,12,433,0
70,1008363426,27,2102,1041,1061,52,20,445,0
70,1008363426,28,2139,1056,1083,49,12,433,12
70,1008363426,29,2170,1067,1103,38,7,448,0
70,1008363426,30,2181,1077,1104,34,23,478,0
70,1008363426,31,2226,1097,1129,60,15,516,0
70,1008363426,32,2279,1129,1150,67,14,538,0
70,1008363426,33,2356,1168,1188,95,18,574,0
70,1008363426,34,2433,1209,1224,86,9,606,0
70,1008363426,35,2481,1239,1242,60,12,617,0
70,1008363426,36,2570,1277,1293,107,18,628,0
70,1008363426,37,2654,1317,1337,104,20,647,0
70,1008363426,38,2713,1347,1366,67,8,670,0
70,1008363426,39,2771,1379,1392,71,13,682,0
70,1008363426,40,2844,1416,1428,89,16,710,0
70,1008363426,41,2926,1462,1464,102,20,721,0
70,1008363426,42,3007,1495,1512,95,14,703,18
70,1008363426,43,3089,1537,1552,97,15,718,0
70,1008363426,44,3143,1568,1575,66,12,744,0
70,1008363426,45,3192,1596,1596,62,13,791,0
70,1008363426,46,3269,1628,1641,94,17,823,0
70,1008363426,47,3345,1654,1691,85,9,839,0
70,1008363426,48,3334,1641,1693,121,132,806,33
70,1008363426,49,3425,1688,1737,97,6,871,0
70,1008363426,50,3513,1732,1781,102,14,899,0
70,1008363426,51,3622,1790,1832,117,8,892,7
70,1008363426,52,3697,1830,1867,89,14,919,0
70,1008363426,53,3778,1872,1906,95,14,961,0
70,1008363426,54,3860,1913,1947,92,10,985,0
70,1008363426,55,3965,1964,2001,110,5,1023,0
70,1008363426,56,4062,2020,2042,101,4,1042,0
70,1008363426,57,4154,2065,2089,97,5,1045,0
70,1008363426,58,4292,2134,2158,145,7,1075,0
70,1008363426,59,4403,2195,2208,121,10,1103,0
70,1008363426,60,4494,2248,2246,104,13,1127,0
70,1008363426,61,4629,2316,2313,143,8,1158,0
70,1008363426,62,4709,2350,2359,95,15,1208,0
70,1008363426,63,4833,2420,2413,146,22,1254,0
70,1008363426,64,4917,2467,2450,99,15,1276,0
70,1008363426,65,5022,2515,2507,122,17,1279,0
70,1008363426,66,5124,2570,2554,114,12,1321,0
70,1008363426,67,5282,2644,2638,168,10,1333,0
70,1008363426,68,5379,2688,2691,108,11,1347,0
70,1008363426,69,5499,2751,2748,140,20,1379,0
70,1008363426,70,5607,2816,2791,123,15,1428,0
70,1008363426,71,5724,2867,2857,138,21,1438,0
70,1008363426,72,5841,2918,2923,130,13,1481,0
70,1008363426,73,5992,2985,3007,167,16,1524,0
70,1008363426,74,6128,3060,3068,147,11,1543,0
70,1008363426,75,6279,3130,3149,168,17,1612,0
70,1008363426,76,6417,3206,3211,150,12,1629,0
70,1008363426,77,6587,3300,3287,187,17,1646,0
70,1008363426,78,6703,3356,3347,137,21,1644,2
70,1008363426,79,6834,3427,3407,158,27,1727,0
70,1008363426,80,6962,3496,3466,153,25,1741,0
70,1008363426,81,7099,3561,3538,165,28,1792,0
70,1008363426,82,7217,3610,3607,152,34,1818,0
70,1008363426,83,7362,3682,3680,175,30,1867,0
70,1008363426,84,7507,3762,3745,178,33,1879,0
70,1008363426,85,7640,3835,3805,171,38,1941,0
70,1008363426,86,7802,3912,3890,199,37,1952,0
70,1008363426,87,7967,4002,3965,184,19,2029,0
70,1008363426,88,8140,4076,4064,207,34,2057,0
70,1008363426,89,8339,4191,4148,228,29,2096,0
70,1008363426,90,8483,4274,4209,170,26,2150,0
70,1008363426,91,8685,4374,4311,214,12,2168,0
70,1008363426,92,8904,4495,4409,230,11,2271,0
70,1008363426,93,9091,4589,4502,219,32,2265,6
70,1008363426,94,9240,4658,4582,193,44,2297,0
70,1008363426,95,9410,4749,4661,218,48,2348,0
70,1008363426,96,9603,4838,4765,227,34,2400,0
70,1008363426,97,9757,4917,4840,205,51,2431,0
70,1008363426,98,9905,4996,4909,187,39,2487,0
70,1008363426,99,10129,5116,5013,262,38,2550,0
71,1708709735,0,1007,503,504,28,21,245,0
71,1708709735,1,1137,560,577,142,12,262,0
71,1708709735,2,1232,610,622,107,12,271,0
71,1708709735,3,1338,661,677,116,10,271,0
71,1708709735,4,1395,688,707,69,12,268,3
71,1708709735,5,1423,702,721,48,20,273,0
71,1708709735,6,1455,719,736,50,18,265,8
71,1708709735,7,1474,735,739,35,16,244,21
71,1708709735,8,1487,740,747,24,11,258,0
71,1708709735,9,1484,738,746,16,19,239,19
71,1708709735,10,1490,745,745,29,23,256,0
71,1708709735,11,1498,749,749,24,16,257,0
71,1708709735,12,1499,750,749,19,18,250,7
71,1708709735,13,1502,745,757,18,15,273,0
71,1708709735,14,1510,753,757,20,12,303,0
71,1708709735,15,1534,767,767,37,13,336,0
71,1708709735,16,1498,755,743,59,96,350,0
71,1708709735,17,1564,783,781,72,6,373,0
71,1708709735,18,1622,808,814,68,10,395,0
71,1708709735,19,1717,851,866,99,4,419,0
71,1708709735,20,1811,895,916,101,7,417,2
71,1708709735,21,1879,928,951,80,12,437,0
71,1708709735,22,1932,961,971,65,12,445,0
71,1708709735,23,1986,982,1004,70,16,466,0
71,1708709735,24,2055,1026,1029,88,19,454,12
71,1708709735,25,2130,1061,1069,86,11,447,7
71,1708709735,26,2176,1079,1097,64,18,435,12
71,1708709735,27,2217,1107,1110,54,13,463,0
71,1708709735,28,2237,1115,1122,31,11,455,8
71,1708709735,29,2274,1136,1138,58,21,471,0
71,1708709735,30,2283,1139,1144,27,18,503,0
71,1708709735,31,2315,1159,1156,49,17,537,0
71,1708709735,32,2348,1177,1171,46,13,555,0
71,1708709735,33,2388,1199,1189,61,21,582,0
71,1708709735,34,2457,1230,1227,76,7,591,0
71,1708709735,35,2524,1267,1257,72,5,633,0
71,1708709735,36,2588,1296,1292,76,12,666,0
71,1708709735,37,2668,1332,1336,88,8,697,0
71,1708709735,38,2744,1368,1376,83,7,723,0
71,1708709735,39,2855,1416,1439,116,5,725,0
71,1708709735,40,2963,1471,1492,116,8,729,0
71,1708709735,41,3061,1513,1548,107,9,745,0
71,1708709735,42,3159,1560,1599,105,7,766,0
71,1708709735,43,3256,1604,1652,112,15,780,0
71,1708709735,44,3334,1647,1687,90,12,776,4
71,1708709735,45,3400,1680,1720,79,13,798,0
71,1708709735,46,3459,1708,1751,74,15,809,0
71,1708709735,47,3521,1744,1777,74,12,855,0
71,1708709735,48,3603,1781,1822,94,12,874,0
71,1708709735,49,3659,1803,1856,69,13,911,0
71,1708709735,50,3707,1828,1879,55,7,924,0
71,1708709735,51,3770,1850,1920,70,7,965,0
71,1708709735,52,3834,1877,1957,76,12,977,0
71,1708709735,53,3920,1920,2000,102,16,1041,0
71,1708709735,54,4047,1983,2064,136,9,1084,0
71,1708709735,55,4176,2049,2127,149,20,1087,0
71,1708709735,56,4318,2118,2200,157,15,1122,0
71,1708709735,57,4424,2169,2255,121,15,1141,0
71,1708709735,58,4578,2241,2337,169,15,1157,0
71,1708709735,59,4467,2097,2370,136,247,1031,126
71,1708709735,60,4546,2140,2406,100,21,1056,0
71,1708709735,61,4668,2200,2468,132,10,1080,0
71,1708709735,62,4777,2253,2524,128,19,1100,0
71,1708709735,63,4878,2299,2579,112,11,1110,0
71,1708709735,64,4968,2346,2622,102,12,1111,0
71,1708709735,65,5055,2378,2677,97,10,1133,0
71,1708709735,66,5155,2421,2734,115,15,1146,0
71,1708709735,67,5255,2476,2779,116,16,1192,0
71,1708709735,68,5323,2510,2813,91,23,1221,0
71,1708709735,69,5461,2586,2875,154,16,1276,0
71,1708709735,70,5576,2639,2937,133,18,1343,0
71,1708709735,71,5469,2568,2901,165,272,1276,67
71,1708709735,72,5625,2645,2980,172,16,1333,0
71,1708709735,73,5756,2714,3042,148,17,1370,0
71,1708709735,74,5944,2797,3147,203,15,1441,0
71,1708709735,75,6106,2878,3228,175,13,1474,0
71,1708709735,76,6250,2944,3306,162,18,1497,0
71,1708709735,77,6409,3029,3380,182,23,1525,0
71,1708709735,78,6587,3124,3463,191,13,1565,0
71,1708709735,79,6773,3214,3559,201,15,1612,0
71,1708709735,80,6687,3183,3504,165,251,1512,100
71,1708709735,81,6828,3248,3580,163,22,1588,0
71,1708709735,82,6919,3289,3630,124,33,1616,0
71,1708709735,83,7072,3378,3694,183,30,1623,0
71,1708709735,84,7221,3450,3771,177,28,1660,0
71,1708709735,85,7341,3503,3838,152,32,1687,0
71,1708709735,86,7471,3567,3904,162,32,1770,0
71,1708709735,87,7602,3632,3970,159,28,1811,0
71,1708709735,88,7759,3717,4042,194,37,1877,0
71,1708709735,89,7899,3793,4106,165,25,1925,0
71,1708709735,90,8082,3881,4201,206,23,1974,0
71,1708709735,91,8274,3981,4293,223,31,2017,0
71,1708709735,92,8411,4041,4370,173,36,2048,0
71,1708709735,93,8653,4161,4492,268,26,2087,0
71,1708709735,94,8881,4265,4616,255,27,2115,0
71,1708709735,95,9105,4368,4737,258,34,2191,0
71,1708709735,96,9314,4480,4834,233,24,2222,0
71,1708709735,97,9575,4605,4970,275,14,2252,0
71,1708709735,98,9773,4704,5069,217,19,2378,0
71,1708709735,99,9965,4799,5166,232,40,2408,0
72,406886644,0,992,495,497,10,18,209,0
72,406886644,1,1094,544,550,117,15,254,0
72,406886644,2,1160,581,579,76,10,257,0
72,406886644,3,1202,606,596,65,23,257,0
72,406886644,4,1270,639,631,79,11,255,2
72,406886644,5,1312,665,647,60,18,253,2
72,406886644,6,1338,677,661,50,24,243,10
72,406886644,7,1357,684,673,32,13,244,0
72,406886644,8,1371,691,680,38,24,226,18
72,406886644,9,1383,703,680,32,20,232,0
72,406886644,10,1386,703,683,22,19,216,16
72,406886644,11,1391,706,685,22,17,220,0
72,406886644,12,1400,707,693,26,17,231,0
72,406886644,13,1407,713,694,16,9,258,0
72,406886644,14,1435,728,707,43,15,281,0
72,406886644,15,1462,742,720,41,14,302,0
72,406886644,16,1481,754,727,31,12,326,0
72,406886644,17,1529,788,741,59,11,354,0
72,406886644,18,1594,827,767,82,17,362,0
72,406886644,19,1652,856,796,69,11,365,0
72,406886644,20,1671,858,813,38,19,366,0
72,406886644,21,1728,887,841,68,11,397,0
72,406886644,22,1773,907,866,55,10,401,0
72,406886644,23,1837,935,902,71,7,400,1
72,406886644,24,1867,949,918,45,15,422,0
72,406886644,25,1932,985,947,69,4,419,3
72,406886644,26,1974,1016,958,48,6,441,0
72,406886644,27,2024,1044,980,62,12,463,0
72,406886644,28,2067,1061,1006,54,11,441,22
72,406886644,29,2099,1074,1025,40,8,459,0
72,406886644,30,2138,1097,1041,54,15,504,0
72,406886644,31,2174,1117,1057,46,10,517,0
72,406886644,32,2233,1141,1092,66,7,537,0
72,406886644,33,2280,1159,1121,56,9,549,0
72,406886644,34,2347,1187,1160,80,13,553,0
72,406886644,35,2400,1214,1186,57,4,573,0
72,406886644,36,2456,1238,1218,62,6,592,0
72,406886644,37,2533,1279,1254,84,7,618,0
72,406886644,38,2607,1323,1284,86,12,637,0
72,406886644,39,2648,1347,1301,56,15,635,2
72,406886644,40,2717,1371,1346,84,15,674,0
72,406886644,41,2789,1404,1385,84,12,686,0
72,406886644,42,2859,1425,1434,88,18,706,0
72,406886644,43,2926,1452,1474,83,16,703,3
72,406886644,44,3002,1482,1520,88,12,698,5
72,406886644,45,3048,1506,1542,58,12,736,0
72,406886644,46,3125,1541,1584,89,12,780,0
72,406886644,47,3172,1559,1613,54,7,800,0
72,406886644,48,3244,1592,1652,81,9,828,0
72,406886644,49,3297,1609,1688,68,15,825,3
72,406886644,50,3388,1662,1726,102,11,857,0
72,406886644,51,3466,1698,1768,101,23,880,0
72,406886644,52,3402,1664,1738,93,157,826,54
72,406886644,53,3488,1712,1776,95,9,889,0
72,406886644,54,3564,1749,1815,90,14,926,0
72,406886644,55,3649,1787,1862,101,16,947,0
72,406886644,56,3717,1828,1889,84,16,970,0
72,406886644,57,3787,1860,1927,85,15,1007,0
72,406886644,58,3890,1903,1987,116,13,1006,1
72,406886644,59,3977,1934,2043,102,15,1018,0
72,406886644,60,4070,1982,2088,104,11,1028,0
72,406886644,61,4161,2030,2131,107,16,1032,0
72,406886644,62,4254,2068,2186,105,12,1056,0
72,406886644,63,4374,2132,2242,128,8,1097,0
72,406886644,64,4470,2174,2296,110,14,1110,0
72,406886644,65,4576,2220,2356,116,10,1169,0
72,406886644,66,4509,2192,2317,126,193,1125,44
72,406886644,67,4626,2244,2382,130,13,1166,0
72,406886644,68,4745,2311,2434,133,14,1181,0
72,406886644,69,4654,2172,2482,121,212,1053,128
72,406886644,70,4724,2211,2513,96,26,1067,0
72,406886644,71,4804,2259,2545,84,4,1116,0
72,406886644,72,4918,2312,2606,117,3,1129,0
72,406886644,73,5049,2384,2665,137,6,1166,0
72,406886644,74,5166,2439,2727,125,8,1187,0
72,406886644,75,5273,2498,2775,125,18,1218,0
72,406886644,76,5403,2569,2834,149,19,1237,0
72,406886644,77,5505,2605,2900,119,17,1262,0
72,406886644,78,5621,2657,2964,130,14,1303,0
72,406886644,79,5750,2725,3025,148,19,1319,0
72,406886644,80,5918,2800,3118,187,19,1390,0
72,406886644,81,6035,2857,3178,145,28,1438,0
72,406886644,82,6198,2949,3249,189,26,1431,7
72,406886644,83,6328,3015,3313,157,27,1439,0
72,406886644,84,6484,3091,3393,177,21,1476,0
72,406886644,85,6627,3155,3472,152,9,1523,0
72,406886644,86,6781,3237,3544,173,19,1567,0
72,406886644,87,6935,3317,3618,163,9,1577,0
72,406886644,88,7097,3403,3694,190,28,1613,0
72,406886644,89,7235,3479,3756,164,26,1663,0
72,406886644,90,7359,3537,3822,159,35,1719,0
72,406886644,91,7468,3591,3877,139,30,1738,0
72,406886644,92,7602,3663,3939,165,31,1785,0
72,406886644,93,7740,3743,3997,175,37,1838,0
72,406886644,94,7893,3818,4075,183,30,1892,0
72,406886644,95,8036,3887,4149,175,32,1935,0
72,406886644,96,8222,3986,4236,217,31,2003,0
72,406886644,97,8433,4079,4354,242,31,2024,0
72,406886644,98,8649,4189,4460,255,39,2066,0
72,406886644,99,8827,4279,4548,220,42,2096,0
73,994157306,0,1000,498,502,18,18,220,0
73,994157306,1,1126,555,571,141,15,264,0
73,994157306,2,1191,587,604,94,29,267,0
73,994157306,3,1248,617,631,78,21,256,11
73,994157306,4,1286,629,657,56,18,245,11
73,994157306,5,1323,645,678,57,20,240,5
73,994157306,6,1330,649,681,28,21,248,0
73,994157306,7,1336,656,680,27,21,245,3
73,994157306,8,1340,657,683,26,22,238,7
73,994157306,9,1367,671,696,40,13,226,12
73,994157306,10,1373,673,700,22,16,225,1
73,994157306,11,1373,670,703,18,18,223,2
73,994157306,12,1393,677,716,34,14,232,0
73,994157306,13,1395,676,719,15,13,250,0
73,994157306,14,1408,685,723,27,14,287,0
73,994157306,15,1437,693,744,46,17,323,0
73,994157306,16,1479,712,767,57,15,347,0
73,994157306,17,1514,728,786,55,20,359,0
73,994157306,18,1586,764,822,88,16,361,0
73,994157306,19,1645,786,859,69,10,369,0
73,994157306,20,1694,813,881,61,12,379,0
73,994157306,21,1747,842,905,70,17,379,0
73,994157306,22,1713,829,884,73,107,366,13
73,994157306,23,1772,858,914,72,13,374,0
73,994157306,24,1835,880,955,77,14,388,0
73,994157306,25,1882,908,974,55,8,382,6
73,994157306,26,1911,918,993,45,16,395,0
73,994157306,27,1957,936,1021,54,8,396,0
73,994157306,28,1973,944,1029,30,14,419,0
73,994157306,29,2020,967,1053,59,12,456,0
73,994157306,30,2043,986,1057,40,17,477,0
73,994157306,31,2085,1011,1074,54,12,501,0
73,994157306,32,2127,1040,1087,56,14,503,0
73,994157306,33,2175,1057,1118,56,8,537,0
73,994157306,34,2243,1090,1153,77,9,551,0
73,994157306,35,2301,1117,1184,70,12,571,0
73,994157306,36,2350,1140,1210,61,12,581,0
73,994157306,37,2422,1186,1236,79,7,614,0
73,994157306,38,2510,1235,1275,92,4,633,0
73,994157306,39,2578,1269,1309,77,9,639,0
73,994157306,40,2660,1313,1347,104,22,614,25
73,994157306,41,2727,1336,1391,82,15,619,0
73,994157306,42,2805,1375,1430,94,16,664,0
73,994157306,43,2863,1397,1466,74,16,678,0
73,994157306,44,2932,1434,1498,81,12,696,0
73,994157306,45,2995,1472,1523,77,14,712,0
73,994157306,46,3030,1493,1537,57,22,737,0
73,994157306,47,3105,1529,1576,90,15,717,20
73,994157306,48,3153,1550,1603,71,23,773,0
73,994157306,49,3221,1579,1642,76,8,812,0
73,994157306,50,3300,1611,1689,96,17,830,0
73,994157306,51,3375,1656,1719,90,15,851,0
73,994157306,52,3479,1708,1771,120,16,896,0
73,994157306,53,3555,1746,1809,96,20,914,0
73,994157306,54,3638,1782,1856,102,19,901,13
73,994157306,55,3711,1821,1890,94,21,947,0
73,994157306,56,3796,1858,1938,101,16,956,0
73,994157306,57,3891,1913,1978,112,17,974,0
73,994157306,58,3979,1960,2019,101,13,1018,0
73,994157306,59,4077,2012,2065,112,14,1037,0
73,994157306,60,4168,2056,2112,113,22,1058,0
73,994157306,61,4271,2114,2157,111,8,1088,0
73,994157306,62,4367,2166,2201,113,17,1103,0
73,994157306,63,4429,2209,2220,76,14,1099,4
73,994157306,64,4511,2247,2264,93,11,1182,0
73,994157306,65,4615,2303,2312,112,8,1176,6
73,994157306,66,4717,2352,2365,113,11,1211,0
73,994157306,67,4840,2409,2431,130,7,1221,0
73,994157306,68,4956,2461,2495,127,11,1252,0
73,994157306,69,5067,2518,2549,125,14,1307,0
73,994157306,70,5214,2587,2627,161,14,1289,18
73,994157306,71,5342,2659,2683,145,17,1341,0
73,994157306,72,5454,2709,2745,130,18,1385,0
73,994157306,73,5575,2766,2809,135,14,1390,0
73,994157306,74,5738,2860,2878,178,15,1416,0
73,994157306,75,5855,2922,2933,129,12,1469,0
73,994157306,76,6017,3022,2995,168,6,1480,0
73,994157306,77,6139,3089,3050,130,8,1522,0
73,994157306,78,6249,3144,3105,127,17,1530,0
73,994157306,79,6378,3213,3165,139,10,1582,0
73,994157306,80,6514,3272,3242,148,12,1621,0
73,994157306,81,6639,3338,3301,143,18,1689,0
73,994157306,82,6765,3399,3366,144,18,1702,0
73,994157306,83,6936,3487,3449,201,30,1740,0
73,994157306,84,7099,3584,3515,188,25,1755,0
73,994157306,85,7214,3660,3554,140,25,1790,0
73,994157306,86,7364,3728,3636,179,29,1790,0
73,994157306,87,7545,3821,3724,202,21,1898,0
73,994157306,88,7700,3908,3792,190,35,1916,0
73,994157306,89,7639,3869,3770,212,273,1797,119
73,994157306,90,7737,3918,3819,140,42,1889,0
73,994157306,91,7932,4012,3920,222,27,1951,0
73,994157306,92,8096,4100,3996,193,29,1967,0
73,994157306,93,8224,4174,4050,150,22,2046,0
73,994157306,94,8362,4250,4112,174,36,2077,0
73,994157306,95,8546,4349,4197,222,38,2132,0
73,994157306,96,8712,4431,4281,201,35,2162,0
73,994157306,97,8877,4515,4362,205,40,2205,0
73,994157306,98,9051,4601,4450,207,33,2251,0
73,994157306,99,9205,4682,4523,183,29,2307,0
74,279004307,0,991,490,501,9,18,212,0
74,279004307,1,1041,501,540,104,54,234,0
74,279004307,2,1108,533,575,83,16,231,3
74,279004307,3,1168,560,608,74,14,238,0
74,279004307,4,1242,599,643,82,8,238,0
74,279004307,5,1284,613,671,56,14,241,0
74,279004307,6,1306,620,686,37,15,225,16
74,279004307,7,1320,626,694,32,18,229,0
74,279004307,8,1331,622,709,28,17,212,17
74,279004307,9,1353,632,721,37,15,196,16
74,279004307,10,1373,645,728,28,8,205,0
74,279004307,11,1383,656,727,33,23,213,0
74,279004307,12,1378,652,726,18,23,211,2
74,279004307,13,1379,651,728,27,26,214,0
74,279004307,14,1382,647,735,15,12,240,0
74,279004307,15,1394,657,737,29,17,244,0
74,279004307,16,1417,664,753,39,16,272,0
74,279004307,17,1448,684,764,47,16,315,0
74,279004307,18,1492,706,786,64,20,312,3
74,279004307,19,1555,733,822,73,10,329,0
74,279004307,20,1630,768,862,91,16,331,0
74,279004307,21,1581,740,841,57,106,328,3
74,279004307,22,1627,765,862,68,22,333,0
74,279004307,23,1685,790,895,74,16,345,0
74,279004307,24,1746,813,933,74,13,357,0
74,279004307,25,1805,840,965,69,10,367,0
74,279004307,26,1860,871,989,67,12,356,11
74,279004307,27,1912,901,1011,64,12,373,0
74,279004307,28,1944,917,1027,46,14,385,0
74,279004307,29,1978,943,1035,44,10,391,0
74,279004307,30,2006,952,1054,41,13,415,0
74,279004307,31,2048,975,1073,57,15,454,0
74,279004307,32,2094,1003,1091,57,11,462,0
74,279004307,33,2138,1033,1105,55,11,492,0
74,279004307,34,2182,1056,1126,55,11,498,0
74,279004307,35,2242,1085,1157,76,16,527,0
74,279004307,36,2310,1121,1189,83,15,554,0
74,279004307,37,2363,1144,1219,67,14,561,0
74,279004307,38,2420,1171,1249,66,9,579,0
74,279004307,39,2503,1218,1285,101,18,600,0
74,279004307,40,2579,1258,1321,87,11,632,0
74,279004307,41,2673,1304,1369,104,10,647,0
74,279004307,42,2759,1351,1408,102,16,650,0
74,279004307,43,2838,1383,1455,99,20,652,0
74,279004307,44,2912,1417,1495,86,12,684,0
74,279004307,45,2962,1437,1525,64,14,681,3
74,279004307,46,3003,1461,1542,56,15,710,0
74,279004307,47,2969,1439,1530,61,95,700,10
74,279004307,48,3045,1484,1561,85,9,759,0
74,279004307,49,3099,1517,1582,71,17,753,6
74,279004307,50,3166,1554,1612,81,14,791,0
74,279004307,51,3225,1583,1642,72,13,816,0
74,279004307,52,3305,1627,1678,93,13,838,0
74,279004307,53,3376,1668,1708,90,19,852,0
74,279004307,54,3453,1706,1747,91,14,906,0
74,279004307,55,3550,1758,1792,120,23,917,0
74,279004307,56,3625,1795,1830,97,22,967,0
74,279004307,57,3718,1842,1876,117,24,936,31
74,279004307,58,3831,1907,1924,132,19,952,0
74,279004307,59,3927,1953,1974,112,16,960,0
74,279004307,60,4040,2010,2030,125,12,1006,0
74,279004307,61,4143,2059,2084,120,17,1041,0
74,279004307,62,4113,2055,2058,145,175,1031,10
74,279004307,63,4238,2114,2124,132,7,1054,0
74,279004307,64,4320,2153,2167,96,14,1058,0
74,279004307,65,4417,2194,2223,106,9,1100,0
74,279004307,66,4514,2243,2271,111,14,1112,0
74,279004307,67,4583,2277,2306,93,24,1166,0
74,279004307,68,4706,2335,2371,141,18,1164,2
74,279004307,69,4780,2364,2416,89,15,1189,0
74,279004307,70,4878,2421,2457,113,15,1243,0
74,279004307,71,4968,2471,2497,111,21,1258,0
74,279004307,72,5078,2528,2550,119,9,1284,0
74,279004307,73,5179,2589,2590,115,14,1304,0
74,279004307,74,5342,2665,2677,182,19,1346,0
74,279004307,75,5475,2724,2751,144,11,1380,0
74,279004307,76,5630,2804,2826,163,8,1400,0
74,279004307,77,5756,2872,2884,136,10,1477,0
74,279004307,78,5902,2931,2971,158,12,1495,0
74,279004307,79,6021,3002,3019,163,44,1514,0
74,279004307,80,6105,3045,3060,135,51,1510,4
74,279004307,81,6211,3100,3111,160,54,1558,0
74,279004307,82,6295,3148,3147,130,46,1565,0
74,279004307,83,6378,3187,3191,113,30,1593,0
74,279004307,84,6508,3254,3254,166,36,1655,0
74,279004307,85,6669,3336,3333,198,37,1663,0
74,279004307,86,6777,3380,3397,147,39,1715,0
74,279004307,87,6918,3446,3472,173,32,1747,0
74,279004307,88,7021,3502,3519,147,44,1799,0
74,279004307,89,7145,3559,3586,165,41,1829,0
74,279004307,90,7310,3646,3664,207,42,1892,0
74,279004307,91,7463,3721,3742,178,25,1919,0
74,279004307,92,7643,3816,3827,214,34,1984,0
74,279004307,93,7805,3881,3924,200,38,1983,1
74,279004307,94,7988,3979,4009,212,29,2005,0
74,279004307,95,8138,4046,4092,189,39,2014,0
74,279004307,96,8284,4116,4168,188,42,2049,0
74,279004307,97,8430,4184,4246,189,43,2087,0
74,279004307,98,8622,4275,4347,209,17,2139,0
74,279004307,99,8842,4387,4455,244,24,2196,0
75,1474200731,0,990,497,493,17,27,227,0
75,1474200731,1,1070,531,539,97,17,258,0
75,1474200731,2,1146,570,576,95,19,262,0
75,1474200731,3,1219,604,615,93,20,265,0
75,1474200731,4,1248,620,628,45,16,275,0
75,1474200731,5,1280,636,644,54,22,254,21
75,1474200731,6,1312,658,654,58,26,232,22
75,1474200731,7,1306,648,658,24,30,221,11
75,1474200731,8,1330,659,671,40,16,208,13
75,1474200731,9,1346,668,678,36,20,215,0
75,1474200731,10,1345,671,674,18,19,205,10
75,1474200731,11,1360,677,683,27,12,214,0
75,1474200731,12,1292,648,644,13,81,192,22
75,1474200731,13,1307,657,650,24,9,224,0
75,1474200731,14,1325,663,662,25,7,263,0
75,1474200731,15,1353,668,685,38,10,299,0
75,1474200731,16,1389,686,703,47,11,319,0
75,1474200731,17,1434,710,724,52,7,340,0
75,1474200731,18,1478,737,741,53,9,353,0
75,1474200731,19,1535,761,774,63,6,360,0
75,1474200731,20,1595,793,802,71,11,364,0
75,1474200731,21,1670,832,838,82,7,374,0
75,1474200731,22,1744,875,869,87,13,373,1
75,1474200731,23,1792,902,890,56,8,383,0
75,1474200731,24,1841,928,913,60,11,400,0
75,1474200731,25,1906,959,947,77,12,411,0
75,1474200731,26,1959,980,979,67,14,399,12
75,1474200731,27,1978,990,988,31,12,397,2
75,1474200731,28,2008,1007,1001,43,13,398,0
75,1474200731,29,2040,1023,1017,43,11,442,0
75,1474200731,30,2065,1040,1025,42,17,452,0
75,1474200731,31,2101,1063,1038,46,10,479,0
75,1474200731,32,2142,1074,1068,54,13,502,0
75,1474200731,33,2192,1098,1094,60,10,518,0
75,1474200731,34,2227,1111,1116,51,16,565,0
75,1474200731,35,2275,1130,1145,68,20,587,0
75,1474200731,36,2341,1167,1174,74,8,604,0
75,1474200731,37,2400,1195,1205,64,5,629,0
75,1474200731,38,2482,1238,1244,88,6,630,0
75,1474200731,39,2592,1299,1293,116,6,664,0
75,1474200731,40,2663,1332,1331,82,11,678,0
75,1474200731,41,2738,1382,1356,88,13,655,23
75,1474200731,42,2793,1411,1382,66,11,686,0
75,1474200731,43,2874,1455,1419,93,12,698,0
75,1474200731,44,2937,1485,1452,72,9,736,0
75,1474200731,45,3004,1516,1488,76,9,735,1
75,1474200731,46,3070,1554,1516,75,9,749,0
75,1474200731,47,3125,1578,1547,65,10,790,0
75,1474200731,48,3199,1613,1586,86,12,811,0
75,1474200731,49,3249,1626,1623,68,18,809,2
75,1474200731,50,3308,1652,1656,72,13,860,0
75,1474200731,51,3406,1692,1714,110,12,856,4
75,1474200731,52,3491,1736,1755,97,12,905,0
75,1474200731,53,3581,1783,1798,99,9,938,0
75,1474200731,54,3652,1818,1834,86,15,959,0
75,1474200731,55,3742,1865,1877,98,8,960,0
75,1474200731,56,3864,1924,1940,127,5,980,0
75,1474200731,57,3960,1981,1979,106,10,1007,0
75,1474200731,58,4054,2030,2024,97,3,1052,0
75,1474200731,59,4164,2096,2068,116,6,1098,0
75,1474200731,60,4264,2139,2125,106,6,1102,0
75,1474200731,61,4339,2177,2162,91,16,1144,0
75,1474200731,62,4442,2235,2207,113,10,1123,21
75,1474200731,63,4532,2277,2255,106,16,1145,0
75,1474200731,64,4638,2339,2299,114,8,1144,1
75,1474200731,65,4705,2370,2335,87,20,1190,0
75,1474200731,66,4828,2434,2394,130,7,1204,0
75,1474200731,67,4929,2480,2449,119,18,1239,0
75,1474200731,68,5049,2536,2513,130,10,1265,0
75,1474200731,69,5168,2597,2571,139,20,1304,0
75,1474200731,70,5270,2660,2610,118,16,1336,0
75,1474200731,71,5401,2730,2671,143,12,1370,0
75,1474200731,72,5528,2800,2728,139,12,1391,0
75,1474200731,73,5678,2883,2795,162,12,1442,0
75,1474200731,74,5806,2956,2850,141,13,1507,0
75,1474200731,75,5937,3012,2925,146,15,1521,0
75,1474200731,76,6071,3071,3000,148,14,1503,18
75,1474200731,77,6184,3128,3056,131,18,1529,0
75,1474200731,78,6301,3198,3103,151,34,1573,0
75,1474200731,79,6452,3269,3183,171,20,1587,0
75,1474200731,80,6552,3317,3235,135,35,1621,0
75,1474200731,81,6647,3365,3282,139,44,1651,0
75,1474200731,82,6757,3426,3331,146,36,1718,0
75,1474200731,83,6899,3499,3400,164,22,1726,0
75,1474200731,84,7011,3542,3469,132,20,1774,0
75,1474200731,85,7173,3626,3547,187,25,1824,0
75,1474200731,86,7328,3704,3624,190,35,1861,0
75,1474200731,87,7436,3755,3681,145,37,1831,30
75,1474200731,88,7576,3827,3749,173,33,1909,0
75,1474200731,89,7773,3914,3859,218,21,1984,0
75,1474200731,90,7924,3985,3939,180,29,1989,0
75,1474200731,91,8068,4048,4020,175,31,2025,0
75,1474200731,92,8220,4129,4091,188,36,2050,0
75,1474200731,93,8385,4192,4193,195,30,2101,0
75,1474200731,94,8573,4295,4278,227,39,2163,0
75,1474200731,95,8733,4379,4354,206,46,2145,18
75,1474200731,96,8910,4463,4447,202,25,2195,0
75,1474200731,97,9099,4543,4556,221,32,2270,0
75,1474200731,98,9247,4618,4629,196,48,2298,0
75,1474200731,99,9396,4693,4703,183,34,2324,0
76,1021568549,0,998,501,497,12,14,233,0
76,1021568549,1,1098,546,552,116,16,265,0
76,1021568549,2,1167,585,582,88,19,279,0
76,1021568549,3,1239,622,617,93,21,288,0
76,1021568549,4,1280,635,645,59,18,267,21
76,1021568549,5,1322,663,659,57,15,260,7
76,1021568549,6,1353,686,667,47,16,268,0
76,1021568549,7,1357,685,672,21,17,253,15
76,1021568549,8,1385,700,685,40,12,252,1
76,1021568549,9,1412,709,703,38,11,227,25
76,1021568549,10,1427,712,715,26,11,233,0
76,1021568549,11,1435,717,718,26,18,234,0
76,1021568549,12,1438,721,717,25,22,232,2
76,1021568549,13,1444,727,717,17,11,272,0
76,1021568549,14,1456,728,728,26,14,308,0
76,1021568549,15,1483,743,740,48,21,337,0
76,1021568549,16,1506,751,755,41,18,365,0
76,1021568549,17,1570,784,786,75,11,381,0
76,1021568549,18,1635,826,809,79,14,398,0
76,1021568549,19,1681,848,833,63,17,395,3
76,1021568549,20,1722,867,855,52,11,410,0
76,1021568549,21,1788,903,885,75,9,393,17
76,1021568549,22,1854,929,925,87,21,412,0
76,1021568549,23,1898,954,944,55,11,410,2
76,1021568549,24,1956,986,970,73,15,405,5
76,1021568549,25,1984,1005,979,52,24,415,0
76,1021568549,26,2015,1021,994,49,18,412,3
76,1021568549,27,2056,1043,1013,57,16,435,0
76,1021568549,28,2081,1050,1031,40,15,464,0
76,1021568549,29,2112,1074,1038,51,20,479,0
76,1021568549,30,2153,1094,1059,62,21,488,0
76,1021568549,31,2180,1105,1075,38,11,506,0
76,1021568549,32,2221,1124,1097,65,24,535,0
76,1021568549,33,2273,1161,1112,62,10,553,0
76,1021568549,34,2311,1177,1134,55,17,570,0
76,1021568549,35,2373,1199,1174,79,17,590,0
76,1021568549,36,2432,1241,1191,73,14,611,0
76,1021568549,37,2500,1274,1226,84,16,618,0
76,1021568549,38,2567,1306,1261,76,9,642,0
76,1021568549,39,2645,1356,1289,90,12,648,0
76,1021568549,40,2704,1394,1310,85,26,691,0
76,1021568549,41,2771,1427,1344,82,15,703,0
76,1021568549,42,2811,1451,1360,49,9,701,2
76,1021568549,43,2899,1494,1405,96,8,719,0
76,1021568549,44,2977,1542,1435,96,18,743,0
76,1021568549,45,3016,1558,1458,57,18,758,0
76,1021568549,46,3095,1605,1490,91,12,761,0
76,1021568549,47,3129,1625,1504,61,27,749,12
76,1021568549,48,3197,1655,1542,81,13,784,0
76,1021568549,49,3262,1691,1571,80,15,811,0
76,1021568549,50,3304,1711,1593,66,24,830,0
76,1021568549,51,3363,1737,1626,81,22,857,0
76,1021568549,52,3429,1772,1657,86,20,875,0
76,1021568549,53,3518,1819,1699,97,8,901,0
76,1021568549,54,3603,1857,1746,101,16,913,0
76,1021568549,55,3699,1909,1790,107,11,945,0
76,1021568549,56,3779,1947,1832,91,11,956,0
76,1021568549,57,3864,1982,1882,99,14,973,0
76,1021568549,58,3939,2022,1917,91,16,1009,0
76,1021568549,59,4014,2067,1947,91,16,1015,0
76,1021568549,60,4108,2112,1996,107,13,1052,0
76,1021568549,61,4189,2152,2037,102,21,1042,10
76,1021568549,62,4259,2189,2070,82,12,1069,0
76,1021568549,63,4351,2228,2123,111,19,1100,0
76,1021568549,64,4444,2269,2175,112,19,1149,0
76,1021568549,65,4538,2318,2220,110,16,1155,0
76,1021568549,66,4634,2365,2269,117,21,1176,0
76,1021568549,67,4689,2394,2295,80,25,1180,0
76,1021568549,68,4774,2441,2333,102,17,1191,0
76,1021568549,69,4879,2484,2395,117,12,1229,0
76,1021568549,70,4958,2523,2435,97,18,1283,0
76,1021568549,71,5070,2588,2482,133,21,1275,8
76,1021568549,72,5172,2650,2522,115,13,1317,0
76,1021568549,73,5273,2701,2572,122,21,1328,0
76,1021568549,74,5402,2774,2628,156,27,1354,0
76,1021568549,75,5502,2836,2666,124,24,1369,0
76,1021568549,76,5631,2904,2727,138,9,1392,0
76,1021568549,77,5485,2823,2662,129,275,1380,12
76,1021568549,78,5586,2880,2706,132,31,1465,0
76,1021568549,79,5731,2956,2775,168,23,1475,0
76,1021568549,80,5815,2991,2824,111,27,1505,0
76,1021568549,81,5918,3041,2877,135,32,1484,21
76,1021568549,82,6035,3096,2939,153,36,1547,0
76,1021568549,83,6168,3160,3008,168,35,1551,0
76,1021568549,84,6271,3212,3059,133,30,1559,0
76,1021568549,85,6401,3290,3111,166,36,1587,0
76,1021568549,86,6495,3336,3159,135,41,1581,6
76,1021568549,87,6585,3392,3193,125,35,1624,0
76,1021568549,88,6710,3452,3258,180,55,1646,0
76,1021568549,89,6840,3516,3324,176,46,1685,0
76,1021568549,90,6917,3538,3379,142,65,1694,0
76,1021568549,91,7037,3593,3444,156,36,1723,0
76,1021568549,92,7166,3664,3502,161,32,1777,0
76,1021568549,93,7250,3704,3546,121,37,1786,0
76,1021568549,94,7368,3757,3611,155,37,1802,0
76,1021568549,95,7495,3830,3665,170,43,1859,0
76,1021568549,96,7654,3907,3747,197,38,1916,0
76,1021568549,97,7788,3972,3816,172,38,1945,0
76,1021568549,98,7913,4044,3869,170,45,2001,0
76,1021568549,99,8052,4114,3938,201,62,1962,39
77,709091226,0,999,500,499,22,23,232,0
77,709091226,1,1093,541,552,118,24,257,0
77,709091226,2,1169,575,594,85,9,257,0
77,709091226,3,1224,601,623,77,22,234,23
77,709091226,4,1263,626,637,57,18,231,3
77,709091226,5,1302,652,650,58,19,234,0
77,709091226,6,1335,671,664,49,16,233,1
77,709091226,7,1362,690,672,37,10,239,0
77,709091226,8,1408,709,699,54,8,236,3
77,709091226,9,1435,725,710,39,12,237,0
77,709091226,10,1447,731,716,22,10,247,0
77,709091226,11,1474,744,730,33,6,243,4
77,709091226,12,1494,755,739,25,5,266,0
77,709091226,13,1506,759,747,23,11,285,0
77,709091226,14,1524,765,759,25,7,328,0
77,709091226,15,1578,786,792,68,14,330,0
77,709091226,16,1619,804,815,46,5,359,0
77,709091226,17,1669,826,843,60,10,381,0
77,709091226,18,1742,863,879,77,4,391,0
77,709091226,19,1811,895,916,79,10,410,0
77,709091226,20,1879,933,946,75,7,439,0
77,709091226,21,1936,966,970,64,7,427,12
77,709091226,22,2000,1002,998,79,15,419,8
77,709091226,23,2062,1029,1033,72,10,429,0
77,709091226,24,2129,1062,1067,83,16,437,0
77,709091226,25,2189,1089,1100,74,14,451,0
77,709091226,26,2243,1114,1129,65,11,455,0
77,709091226,27,2292,1141,1151,57,8,498,0
77,709091226,28,2336,1165,1171,56,12,528,0
77,709091226,29,2378,1185,1193,51,9,531,0
77,709091226,30,2416,1201,1215,51,13,559,0
77,709091226,31,2471,1226,1245,65,10,580,0
77,709091226,32,2540,1266,1274,75,6,600,0
77,709091226,33,2610,1302,1308,82,12,622,0
77,709091226,34,2659,1326,1333,65,16,619,3
77,709091226,35,2717,1362,1355,69,11,657,0
77,709091226,36,2764,1391,1373,61,14,687,0
77,709091226,37,2859,1442,1417,108,13,728,0
77,709091226,38,2930,1476,1454,80,9,734,0
77,709091226,39,3007,1514,1493,91,14,763,0
77,709091226,40,3106,1563,1543,112,13,788,0
77,709091226,41,3206,1599,1607,116,16,796,0
77,709091226,42,3304,1636,1668,106,8,810,0
77,709091226,43,3356,1665,1691,72,20,821,0
77,709091226,44,3440,1711,1729,101,17,851,0
77,709091226,45,3533,1752,1781,103,10,880,0
77,709091226,46,3612,1787,1825,98,19,890,0
77,709091226,47,3698,1824,1874,103,17,902,0
77,709091226,48,3766,1859,1907,85,17,917,0
77,709091226,49,3849,1901,1948,104,21,941,0
77,709091226,50,3926,1944,1982,105,28,972,0
77,709091226,51,4011,1982,2029,94,9,954,18
77,709091226,52,4072,2003,2069,78,17,1013,0
77,709091226,53,4141,2039,2102,75,6,1037,0
77,709091226,54,4268,2103,2165,135,8,1110,0
77,709091226,55,4373,2159,2214,114,9,1139,0
77,709091226,56,4476,2213,2263,115,12,1183,0
77,709091226,57,4596,2271,2325,126,6,1183,0
77,709091226,58,4716,2336,2380,131,11,1206,0
77,709091226,59,4823,2381,2442,125,18,1226,0
77,709091226,60,4960,2443,2517,152,15,1272,0
77,709091226,61,5062,2495,2567,113,11,1282,0
77,709091226,62,5172,2550,2622,133,23,1297,0
77,709091226,63,5280,2608,2672,121,13,1334,0
77,709091226,64,5417,2682,2735,157,20,1361,0
77,709091226,65,5566,2754,2812,162,13,1370,0
77,709091226,66,5723,2835,2888,173,16,1451,0
77,709091226,67,5869,2912,2957,158,12,1452,0
77,709091226,68,5991,2975,3016,133,11,1474,0
77,709091226,69,6134,3048,3086,155,12,1513,0
77,709091226,70,6240,3110,3130,127,21,1544,0
77,709091226,71,6394,3189,3205,171,17,1629,0
77,709091226,72,6554,3269,3285,180,20,1630,0
77,709091226,73,6497,3242,3255,126,183,1559,71
77,709091226,74,6651,3311,3340,169,15,1617,0
77,709091226,75,6797,3393,3404,161,15,1671,0
77,709091226,76,6944,3468,3476,171,24,1702,0
77,709091226,77,7082,3531,3551,158,20,1750,0
77,709091226,78,7217,3612,3605,174,39,1795,0
77,709091226,79,7366,3693,3673,175,26,1839,0
77,709091226,80,7496,3757,3739,163,33,1913,0
77,709091226,81,7661,3837,3824,201,36,1942,0
77,709091226,82,7865,3945,3920,236,32,1971,0
77,709091226,83,8020,4019,4001,184,29,2012,0
77,709091226,84,8211,4122,4089,211,20,2087,0
77,709091226,85,8409,4216,4193,229,31,2119,0
77,709091226,86,8602,4309,4293,229,36,2142,0
77,709091226,87,8762,4394,4368,195,35,2145,0
77,709091226,88,8930,4482,4448,212,44,2218,0
77,709091226,89,9045,4534,4511,172,57,2236,0
77,709091226,90,9199,4602,4597,194,40,2310,0
77,709091226,91,9335,4666,4669,172,36,2349,0
77,709091226,92,9481,4745,4736,181,35,2357,0
77,709091226,93,9652,4819,4833,199,28,2434,0
77,709091226,94,9864,4926,4938,251,39,2481,0
77,709091226,95,10041,5021,5020,216,39,2519,0
77,709091226,96,10229,5116,5113,224,36,2623,0
77,709091226,97,10426,5224,5202,247,50,2710,0
77,709091226,98,10651,5324,5327,269,44,2714,0
77,709091226,99,10867,5428,5439,259,43,2832,0
78,487284116,0,991,498,493,10,19,225,0
78,487284116,1,1070,543,527,102,23,259,0
78,487284116,2,1157,587,570,100,13,273,0
78,487284116,3,1215,617,598,74,16,272,1
78,487284116,4,1260,634,626,60,15,266,6
78,487284116,5,1286,651,635,55,29,255,11
78,487284116,6,1290,650,640,34,30,237,18
78,487284116,7,1300,660,640,32,22,226,11
78,487284116,8,1325,668,657,38,13,238,0
78,487284116,9,1297,652,645,26,54,232,6
78,487284116,10,1311,660,651,27,13,229,3
78,487284116,11,1322,663,659,23,12,240,0
78,487284116,12,1325,663,662,22,19,223,17
78,487284116,13,1340,673,667,24,9,230,0
78,487284116,14,1356,688,668,22,6,270,0
78,487284116,15,1381,703,678,41,16,293,0
78,487284116,16,1406,717,689,38,13,330,0
78,487284116,17,1459,740,719,66,13,342,0
78,487284116,18,1512,773,739,57,4,351,0
78,487284116,19,1551,793,758,47,8,366,0
78,487284116,20,1611,832,779,66,6,361,5
78,487284116,21,1674,864,810,82,19,375,0
78,487284116,22,1730,891,839,66,10,386,0
78,487284116,23,1772,907,865,55,13,373,13
78,487284116,24,1841,941,900,80,11,395,0
78,487284116,25,1888,961,927,70,23,402,0
78,487284116,26,1929,983,946,57,16,418,0
78,487284116,27,1965,1005,960,46,10,435,0
78,487284116,28,1993,1017,976,41,13,427,8
78,487284116,29,2011,1028,983,27,9,440,0
78,487284116,30,2029,1034,995,35,17,465,0
78,487284116,31,2068,1047,1021,51,12,472,0
78,487284116,32,2091,1055,1036,43,20,488,0
78,487284116,33,2120,1074,1046,51,22,509,0
78,487284116,34,2170,1096,1074,64,14,535,0
78,487284116,35,2209,1117,1092,55,16,569,0
78,487284116,36,2283,1151,1132,81,7,597,0
78,487284116,37,2353,1189,1164,86,16,589,8
78,487284116,38,2412,1217,1195,73,14,598,0
78,487284116,39,2469,1242,1227,77,20,611,0
78,487284116,40,2530,1275,1255,79,18,608,3
78,487284116,41,2604,1307,1297,86,12,628,0
78,487284116,42,2670,1339,1331,80,14,642,0
78,487284116,43,2711,1364,1347,58,17,644,0
78,487284116,44,2757,1389,1368,59,13,674,0
78,487284116,45,2817,1418,1399,77,17,677,0
78,487284116,46,2875,1446,1429,74,16,693,0
78,487284116,47,2936,1476,1460,79,18,699,0
78,487284116,48,2972,1490,1482,57,21,749,0
78,487284116,49,3038,1509,1529,76,10,774,0
78,487284116,50,3066,1525,1541,50,22,784,0
78,487284116,51,3108,1540,1568,61,19,804,0
78,487284116,52,3169,1573,1596,71,10,846,0
78,487284116,53,3241,1611,1630,93,21,859,0
78,487284116,54,3324,1655,1669,92,9,898,0
78,487284116,55,3413,1697,1716,93,4,879,19
78,487284116,56,3525,1762,1763,125,13,916,0
78,487284116,57,3601,1797,1804,88,12,920,0
78,487284116,58,3724,1859,1865,143,20,960,0
78,487284116,59,3805,1901,1904,105,24,978,0
78,487284116,60,3887,1938,1949,95,13,995,0
78,487284116,61,3852,1919,1933,118,153,968,27
78,487284116,62,3938,1963,1975,102,16,1000,0
78,487284116,63,4024,2003,2021,98,12,976,24
78,487284116,64,4102,2039,2063,95,17,1024,0
78,487284116,65,4186,2068,2118,97,13,1049,0
78,487284116,66,4265,2106,2159,91,12,1089,0
78,487284116,67,4378,2163,2215,129,16,1115,0
78,487284116,68,4269,2101,2168,98,207,1047,68
78,487284116,69,4370,2157,2213,118,17,1117,0
78,487284116,70,4465,2212,2253,109,14,1129,0
78,487284116,71,4579,2270,2309,133,19,1127,2
78,487284116,72,4677,2320,2357,118,20,1159,0
78,487284116,73,4785,2373,2412,138,30,1181,0
78,487284116,74,4882,2430,2452,121,24,1221,0
78,487284116,75,4973,2481,2492,129,38,1245,0
78,487284116,76,4900,2449,2451,130,203,1220,25
78,487284116,77,5014,2502,2512,120,6,1299,0
78,487284116,78,5149,2555,2594,150,15,1304,0
78,487284116,79,5252,2615,2637,127,24,1289,15
78,487284116,80,5356,2670,2686,136,32,1311,0
78,487284116,81,5439,2713,2726,107,24,1393,0
78,487284116,82,5530,2750,2780,121,30,1379,14
78,487284116,83,5656,2817,2839,148,22,1426,0
78,487284116,84,5779,2869,2910,140,17,1444,0
78,487284116,85,5931,2949,2982,168,16,1495,0
78,487284116,86,6048,2998,3050,149,32,1516,0
78,487284116,87,6181,3071,3110,172,39,1574,0
78,487284116,88,6278,3120,3158,127,30,1553,21
78,487284116,89,6388,3170,3218,144,34,1592,0
78,487284116,90,6512,3236,3276,157,33,1642,0
78,487284116,91,6659,3316,3343,181,34,1682,0
78,487284116,92,6778,3371,3407,145,26,1718,0
78,487284116,93,6883,3437,3446,149,44,1721,0
78,487284116,94,7066,3538,3528,211,28,1773,0
78,487284116,95,7182,3593,3589,158,42,1788,0
78,487284116,96,7302,3657,3645,171,51,1807,0
78,487284116,97,7416,3733,3683,164,50,1843,0
78,487284116,98,7544,3777,3767,169,41,1914,0
78,487284116,99,7703,3852,3851,213,54,1925,0
79,1212254290,0,1000,502,498,16,16,231,0
79,1212254290,1,1109,556,553,129,20,273,0
79,1212254290,2,1199,599,600,111,21,273,0
79,1212254290,3,1267,639,628,85,17,274,0
79,1212254290,4,1316,666,650,66,17,265,9
79,1212254290,5,1351,684,667,47,12,253,12
79,1212254290,6,1376,694,682,47,22,251,2
79,1212254290,7,1400,701,699,40,16,233,18
79,1212254290,8,1412,709,703,28,16,247,0
79,1212254290,9,1422,713,709,27,17,232,15
79,1212254290,10,1439,715,724,27,10,252,0
79,1212254290,11,1445,718,727,27,21,254,0
79,1212254290,12,1456,724,732,25,14,245,9
79,1212254290,13,1470,732,738,28,14,271,0
79,1212254290,14,1479,737,742,24,15,297,0
79,1212254290,15,1509,752,757,46,16,326,0
79,1212254290,16,1541,772,769,49,17,363,0
79,1212254290,17,1596,808,788,67,12,381,0
79,1212254290,18,1663,843,820,75,8,393,0
79,1212254290,19,1712,872,840,65,16,417,0
79,1212254290,20,1782,905,877,79,9,406,11
79,1212254290,21,1825,929,896,64,21,420,0
79,1212254290,22,1876,957,919,63,12,422,0
79,1212254290,23,1936,999,937,76,16,443,0
79,1212254290,24,1914,943,971,83,105,372,71
79,1212254290,25,1957,973,984,59,16,391,0
79,1212254290,26,1993,992,1001,60,24,407,0
79,1212254290,27,2004,994,1010,32,21,404,3
79,1212254290,28,2050,1016,1034,58,12,415,0
79,1212254290,29,2075,1032,1043,40,15,429,0
79,1212254290,30,2117,1056,1061,49,7,442,0
79,1212254290,31,2202,1099,1103,90,5,499,0
79,1212254290,32,2250,1120,1130,59,11,525,0
79,1212254290,33,2311,1151,1160,70,9,542,0
79,1212254290,34,2355,1176,1179,56,12,558,0
79,1212254290,35,2413,1208,1205,70,12,578,0
79,1212254290,36,2486,1248,1238,78,5,609,0
79,1212254290,37,2582,1296,1286,108,12,636,0
79,1212254290,38,2670,1337,1333,102,14,648,0
79,1212254290,39,2718,1361,1357,62,14,663,0
79,1212254290,40,2789,1401,1388,88,17,675,0
79,1212254290,41,2861,1432,1429,85,13,689,0
79,1212254290,42,2903,1446,1457,60,18,715,0
79,1212254290,43,2948,1470,1478,68,23,740,0
79,1212254290,44,3018,1513,1505,87,17,754,0
79,1212254290,45,3062,1540,1522,65,21,776,0
79,1212254290,46,3111,1571,1540,65,16,782,0
79,1212254290,47,3168,1594,1574,77,20,799,0
79,1212254290,48,3226,1622,1604,67,9,825,0
79,1212254290,49,3209,1621,1588,101,118,804,21
79,1212254290,50,3267,1653,1614,79,21,845,0
79,1212254290,51,3325,1681,1644,72,14,858,0
79,1212254290,52,3410,1723,1687,98,13,875,0
79,1212254290,53,3471,1757,1714,79,18,899,0
79,1212254290,54,3524,1781,1743,69,16,928,0
79,1212254290,55,3618,1824,1794,105,11,967,0
79,1212254290,56,3686,1858,1828,83,15,987,0
79,1212254290,57,3773,1896,1877,106,19,986,1
79,1212254290,58,3871,1949,1922,114,16,1009,0
79,1212254290,59,3977,1993,1984,120,14,1049,0
79,1212254290,60,4053,2030,2023,88,12,1064,0
79,1212254290,61,4117,2057,2060,84,20,1080,0
79,1212254290,62,4192,2089,2103,88,13,1076,4
79,1212254290,63,4304,2147,2157,125,13,1081,0
79,1212254290,64,4380,2185,2195,100,24,1098,0
79,1212254290,65,4447,2216,2231,86,19,1095,3
79,1212254290,66,4541,2254,2287,111,17,1127,0
79,1212254290,67,4639,2299,2340,128,30,1156,0
79,1212254290,68,4735,2350,2385,115,19,1179,0
79,1212254290,69,4803,2380,2423,92,24,1213,0
79,1212254290,70,4870,2415,2455,88,21,1245,0
79,1212254290,71,4976,2469,2507,121,15,1283,0
79,1212254290,72,5072,2519,2553,115,19,1326,0
79,1212254290,73,5193,2576,2617,143,22,1345,0
79,1212254290,74,5309,2633,2676,133,17,1366,0
79,1212254290,75,5419,2692,2727,138,28,1383,0
79,1212254290,76,5539,2750,2789,151,31,1414,0
79,1212254290,77,5681,2822,2859,166,24,1427,0
79,1212254290,78,5770,2859,2911,113,24,1462,0
79,1212254290,79,5885,2919,2966,145,30,1477,0
79,1212254290,80,6022,2995,3027,169,32,1532,0
79,1212254290,81,6129,3064,3065,143,36,1542,0
79,1212254290,82,6242,3125,3117,152,39,1529,13
79,1212254290,83,6375,3197,3178,172,39,1564,0
79,1212254290,84,6482,3242,3240,141,34,1579,0
79,1212254290,85,6606,3307,3299,165,41,1620,0
79,1212254290,86,6711,3363,3348,138,33,1644,0
79,1212254290,87,6832,3420,3412,146,25,1707,0
79,1212254290,88,6990,3504,3486,169,11,1761,0
79,1212254290,89,7137,3583,3554,165,18,1821,0
79,1212254290,90,7312,3674,3638,185,10,1836,0
79,1212254290,91,7467,3763,3704,181,26,1859,0
79,1212254290,92,7638,3865,3773,201,30,1877,0
79,1212254290,93,7780,3937,3843,175,33,1894,0
79,1212254290,94,7938,4012,3926,184,26,1961,0
79,1212254290,95,8114,4104,4010,220,44,2008,0
79,1212254290,96,7826,3946,3880,192,480,1881,127
79,1212254290,97,7965,4015,3950,182,43,1999,0
79,1212254290,98,8135,4099,4036,197,27,2029,0
79,1212254290,99,8347,4215,4132,242,30,2043,0
80,1438414599,0,1004,503,501,19,15,194,0
80,1438414599,1,1011,503,508,114,107,224,0
80,1438414599,2,1094,541,553,108,25,238,0
80,1438414599,3,1142,565,577,67,19,235,3
80,1438414599,4,1192,590,602,63,13,236,0
80,1438414599,5,1230,608,622,55,17,219,17
80,1438414599,6,1248,614,634,32,14,216,3
80,1438414599,7,1277,634,643,44,15,218,0
80,1438414599,8,1301,647,654,36,12,227,0
80,1438414599,9,1303,646,657,16,14,209,18
80,1438414599,10,1319,652,667,33,17,210,0
80,1438414599,11,1326,658,668,21,14,205,5
80,1438414599,12,1339,662,677,25,12,207,0
80,1438414599,13,1356,677,679,25,8,231,0
80,1438414599,14,1372,681,691,27,11,270,0
80,1438414599,15,1393,691,702,29,8,297,0
80,1438414599,16,1428,702,726,47,12,320,0
80,1438414599,17,1464,720,744,47,11,333,0
80,1438414599,18,1531,762,769,86,19,338,0
80,1438414599,19,1577,785,792,64,18,351,0
80,1438414599,20,1666,834,832,100,11,390,0
80,1438414599,21,1694,849,845,47,19,378,12
80,1438414599,22,1743,878,865,66,17,386,0
80,1438414599,23,1798,908,890,69,14,389,0
80,1438414599,24,1844,935,909,65,19,393,0
80,1438414599,25,1890,963,927,57,11,400,0
80,1438414599,26,1931,983,948,52,11,407,0
80,1438414599,27,1968,1003,965,44,7,407,0
80,1438414599,28,2009,1010,999,51,10,420,0
80,1438414599,29,2041,1021,1020,49,17,443,0
80,1438414599,30,2062,1029,1033,34,13,461,0
80,1438414599,31,2102,1054,1048,49,9,478,0
80,1438414599,32,2151,1077,1074,53,4,532,0
80,1438414599,33,2211,1102,1109,69,9,547,0
80,1438414599,34,2268,1130,1138,65,8,552,0
80,1438414599,35,2333,1159,1174,71,6,585,0
80,1438414599,36,2384,1186,1198,70,19,592,0
80,1438414599,37,2435,1218,1217,69,18,623,0
80,1438414599,38,2507,1255,1252,79,7,637,0
80,1438414599,39,2570,1288,1282,74,11,645,0
80,1438414599,40,2619,1312,1307,65,16,659,0
80,1438414599,41,2661,1326,1335,66,24,671,0
80,1438414599,42,2712,1352,1360,76,25,687,0
80,1438414599,43,2786,1396,1390,98,24,684,3
80,1438414599,44,2653,1260,1393,68,201,562,122
80,1438414599,45,2710,1289,1421,69,12,623,0
80,1438414599,46,2758,1312,1446,58,10,636,0
80,1438414599,47,2808,1326,1482,66,16,664,0
80,1438414599,48,2847,1347,1500,59,20,665,0
80,1438414599,49,2897,1374,1523,63,13,719,0
80,1438414599,50,2953,1405,1548,72,16,719,0
80,1438414599,51,3019,1440,1579,80,14,733,0
80,1438414599,52,3116,1482,1634,114,17,728,5
80,1438414599,53,3175,1516,1659,74,15,762,0
80,1438414599,54,3238,1548,1690,75,12,781,0
80,1438414599,55,3290,1570,1720,76,24,804,0
80,1438414599,56,3358,1605,1753,88,20,843,0
80,1438414599,57,3428,1644,1784,93,23,859,0
80,1438414599,58,3510,1685,1825,107,25,879,0
80,1438414599,59,3618,1749,1869,124,16,880,0
80,1438414599,60,3666,1769,1897,72,24,876,4
80,1438414599,61,3764,1813,1951,111,13,911,0
80,1438414599,62,3858,1862,1996,102,8,942,0
80,1438414599,63,3961,1911,2050,116,13,964,0
80,1438414599,64,4051,1958,2093,106,16,991,0
80,1438414599,65,4126,1993,2133,89,14,995,0
80,1438414599,66,4227,2049,2178,119,18,1027,0
80,1438414599,67,4342,2111,2231,125,10,1029,0
80,1438414599,68,4412,2142,2270,90,20,1052,0
80,1438414599,69,4515,2208,2307,119,16,1076,0
80,1438414599,70,4587,2248,2339,94,22,1107,0
80,1438414599,71,4679,2288,2391,106,14,1155,0
80,1438414599,72,4787,2344,2443,121,13,1182,0
80,1438414599,73,4907,2405,2502,128,8,1220,0
80,1438414599,74,5001,2457,2544,112,18,1236,0
80,1438414599,75,5101,2514,2587,121,21,1300,0
80,1438414599,76,5221,2571,2650,135,15,1309,0
80,1438414599,77,5333,2627,2706,128,16,1332,0
80,1438414599,78,5456,2697,2759,148,25,1364,0
80,1438414599,79,5554,2743,2811,128,30,1395,0
80,1438414599,80,5659,2797,2862,138,33,1450,0
80,1438414599,81,5778,2851,2927,161,42,1472,0
80,1438414599,82,5882,2910,2972,143,39,1507,0
80,1438414599,83,5992,2951,3041,152,42,1516,0
80,1438414599,84,6122,3010,3112,163,33,1538,0
80,1438414599,85,6210,3052,3158,121,33,1554,0
80,1438414599,86,6302,3089,3213,126,34,1606,0
80,1438414599,87,6432,3167,3265,154,24,1632,0
80,1438414599,88,6569,3251,3318,163,26,1657,0
80,1438414599,89,6689,3312,3377,155,35,1675,0
80,1438414599,90,6823,3371,3452,171,37,1694,0
80,1438414599,91,6973,3449,3524,183,33,1724,0
80,1438414599,92,7089,3496,3593,156,40,1797,0
80,1438414599,93,7219,3573,3646,167,37,1806,0
80,1438414599,94,7353,3637,3716,149,15,1836,0
80,1438414599,95,7514,3727,3787,183,22,1887,0
80,1438414599,96,7636,3782,3854,159,37,1993,0
80,1438414599,97,7800,3867,3933,218,54,1984,9
80,1438414599,98,7915,3917,3998,166,51,1977,7
80,1438414599,99,8079,4009,4070,201,37,2030,0
81,2019291964,0,1007,504,503,29,22,222,0
81,2019291964,1,1085,550,535,89,11,255,0
81,2019291964,2,1173,598,575,103,15,273,0
81,2019291964,3,1242,626,616,82,13,276,0
81,2019291964,4,1274,644,630,54,22,265,11
81,2019291964,5,1306,656,650,44,12,264,1
81,2019291964,6,1327,668,659,40,19,266,0
81,2019291964,7,1351,678,673,37,13,276,0
81,2019291964,8,1388,694,694,52,15,250,26
81,2019291964,9,1403,704,699,35,20,247,3
81,2019291964,10,1428,718,710,34,9,249,0
81,2019291964,11,1439,719,720,25,14,244,5
81,2019291964,12,1442,719,723,18,15,245,0
81,2019291964,13,1466,730,736,28,4,275,0
81,2019291964,14,1494,748,746,41,13,305,0
81,2019291964,15,1529,767,762,37,2,328,0
81,2019291964,16,1561,786,775,38,6,348,0
81,2019291964,17,1609,806,803,61,13,357,0
81,2019291964,18,1654,831,823,58,13,367,0
81,2019291964,19,1718,859,859,80,16,363,4
81,2019291964,20,1776,888,888,65,7,387,0
81,2019291964,21,1841,913,928,80,15,412,0
81,2019291964,22,1879,927,952,54,16,423,0
81,2019291964,23,1944,964,980,74,9,432,0
81,2019291964,24,1988,990,998,54,10,444,0
81,2019291964,25,2054,1030,1024,81,15,448,0
81,2019291964,26,2121,1072,1049,89,22,444,4
81,2019291964,27,2167,1096,1071,60,14,471,0
81,2019291964,28,2191,1106,1085,38,14,477,0
81,2019291964,29,2226,1121,1105,50,15,489,0
81,2019291964,30,2269,1143,1126,53,10,497,0
81,2019291964,31,2323,1173,1150,66,12,509,0
81,2019291964,32,2353,1183,1170,49,19,546,0
81,2019291964,33,2408,1214,1194,65,10,607,0
81,2019291964,34,2478,1246,1232,77,7,610,0
81,2019291964,35,2532,1272,1260,69,15,637,0
81,2019291964,36,2606,1306,1300,90,16,657,0
81,2019291964,37,2704,1356,1348,109,11,658,0
81,2019291964,38,2789,1399,1390,91,6,693,0
81,2019291964,39,2864,1437,1427,91,16,709,0
81,2019291964,40,2945,1459,1486,96,15,712,0
81,2019291964,41,3014,1495,1519,83,14,711,1
81,2019291964,42,3103,1542,1561,106,17,733,0
81,2019291964,43,3181,1581,1600,87,9,774,0
81,2019291964,44,3267,1625,1642,103,17,791,0
81,2019291964,45,3367,1674,1693,115,15,804,0
81,2019291964,46,3434,1705,1729,82,15,828,0
81,2019291964,47,3493,1730,1763,73,14,832,0
81,2019291964,48,3556,1762,1794,71,8,859,0
81,2019291964,49,3630,1804,1826,88,14,894,0
81,2019291964,50,3697,1838,1859,81,14,905,0
81,2019291964,51,3781,1877,1904,98,14,950,0
81,2019291964,52,3868,1920,1948,96,9,976,0
81,2019291964,53,3962,1965,1997,107,13,1004,0
81,2019291964,54,4064,2012,2052,110,8,1057,0
81,2019291964,55,4183,2071,2112,141,22,1095,0
81,2019291964,56,4280,2112,2168,110,13,1088,7
81,2019291964,57,4400,2175,2225,135,15,1107,0
81,2019291964,58,4526,2243,2283,152,26,1156,0
81,2019291964,59,4643,2307,2336,129,12,1189,0
81,2019291964,60,4753,2360,2393,127,17,1226,0
81,2019291964,61,4878,2424,2454,135,10,1229,0
81,2019291964,62,4967,2470,2497,108,19,1253,0
81,2019291964,63,5069,2510,2559,120,18,1284,0
81,2019291964,64,5218,2578,2640,166,17,1300,0
81,2019291964,65,5329,2638,2691,123,12,1304,0
81,2019291964,66,5427,2688,2739,111,13,1342,0
81,2019291964,67,5549,2760,2789,137,15,1386,0
81,2019291964,68,5654,2818,2836,122,17,1392,0
81,2019291964,69,5790,2887,2903,155,19,1455,0
81,2019291964,70,5893,2939,2954,123,20,1493,0
81,2019291964,71,6029,3017,3012,155,19,1541,0
81,2019291964,72,6184,3102,3082,163,8,1600,0
81,2019291964,73,6355,3200,3155,191,20,1616,0
81,2019291964,74,6488,3272,3216,149,16,1651,0
81,2019291964,75,6666,3367,3299,200,22,1670,0
81,2019291964,76,6814,3437,3377,170,22,1696,0
81,2019291964,77,6969,3526,3443,179,24,1751,0
81,2019291964,78,7161,3620,3541,209,17,1815,0
81,2019291964,79,7306,3694,3612,170,25,1789,26
81,2019291964,80,7435,3761,3674,152,23,1830,0
81,2019291964,81,7617,3850,3767,196,14,1886,0
81,2019291964,82,7777,3941,3836,193,33,1944,0
81,2019291964,83,7913,4005,3908,162,26,1975,0
81,2019291964,84,8071,4077,3994,187,29,1982,0
81,2019291964,85,8225,4156,4069,187,33,2054,0
81,2019291964,86,8394,4233,4161,195,26,2078,0
81,2019291964,87,8541,4315,4226,178,31,2157,0
81,2019291964,88,8688,4394,4294,181,34,2195,0
81,2019291964,89,8849,4490,4359,209,48,2221,0
81,2019291964,90,9047,4600,4447,232,34,2277,0
81,2019291964,91,9229,4682,4547,218,36,2304,0
81,2019291964,92,9401,4765,4636,207,35,2363,0
81,2019291964,93,9618,4883,4735,247,30,2405,0
81,2019291964,94,9829,5004,4825,250,39,2465,0
81,2019291964,95,9973,5058,4915,219,75,2494,0
81,2019291964,96,10179,5155,5024,262,56,2576,0
81,2019291964,97,10372,5252,5120,251,58,2602,0
81,2019291964,98,10568,5352,5216,249,53,2618,0
81,2019291964,99,10767,5443,5324,238,39,2668,0
82,938776596,0,1002,496,506,23,21,234,0
82,938776596,1,1094,552,542,112,20,262,0
82,938776596,2,1185,598,587,102,11,271,0
82,938776596,3,1236,622,614,65,14,269,2
82,938776596,4,1305,658,647,76,7,256,13
82,938776596,5,1351,681,670,52,6,251,5
82,938776596,6,1383,699,684,45,13,245,6
82,938776596,7,1370,686,684,49,62,243,2
82,938776596,8,1379,690,689,25,16,238,5
82,938776596,9,1387,698,689,32,24,247,0
82,938776596,10,1395,702,693,30,22,236,11
82,938776596,11,1400,702,698,17,12,241,0
82,938776596,12,1403,703,700,24,21,226,15
82,938776596,13,1407,702,705,18,14,250,0
82,938776596,14,1420,711,709,36,23,274,0
82,938776596,15,1450,731,719,43,13,311,0
82,938776596,16,1467,743,724,31,14,324,0
82,938776596,17,1508,764,744,58,17,352,0
82,938776596,18,1552,784,768,56,12,368,0
82,938776596,19,1603,803,800,68,17,403,0
82,938776596,20,1685,851,834,99,17,408,0
82,938776596,21,1731,865,866,67,21,390,18
82,938776596,22,1807,910,897,86,10,409,0
82,938776596,23,1862,926,936,65,10,423,0
82,938776596,24,1908,954,954,63,17,415,8
82,938776596,25,1961,979,982,56,3,421,0
82,938776596,26,2005,1009,996,58,14,426,0
82,938776596,27,2059,1038,1021,66,12,447,0
82,938776596,28,2093,1056,1037,46,12,460,0
82,938776596,29,2126,1073,1053,47,14,476,0
82,938776596,30,2150,1090,1060,36,12,484,0
82,938776596,31,2203,1120,1083,62,9,486,0
82,938776596,32,2240,1142,1098,60,23,504,0
82,938776596,33,2278,1166,1112,54,16,549,0
82,938776596,34,2343,1196,1147,76,11,577,0
82,938776596,35,2423,1232,1191,87,7,603,0
82,938776596,36,2499,1268,1231,94,18,620,0
82,938776596,37,2571,1303,1268,89,17,651,0
82,938776596,38,2640,1344,1296,90,21,655,0
82,938776596,39,2728,1392,1336,92,4,673,0
82,938776596,40,2814,1436,1378,99,13,677,0
82,938776596,41,2887,1480,1407,86,13,716,0
82,938776596,42,2949,1512,1437,75,13,704,12
82,938776596,43,3044,1547,1497,108,13,738,0
82,938776596,44,3125,1582,1543,93,12,737,1
82,938776596,45,3200,1616,1584,88,13,752,0
82,938776596,46,3261,1651,1610,73,12,781,0
82,938776596,47,3295,1669,1626,54,20,776,5
82,938776596,48,3364,1705,1659,85,16,826,0
82,938776596,49,3429,1744,1685,82,17,876,0
82,938776596,50,3484,1774,1710,74,19,871,5
82,938776596,51,3573,1813,1760,99,10,907,0
82,938776596,52,3637,1846,1791,84,20,899,8
82,938776596,53,3730,1886,1844,108,15,914,0
82,938776596,54,3836,1940,1896,125,19,967,0
82,938776596,55,3902,1975,1927,87,21,977,0
82,938776596,56,3970,2007,1963,86,18,1027,0
82,938776596,57,4065,2051,2014,115,20,1072,0
82,938776596,58,4152,2099,2053,104,17,1091,0
82,938776596,59,4280,2169,2111,147,19,1084,7
82,938776596,60,4396,2220,2176,132,16,1096,0
82,938776596,61,4510,2281,2229,128,14,1122,0
82,938776596,62,4592,2309,2283,104,22,1176,0
82,938776596,63,4686,2357,2329,122,28,1184,0
82,938776596,64,4761,2400,2361,100,25,1218,0
82,938776596,65,4836,2436,2400,106,31,1209,9
82,938776596,66,4947,2500,2447,128,17,1243,0
82,938776596,67,5076,2565,2511,139,10,1263,0
82,938776596,68,5197,2626,2571,139,18,1295,0
82,938776596,69,5284,2671,2613,116,29,1355,0
82,938776596,70,5405,2743,2662,142,21,1377,0
82,938776596,71,5527,2812,2715,137,15,1441,0
82,938776596,72,5660,2886,2774,153,20,1443,0
82,938776596,73,5775,2953,2822,139,24,1506,0
82,938776596,74,5890,3022,2868,151,36,1522,0
82,938776596,75,6004,3073,2931,138,24,1536,0
82,938776596,76,6146,3155,2991,167,25,1549,0
82,938776596,77,6285,3234,3051,166,27,1569,0
82,938776596,78,6422,3295,3127,167,30,1591,0
82,938776596,79,6541,3354,3187,158,39,1619,0
82,938776596,80,6659,3405,3254,156,38,1665,0
82,938776596,81,6791,3472,3319,166,34,1667,0
82,938776596,82,6881,3514,3367,143,53,1692,0
82,938776596,83,6848,3505,3343,179,212,1615,77
82,938776596,84,6945,3553,3392,134,37,1715,0
82,938776596,85,7086,3620,3466,179,38,1744,0
82,938776596,86,7181,3670,3511,125,30,1773,0
82,938776596,87,7325,3729,3596,177,33,1797,0
82,938776596,88,7499,3819,3680,207,33,1877,0
82,938776596,89,7616,3870,3746,158,41,1849,28
82,938776596,90,7741,3934,3807,174,49,1885,0
82,938776596,91,7895,4019,3876,191,37,1963,0
82,938776596,92,8071,4098,3973,219,43,2008,0
82,938776596,93,8211,4183,4028,178,38,2096,0
82,938776596,94,8381,4270,4111,218,48,2091,5
82,938776596,95,8557,4367,4190,221,45,2152,0
82,938776596,96,8741,4442,4299,223,39,2169,0
82,938776596,97,8844,4506,4338,175,72,2264,0
82,938776596,98,8969,4563,4406,196,71,2236,28
82,938776596,99,9128,4635,4493,233,74,2262,0
83,345075200,0,997,501,496,24,27,213,0
83,345075200,1,1087,546,541,107,17,261,0
83,345075200,2,1162,585,577,86,11,264,0
83,345075200,3,1236,628,608,89,15,256,8
83,345075200,4,1280,647,633,56,12,254,2
83,345075200,5,1303,659,644,39,16,255,0
83,345075200,6,1322,676,646,42,23,231,24
83,345075200,7,1311,670,641,13,24,214,17
83,345075200,8,1315,672,643,27,23,223,0
83,345075200,9,1323,677,646,25,17,229,0
83,345075200,10,1319,672,647,20,24,211,18
83,345075200,11,1322,677,645,20,17,222,0
83,345075200,12,1344,689,655,30,8,233,0
83,345075200,13,1342,682,660,16,18,243,0
83,345075200,14,1356,690,666,34,20,264,0
83,345075200,15,1376,701,675,35,15,291,0
83,345075200,16,1406,711,695,38,8,317,0
83,345075200,17,1469,734,735,77,14,332,0
83,345075200,18,1514,758,756,58,13,334,0
83,345075200,19,1559,780,779,58,13,353,0
83,345075200,20,1602,796,806,52,9,353,0
83,345075200,21,1657,826,831,64,9,368,0
83,345075200,22,1699,846,853,58,16,375,0
83,345075200,23,1742,868,874,54,11,383,0
83,345075200,24,1792,880,912,63,13,393,0
83,345075200,25,1834,905,929,56,14,383,10
83,345075200,26,1873,927,946,57,18,400,0
83,345075200,27,1887,934,953,30,16,399,1
83,345075200,28,1901,942,959,32,18,391,8
83,345075200,29,1933,958,975,46,14,428,0
83,345075200,30,1973,980,993,52,12,452,0
83,345075200,31,2003,992,1011,43,13,467,0
83,345075200,32,2042,1018,1024,57,18,476,0
83,345075200,33,2078,1035,1043,53,17,503,0
83,345075200,34,2123,1061,1062,59,14,525,0
83,345075200,35,2202,1104,1098,89,10,543,0
83,345075200,36,2234,1127,1107,51,19,548,0
83,345075200,37,2279,1143,1136,65,20,581,0
83,345075200,38,2354,1177,1177,86,11,589,0
83,345075200,39,2407,1206,1201,65,12,594,0
83,345075200,40,2475,1241,1234,84,16,607,0
83,345075200,41,2550,1283,1267,89,14,617,0
83,345075200,42,2612,1321,1291,78,16,627,0
83,345075200,43,2679,1360,1319,77,10,640,0
83,345075200,44,2750,1397,1353,83,12,674,0
83,345075200,45,2805,1424,1381,57,2,690,0
83,345075200,46,2871,1463,1408,78,12,708,0
83,345075200,47,2948,1508,1440,90,13,725,0
83,345075200,48,3008,1537,1471,72,12,730,0
83,345075200,49,3051,1560,1491,66,23,745,0
83,345075200,50,3090,1581,1509,61,22,742,3
83,345075200,51,3162,1612,1550,91,19,792,0
83,345075200,52,3231,1645,1586,86,17,842,0
83,345075200,53,3302,1679,1623,89,18,857,0
83,345075200,54,3394,1727,1667,102,10,852,5
83,345075200,55,3456,1750,1706,79,17,871,0
83,345075200,56,3519,1778,1741,83,20,892,0
83,345075200,57,3616,1826,1790,116,19,921,0
83,345075200,58,3690,1868,1822,97,23,930,0
83,345075200,59,3742,1892,1850,80,28,944,0
83,345075200,60,3812,1926,1886,93,23,972,0
83,345075200,61,3875,1964,1911,91,28,989,0
83,345075200,62,3939,1996,1943,79,15,1014,0
83,345075200,63,4047,2049,1998,131,23,1021,0
83,345075200,64,4118,2082,2036,96,25,1030,0
83,345075200,65,4198,2121,2077,106,26,1051,0
83,345075200,66,4260,2153,2107,83,21,1090,0
83,345075200,67,4371,2205,2166,124,13,1102,0
83,345075200,68,4462,2257,2205,101,10,1140,0
83,345075200,69,4540,2300,2240,86,8,1171,0
83,345075200,70,4647,2358,2289,120,13,1197,0
83,345075200,71,4719,2388,2331,97,25,1198,0
83,345075200,72,4854,2457,2397,148,13,1245,0
83,345075200,73,4938,2506,2432,100,16,1270,0
83,345075200,74,5062,2568,2494,137,13,1312,0
83,345075200,75,5178,2628,2550,132,16,1364,0
83,345075200,76,5290,2683,2607,132,20,1336,28
83,345075200,77,5395,2732,2663,120,15,1364,0
83,345075200,78,5490,2770,2720,120,25,1387,0
83,345075200,79,5628,2835,2793,158,20,1404,0
83,345075200,80,5487,2765,2722,130,271,1391,13
83,345075200,81,5617,2836,2781,155,25,1413,0
83,345075200,82,5730,2886,2844,135,22,1422,0
83,345075200,83,5821,2936,2885,146,55,1462,0
83,345075200,84,5908,2975,2933,136,49,1495,0
83,345075200,85,6013,3017,2996,139,34,1565,0
83,345075200,86,6137,3081,3056,163,39,1605,0
83,345075200,87,6250,3139,3111,154,41,1594,11
83,345075200,88,6342,3193,3149,131,39,1627,0
83,345075200,89,6468,3258,3210,159,33,1655,0
83,345075200,90,6610,3315,3295,174,32,1696,0
83,345075200,91,6713,3368,3345,128,25,1701,0
83,345075200,92,6833,3430,3403,159,39,1708,0
83,345075200,93,6950,3486,3464,158,41,1744,0
83,345075200,94,7087,3550,3537,166,29,1770,0
83,345075200,95,7236,3637,3599,181,32,1823,0
83,345075200,96,7376,3712,3664,178,38,1867,0
83,345075200,97,7511,3772,3739,169,34,1901,0
83,345075200,98,7666,3862,3804,200,45,1943,0
83,345075200,99,7798,3921,3877,196,64,1954,0
84,1788162809,0,1000,499,501,12,12,227,0
84,1788162809,1,1084,543,541,102,18,257,0
84,1788162809,2,1162,575,587,102,24,264,0
84,1788162809,3,1205,596,609,73,30,249,15
84,1788162809,4,1268,630,638,84,21,253,0
84,1788162809,5,1308,651,657,51,11,253,0
84,1788162809,6,1328,660,668,32,12,255,0
84,1788162809,7,1358,676,682,43,13,246,9
84,1788162809,8,1361,678,683,29,26,242,4
84,1788162809,9,1377,682,695,31,15,231,11
84,1788162809,10,1402,688,714,36,11,232,0
84,1788162809,11,1409,694,715,19,12,231,1
84,1788162809,12,1411,697,714,16,14,230,1
84,1788162809,13,1423,709,714,27,15,248,0
84,1788162809,14,1432,716,716,27,18,272,0
84,1788162809,15,1449,722,727,34,17,320,0
84,1788162809,16,1460,728,732,29,18,329,0
84,1788162809,17,1499,747,752,57,18,374,0
84,1788162809,18,1553,775,778,71,17,393,0
84,1788162809,19,1637,813,824,98,14,408,0
84,1788162809,20,1721,848,873,90,6,408,0
84,1788162809,21,1797,889,908,82,6,403,5
84,1788162809,22,1841,906,935,48,4,401,2
84,1788162809,23,1902,929,973,71,10,411,0
84,1788162809,24,1975,956,1019,83,10,417,0
84,1788162809,25,2039,979,1060,85,21,421,0
84,1788162809,26,2077,998,1079,56,18,431,0
84,1788162809,27,2104,1016,1088,46,19,442,0
84,1788162809,28,2134,1026,1108,46,16,459,0
84,1788162809,29,2168,1039,1129,52,18,437,22
84,1788162809,30,2199,1061,1138,48,17,446,0
84,1788162809,31,2234,1079,1155,43,8,483,0
84,1788162809,32,2269,1097,1172,55,20,541,0
84,1788162809,33,2317,1125,1192,69,21,556,0
84,1788162809,34,2375,1160,1215,77,19,564,0
84,1788162809,35,2438,1197,1241,75,12,596,0
84,1788162809,36,2481,1212,1269,57,14,598,0
84,1788162809,37,2555,1246,1309,93,19,630,0
84,1788162809,38,2608,1271,1337,65,12,646,0
84,1788162809,39,2685,1310,1375,89,12,644,2
84,1788162809,40,2751,1334,1417,76,10,656,0
84,1788162809,41,2860,1392,1468,126,17,691,0
84,1788162809,42,2960,1449,1511,113,13,729,0
84,1788162809,43,3046,1498,1548,105,19,737,0
84,1788162809,44,3127,1539,1588,93,12,748,0
84,1788162809,45,3194,1565,1629,79,12,758,0
84,1788162809,46,3265,1602,1663,85,14,768,0
84,1788162809,47,3344,1641,1703,98,19,784,0
84,1788162809,48,3422,1678,1744,91,13,805,0
84,1788162809,49,3469,1703,1766,59,12,828,0
84,1788162809,50,3539,1736,1803,86,16,863,0
84,1788162809,51,3609,1767,1842,83,13,893,0
84,1788162809,52,3692,1818,1874,100,17,931,0
84,1788162809,53,3761,1851,1910,89,20,937,0
84,1788162809,54,3860,1903,1957,104,5,996,0
84,1788162809,55,3945,1935,2010,109,24,1026,0
84,1788162809,56,4100,2006,2094,167,12,1029,0
84,1788162809,57,4025,1970,2055,124,199,999,30
84,1788162809,58,4118,2015,2103,112,19,1048,0
84,1788162809,59,4229,2074,2155,123,12,1079,0
84,1788162809,60,4328,2117,2211,116,17,1139,0
84,1788162809,61,4433,2162,2271,129,24,1117,22
84,1788162809,62,4555,2229,2326,132,10,1166,0
84,1788162809,63,4665,2283,2382,124,14,1153,13
84,1788162809,64,4779,2342,2437,127,13,1187,0
84,1788162809,65,4872,2395,2477,114,21,1173,14
84,1788162809,66,4967,2438,2529,114,19,1231,0
84,1788162809,67,5071,2491,2580,120,16,1261,0
84,1788162809,68,5180,2552,2628,129,20,1301,0
84,1788162809,69,5322,2623,2699,150,8,1366,0
84,1788162809,70,5440,2690,2750,129,11,1365,1
84,1788162809,71,5558,2748,2810,129,11,1407,0
84,1788162809,72,5659,2809,2850,117,16,1431,0
84,1788162809,73,5774,2860,2914,135,20,1449,0
84,1788162809,74,5894,2915,2979,144,24,1481,0
84,1788162809,75,6031,2983,3048,155,18,1536,0
84,1788162809,76,6188,3061,3127,172,15,1578,0
84,1788162809,77,6358,3141,3217,190,20,1573,5
84,1788162809,78,6497,3209,3288,169,30,1615,0
84,1788162809,79,6614,3266,3348,153,36,1650,0
84,1788162809,80,6755,3328,3427,173,32,1713,0
84,1788162809,81,6875,3379,3496,148,28,1727,0
84,1788162809,82,7030,3453,3577,189,34,1760,0
84,1788162809,83,7206,3549,3657,219,43,1806,0
84,1788162809,84,7328,3621,3707,168,46,1815,0
84,1788162809,85,7459,3690,3769,177,46,1829,0
84,1788162809,86,7603,3765,3838,193,49,1883,0
84,1788162809,87,7731,3833,3898,160,32,1899,0
84,1788162809,88,7870,3895,3975,182,43,1914,0
84,1788162809,89,8005,3951,4054,169,34,1970,0
84,1788162809,90,8139,4022,4117,177,43,2049,0
84,1788162809,91,8260,4090,4170,186,65,2074,0
84,1788162809,92,8386,4160,4226,192,66,2096,0
84,1788162809,93,8534,4242,4292,201,53,2191,0
84,1788162809,94,8662,4305,4357,186,58,2193,0
84,1788162809,95,8850,4396,4454,255,67,2249,0
84,1788162809,96,9064,4501,4563,267,53,2291,0
84,1788162809,97,9221,4593,4628,201,44,2302,0
84,1788162809,98,9411,4706,4705,253,63,2372,0
84,1788162809,99,9630,4817,4813,268,49,2433,0
85,1352408538,0,1003,505,498,20,17,199,0
85,1352408538,1,1100,550,550,119,22,250,0
85,1352408538,2,1197,600,597,110,13,258,0
85,1352408538,3,1270,635,635,86,13,250,8
85,1352408538,4,1315,659,656,55,10,250,0
85,1352408538,5,1341,671,670,41,15,260,0
85,1352408538,6,1357,678,679,36,20,268,0
85,1352408538,7,1387,695,692,47,17,260,8
85,1352408538,8,1417,706,711,44,14,245,15
85,1352408538,9,1430,712,718,41,28,238,7
85,1352408538,10,1431,708,723,26,25,230,8
85,1352408538,11,1441,711,730,30,20,236,0
85,1352408538,12,1457,715,742,26,10,241,0
85,1352408538,13,1461,715,746,19,15,272,0
85,1352408538,14,1481,727,754,33,13,315,0
85,1352408538,15,1507,743,764,38,12,340,0
85,1352408538,16,1546,756,790,55,16,353,0
85,1352408538,17,1616,791,825,87,17,379,0
85,1352408538,18,1655,812,843,56,17,401,0
85,1352408538,19,1706,836,870,60,9,386,15
85,1352408538,20,1748,858,890,59,17,390,0
85,1352408538,21,1799,886,913,66,15,395,0
85,1352408538,22,1853,910,943,72,18,401,0
85,1352408538,23,1909,941,968,70,14,426,0
85,1352408538,24,1961,970,991,67,15,432,0
85,1352408538,25,2019,1002,1017,73,15,437,0
85,1352408538,26,2018,1012,1006,75,76,417,20
85,1352408538,27,2065,1045,1020,62,15,420,0
85,1352408538,28,2119,1081,1038,67,13,445,0
85,1352408538,29,2145,1094,1051,41,15,488,0
85,1352408538,30,2199,1122,1077,62,8,485,3
85,1352408538,31,2249,1146,1103,68,18,518,0
85,1352408538,32,2301,1172,1129,68,16,542,0
85,1352408538,33,2357,1198,1159,65,9,554,0
85,1352408538,34,2405,1225,1180,64,16,584,0
85,1352408538,35,2491,1261,1230,95,9,613,0
85,1352408538,36,2542,1290,1252,65,14,618,0
85,1352408538,37,2600,1322,1278,71,13,635,0
85,1352408538,38,2660,1348,1312,80,20,641,0
85,1352408538,39,2740,1387,1353,91,11,671,0
85,1352408538,40,2825,1425,1400,94,9,694,0
85,1352408538,41,2931,1477,1454,119,13,693,1
85,1352408538,42,2996,1515,1481,78,13,703,0
85,1352408538,43,3050,1547,1503,66,12,720,0
85,1352408538,44,3117,1579,1538,84,17,725,0
85,1352408538,45,3182,1614,1568,77,12,736,0
85,1352408538,46,3238,1633,1605,77,21,799,0
85,1352408538,47,3281,1650,1631,59,16,825,0
85,1352408538,48,3349,1683,1666,91,23,843,0
85,1352408538,49,3423,1710,1713,97,23,856,0
85,1352408538,50,3515,1758,1757,108,16,887,0
85,1352408538,51,3573,1782,1791,82,24,893,0
85,1352408538,52,3633,1805,1828,79,19,936,0
85,1352408538,53,3702,1836,1866,88,19,962,0
85,1352408538,54,3817,1895,1922,131,16,977,0
85,1352408538,55,3916,1946,1970,116,17,1019,0
85,1352408538,56,4015,2011,2004,119,20,1032,0
85,1352408538,57,4127,2075,2052,127,15,1081,0
85,1352408538,58,4228,2124,2104,118,17,1049,32
85,1352408538,59,4324,2170,2154,114,18,1070,0
85,1352408538,60,4413,2211,2202,110,21,1132,0
85,1352408538,61,4506,2262,2244,105,12,1164,0
85,1352408538,62,4618,2312,2306,127,15,1177,0
85,1352408538,63,4720,2357,2363,119,17,1197,0
85,1352408538,64,4808,2395,2413,105,17,1225,0
85,1352408538,65,4902,2441,2461,118,24,1214,11
85,1352408538,66,5004,2501,2503,126,24,1250,0
85,1352408538,67,5093,2545,2548,108,19,1264,0
85,1352408538,68,5257,2629,2628,178,14,1294,0
85,1352408538,69,5365,2685,2680,124,16,1370,0
85,1352408538,70,5481,2737,2744,135,19,1392,0
85,1352408538,71,5365,2674,2691,143,259,1338,54
85,1352408538,72,5526,2749,2777,188,27,1398,0
85,1352408538,73,5631,2803,2828,132,27,1458,0
85,1352408538,74,5776,2878,2898,158,13,1460,0
85,1352408538,75,5908,2952,2956,156,24,1526,0
85,1352408538,76,6055,3029,3026,164,17,1517,9
85,1352408538,77,6148,3070,3078,122,29,1521,0
85,1352408538,78,6293,3139,3154,173,28,1568,0
85,1352408538,79,6410,3197,3213,145,28,1600,0
85,1352408538,80,6526,3269,3257,151,35,1612,0
85,1352408538,81,6629,3320,3309,137,34,1679,0
85,1352408538,82,6733,3359,3374,130,26,1712,0
85,1352408538,83,6839,3401,3438,174,68,1738,0
85,1352408538,84,6974,3484,3490,180,45,1762,0
85,1352408538,85,7093,3546,3547,162,43,1825,0
85,1352408538,86,7248,3621,3627,196,41,1847,0
85,1352408538,87,7411,3716,3695,200,37,1902,0
85,1352408538,88,7582,3811,3771,212,41,1905,0
85,1352408538,89,7736,3889,3847,205,51,1940,0
85,1352408538,90,7900,3981,3919,222,58,1979,0
85,1352408538,91,8043,4060,3983,190,47,2016,0
85,1352408538,92,8171,4129,4042,177,49,2018,0
85,1352408538,93,8341,4221,4120,197,27,2133,0
85,1352408538,94,8518,4301,4217,212,35,2155,0
85,1352408538,95,8665,4368,4297,190,43,2148,7
85,1352408538,96,8838,4456,4382,225,52,2170,0
85,1352408538,97,8978,4522,4456,190,50,2234,0
85,1352408538,98,9153,4608,4545,216,41,2291,0
85,1352408538,99,9315,4680,4635,209,47,2355,0
86,1503807854,0,1003,505,498,17,14,234,0
86,1503807854,1,1129,565,564,139,13,276,0
86,1503807854,2,1224,611,613,102,7,296,0
86,1503807854,3,1317,662,655,99,6,287,9
86,1503807854,4,1357,684,673,55,15,274,13
86,1503807854,5,1412,718,694,66,11,285,0
86,1503807854,6,1455,739,716,54,11,269,16
86,1503807854,7,1492,759,733,46,9,254,15
86,1503807854,8,1530,777,753,43,5,260,0
86,1503807854,9,1552,785,767,26,4,260,0
86,1503807854,10,1572,790,782,28,8,255,5
86,1503807854,11,1589,805,784,26,9,257,0
86,1503807854,12,1606,816,790,28,11,257,0
86,1503807854,13,1611,822,789,20,15,285,0
86,1503807854,14,1644,840,804,42,9,340,0
86,1503807854,15,1663,845,818,39,20,355,0
86,1503807854,16,1691,858,833,43,15,351,4
86,1503807854,17,1747,885,862,70,14,399,0
86,1503807854,18,1803,905,898,71,15,414,0
86,1503807854,19,1861,940,921,72,14,417,0
86,1503807854,20,1935,975,960,85,11,420,0
86,1503807854,21,2019,1022,997,104,20,419,1
86,1503807854,22,2095,1070,1025,84,8,453,0
86,1503807854,23,2163,1100,1063,81,13,473,0
86,1503807854,24,2234,1139,1095,81,10,476,0
86,1503807854,25,2299,1174,1125,78,13,471,5
86,1503807854,26,2346,1210,1136,60,13,493,0
86,1503807854,27,2390,1225,1165,62,18,479,14
86,1503807854,28,2421,1243,1178,45,14,525,0
86,1503807854,29,2465,1261,1204,57,13,544,0
86,1503807854,30,2492,1270,1222,44,17,557,0
86,1503807854,31,2527,1282,1245,55,20,571,0
86,1503807854,32,2577,1307,1270,60,10,598,0
86,1503807854,33,2631,1329,1302,63,9,645,0
86,1503807854,34,2708,1370,1338,86,9,682,0
86,1503807854,35,2793,1410,1383,112,27,699,0
86,1503807854,36,2858,1449,1409,83,18,727,0
86,1503807854,37,2958,1504,1454,114,14,741,0
86,1503807854,38,3054,1553,1501,118,22,754,0
86,1503807854,39,3131,1588,1543,89,12,779,0
86,1503807854,40,3214,1626,1588,95,12,790,0
86,1503807854,41,3297,1666,1631,99,16,815,0
86,1503807854,42,3378,1713,1665,92,11,810,5
86,1503807854,43,3447,1750,1697,81,12,831,0
86,1503807854,44,3539,1794,1745,103,11,829,2
86,1503807854,45,3634,1840,1794,109,14,864,0
86,1503807854,46,3681,1865,1816,69,22,890,0
86,1503807854,47,3755,1903,1852,86,12,899,0
86,1503807854,48,3854,1950,1904,112,13,933,0
86,1503807854,49,3919,1988,1931,75,10,959,0
86,1503807854,50,4010,2032,1978,108,17,1004,0
86,1503807854,51,4092,2068,2024,97,15,1053,0
86,1503807854,52,4168,2104,2064,103,27,1054,0
86,1503807854,53,4287,2166,2121,140,21,1097,0
86,1503807854,54,4402,2227,2175,128,13,1159,0
86,1503807854,55,4491,2267,2224,103,14,1158,1
86,1503807854,56,4620,2329,2291,139,10,1192,0
86,1503807854,57,4726,2394,2332,127,21,1234,0
86,1503807854,58,4827,2438,2389,120,19,1252,0
86,1503807854,59,4957,2508,2449,141,11,1274,0
86,1503807854,60,5081,2563,2518,137,13,1271,3
86,1503807854,61,5175,2615,2560,107,13,1321,0
86,1503807854,62,5273,2669,2604,108,10,1347,0
86,1503807854,63,5394,2719,2675,136,15,1383,0
86,1503807854,64,5513,2779,2734,132,13,1371,12
86,1503807854,65,5619,2836,2783,122,16,1436,0
86,1503807854,66,5738,2894,2844,133,14,1454,0
86,1503807854,67,5872,2960,2912,155,21,1524,0
86,1503807854,68,6031,3045,2986,175,16,1562,0
86,1503807854,69,6174,3116,3058,156,13,1583,0
86,1503807854,70,6298,3183,3115,135,11,1603,0
86,1503807854,71,6433,3242,3191,158,23,1627,0
86,1503807854,72,6585,3308,3277,170,18,1657,0
86,1503807854,73,6745,3385,3360,166,6,1676,0
86,1503807854,74,6944,3470,3474,212,13,1680,0
86,1503807854,75,7123,3569,3554,191,12,1746,0
86,1503807854,76,7255,3642,3613,150,18,1797,0
86,1503807854,77,7400,3703,3697,184,39,1835,0
86,1503807854,78,7529,3772,3757,169,40,1886,0
86,1503807854,79,7644,3824,3820,154,39,1928,0
86,1503807854,80,7827,3917,3910,218,35,1955,0
86,1503807854,81,7984,3997,3987,185,28,1996,0
86,1503807854,82,8119,4071,4048,173,38,2027,0
86,1503807854,83,8260,4160,4100,176,35,2050,0
86,1503807854,84,8387,4241,4146,176,49,2095,0
86,1503807854,85,8573,4339,4234,226,40,2165,0
86,1503807854,86,8721,4419,4302,179,31,2199,0
86,1503807854,87,8930,4506,4424,249,40,2261,0
86,1503807854,88,9098,4590,4508,199,31,2262,0
86,1503807854,89,9273,4695,4578,225,50,2296,0
86,1503807854,90,9472,4792,4680,247,48,2380,0
86,1503807854,91,9692,4911,4781,265,45,2392,0
86,1503807854,92,9897,5023,4874,244,39,2475,0
86,1503807854,93,10135,5151,4984,268,30,2544,0
86,1503807854,94,10335,5247,5088,233,33,2570,0
86,1503807854,95,10521,5334,5187,222,36,2650,0
86,1503807854,96,10735,5451,5284,256,42,2652,0
86,1503807854,97,10968,5587,5381,266,33,2726,0
86,1503807854,98,11153,5686,5467,225,40,2772,0
86,1503807854,99,11336,5776,5560,246,63,2769,3
87,208792607,0,1006,505,501,22,16,252,0
87,208792607,1,1114,576,538,118,10,260,0
87,208792607,2,1212,622,590,112,14,284,0
87,208792607,3,1297,661,636,97,12,268,16
87,208792607,4,1361,693,668,78,14,258,10
87,208792607,5,1391,705,686,41,11,263,0
87,208792607,6,1435,727,708,49,5,255,8
87,208792607,7,1466,743,723,37,6,265,0
87,208792607,8,1480,751,729,29,15,245,20
87,208792607,9,1497,761,736,29,12,243,2
87,208792607,10,1507,766,741,23,13,258,0
87,208792607,11,1514,770,744,21,14,258,0
87,208792607,12,1522,773,749,19,11,263,0
87,208792607,13,1532,778,754,19,9,275,0
87,208792607,14,1546,785,761,30,16,319,0
87,208792607,15,1567,796,771,39,18,342,0
87,208792607,16,1618,814,804,62,11,374,0
87,208792607,17,1681,848,833,66,3,396,0
87,208792607,18,1753,885,868,92,20,409,0
87,208792607,19,1825,917,908,81,9,407,2
87,208792607,20,1878,941,937,64,11,429,0
87,208792607,21,1963,981,982,94,9,439,0
87,208792607,22,2031,1014,1017,87,19,430,9
87,208792607,23,2080,1043,1037,57,8,444,0
87,208792607,24,2138,1073,1065,73,15,449,0
87,208792607,25,2195,1092,1103,70,13,453,0
87,208792607,26,2236,1115,1121,53,12,471,0
87,208792607,27,2267,1130,1137,40,9,464,7
87,208792607,28,2307,1150,1157,52,12,481,0
87,208792607,29,2319,1155,1164,34,22,500,0
87,208792607,30,2343,1164,1179,44,20,521,0
87,208792607,31,2393,1194,1199,62,12,544,0
87,208792607,32,2447,1229,1218,66,12,579,0
87,208792607,33,2526,1265,1261,89,10,628,0
87,208792607,34,2573,1290,1283,62,15,651,0
87,208792607,35,2663,1334,1329,98,8,660,0
87,208792607,36,2731,1374,1357,88,20,653,7
87,208792607,37,2821,1410,1411,100,10,691,0
87,208792607,38,2954,1477,1477,139,6,730,0
87,208792607,39,3032,1523,1509,93,15,745,0
87,208792607,40,3103,1564,1539,94,23,752,0
87,208792607,41,3202,1610,1592,110,11,758,0
87,208792607,42,3286,1651,1635,100,16,784,0
87,208792607,43,3347,1675,1672,74,13,814,0
87,208792607,44,3431,1717,1714,101,17,822,0
87,208792607,45,3491,1744,1747,76,16,815,7
87,208792607,46,3550,1770,1780,78,19,838,0
87,208792607,47,3627,1805,1822,89,12,882,0
87,208792607,48,3713,1841,1872,103,17,917,0
87,208792607,49,3818,1885,1933,114,9,946,0
87,208792607,50,3892,1926,1966,78,4,970,0
87,208792607,51,3990,1973,2017,108,10,1017,0
87,208792607,52,4095,2023,2072,108,3,1048,0
87,208792607,53,4214,2087,2127,130,11,1074,0
87,208792607,54,4325,2140,2185,125,14,1094,0
87,208792607,55,4408,2176,2232,93,10,1127,0
87,208792607,56,4517,2237,2280,121,12,1150,0
87,208792607,57,4619,2290,2329,124,22,1183,0
87,208792607,58,4730,2342,2388,131,20,1195,0
87,208792607,59,4886,2416,2470,174,18,1236,0
87,208792607,60,5006,2477,2529,132,12,1257,0
87,208792607,61,5100,2528,2572,102,8,1310,0
87,208792607,62,5197,2573,2624,107,10,1344,0
87,208792607,63,5309,2633,2676,125,13,1373,0
87,208792607,64,5425,2692,2733,125,9,1384,0
87,208792607,65,5523,2739,2784,111,13,1403,0
87,208792607,66,5605,2781,2824,96,14,1433,0
87,208792607,67,5747,2864,2883,157,15,1459,0
87,208792607,68,5905,2956,2949,170,12,1490,0
87,208792607,69,6013,3010,3003,126,18,1549,0
87,208792607,70,6155,3074,3081,159,17,1594,0
87,208792607,71,6294,3153,3141,160,21,1638,0
87,208792607,72,6457,3223,3234,182,19,1687,0
87,208792607,73,6613,3295,3318,168,12,1737,0
87,208792607,74,6809,3385,3424,206,10,1777,0
87,208792607,75,6967,3488,3479,176,18,1765,12
87,208792607,76,7148,3581,3567,205,24,1819,0
87,208792607,77,7280,3643,3637,159,27,1812,7
87,208792607,78,7412,3710,3702,172,40,1799,13
87,208792607,79,7556,3766,3790,182,38,1864,0
87,208792607,80,7705,3845,3860,166,17,1921,0
87,208792607,81,7866,3927,3939,186,25,1955,0
87,208792607,82,8012,4001,4011,175,29,1957,0
87,208792607,83,8141,4069,4072,157,28,2030,0
87,208792607,84,8270,4135,4135,163,34,2074,0
87,208792607,85,8420,4204,4216,183,33,2114,0
87,208792607,86,8603,4292,4311,222,39,2129,0
87,208792607,87,8781,4395,4386,208,30,2223,0
87,208792607,88,8946,4476,4470,209,44,2275,0
87,208792607,89,9160,4574,4586,246,32,2315,0
87,208792607,90,9332,4666,4666,215,43,2392,0
87,208792607,91,9506,4748,4758,212,38,2437,0
87,208792607,92,9695,4844,4851,235,46,2425,12
87,208792607,93,9903,4935,4968,251,43,2460,0
87,208792607,94,10094,5046,5048,233,42,2559,0
87,208792607,95,10314,5150,5164,268,48,2582,0
87,208792607,96,10532,5266,5266,262,44,2628,0
87,208792607,97,10773,5367,5406,288,47,2671,0
87,208792607,98,10973,5480,5493,244,44,2732,0
87,208792607,99,11168,5588,5580,244,49,2761,0
88,670802254,0,995,499,496,12,17,205,0
88,670802254,1,1094,546,548,117,18,243,0
88,670802254,2,1164,584,580,84,14,254,0
88,670802254,3,1216,623,593,74,22,255,0
88,670802254,4,1268,645,623,67,15,259,0
88,670802254,5,1297,662,635,55,26,255,4
88,670802254,6,1332,681,651,53,18,236,19
88,670802254,7,1353,697,656,38,17,224,12
88,670802254,8,1391,715,676,43,5,232,0
88,670802254,9,1414,729,685,36,13,233,0
88,670802254,10,1414,733,681,19,19,244,0
88,670802254,11,1434,742,692,38,18,235,9
88,670802254,12,1403,730,673,25,56,212,23
88,670802254,13,1409,727,682,20,14,243,0
88,670802254,14,1411,726,685,19,17,273,0
88,670802254,15,1432,739,693,31,10,293,0
88,670802254,16,1476,751,725,61,17,330,0
88,670802254,17,1518,764,754,61,19,354,0
88,670802254,18,1624,809,815,113,7,360,0
88,670802254,19,1696,841,855,81,9,366,0
88,670802254,20,1742,867,875,55,9,380,0
88,670802254,21,1783,887,896,62,21,401,0
88,670802254,22,1820,911,909,55,18,405,0
88,670802254,23,1889,939,950,82,13,422,0
88,670802254,24,1934,962,972,64,19,410,12
88,670802254,25,1982,988,994,67,19,413,0
88,670802254,26,2015,999,1016,52,19,415,0
88,670802254,27,2047,1018,1029,47,15,413,2
88,670802254,28,2067,1033,1034,40,20,428,0
88,670802254,29,2092,1044,1048,40,15,452,0
88,670802254,30,2118,1053,1065,42,16,501,0
88,670802254,31,2169,1081,1088,67,16,531,0
88,670802254,32,2189,1087,1102,35,15,550,0
88,670802254,33,2236,1113,1123,61,14,579,0
88,670802254,34,2312,1155,1157,88,12,603,0
88,670802254,35,2370,1183,1187,73,15,612,0
88,670802254,36,2446,1223,1223,90,14,631,0
88,670802254,37,2515,1253,1262,79,10,653,0
88,670802254,38,2621,1311,1310,122,16,665,0
88,670802254,39,2712,1362,1350,106,15,696,0
88,670802254,40,2808,1412,1396,108,12,696,0
88,670802254,41,2882,1456,1426,86,12,708,0
88,670802254,42,2962,1493,1469,95,15,708,0
88,670802254,43,3027,1524,1503,75,10,721,0
88,670802254,44,3088,1551,1537,81,20,734,0
88,670802254,45,3158,1586,1572,84,14,758,0
88,670802254,46,3221,1617,1604,75,12,785,0
88,670802254,47,3280,1643,1637,72,13,789,0
88,670802254,48,3349,1682,1667,81,12,798,0
88,670802254,49,3410,1702,1708,73,12,843,0
88,670802254,50,3489,1740,1749,95,16,876,0
88,670802254,51,3548,1769,1779,75,16,932,0
88,670802254,52,3636,1814,1822,100,12,948,0
88,670802254,53,3768,1877,1891,145,13,958,0
88,670802254,54,3852,1923,1929,105,21,965,0
88,670802254,55,3946,1970,1976,104,10,1004,0
88,670802254,56,4045,2008,2037,114,15,1040,0
88,670802254,57,4128,2050,2078,101,18,1064,0
88,670802254,58,4250,2105,2145,141,19,1056,8
88,670802254,59,4357,2166,2191,124,17,1108,0
88,670802254,60,4455,2205,2250,117,19,1111,0
88,670802254,61,4558,2250,2308,117,14,1116,0
88,670802254,62,4654,2309,2345,109,13,1169,0
88,670802254,63,4753,2358,2395,118,19,1204,0
88,670802254,64,4843,2416,2427,113,23,1211,0
88,670802254,65,4936,2462,2474,109,16,1269,0
88,670802254,66,5034,2500,2534,121,23,1287,0
88,670802254,67,5150,2562,2588,137,21,1312,0
88,670802254,68,5246,2612,2634,111,15,1353,0
88,670802254,69,5350,2681,2669,126,22,1375,0
88,670802254,70,5472,2751,2721,148,26,1375,0
88,670802254,71,5549,2791,2758,106,29,1426,0
88,670802254,72,5690,2862,2828,158,17,1462,0
88,670802254,73,5814,2928,2886,139,15,1486,0
88,670802254,74,5942,2993,2949,150,22,1534,0
88,670802254,75,6082,3057,3025,158,18,1556,0
88,670802254,76,6229,3126,3103,171,24,1564,0
88,670802254,77,6360,3196,3164,154,23,1619,0
88,670802254,78,6498,3273,3225,168,30,1645,0
88,670802254,79,6634,3338,3296,157,21,1669,0
88,670802254,80,6749,3407,3342,153,38,1695,0
88,670802254,81,6868,3469,3399,153,34,1731,0
88,670802254,82,7011,3540,3471,181,38,1750,0
88,670802254,83,7112,3600,3512,139,38,1768,0
88,670802254,84,7223,3651,3572,147,36,1793,0
88,670802254,85,7371,3725,3646,193,45,1851,0
88,670802254,86,7510,3795,3715,173,34,1911,0
88,670802254,87,7618,3839,3779,155,47,1910,1
88,670802254,88,7768,3911,3857,199,49,1981,0
88,670802254,89,7898,3973,3925,180,50,2029,0
88,670802254,90,8051,4051,4000,181,28,2062,0
88,670802254,91,8239,4149,4090,205,17,2093,0
88,670802254,92,8409,4218,4191,198,28,2197,0
88,670802254,93,8578,4306,4272,218,49,2212,0
88,670802254,94,8727,4383,4344,200,51,2234,0
88,670802254,95,8883,4460,4423,214,58,2242,0
88,670802254,96,9027,4526,4501,184,40,2300,0
88,670802254,97,9231,4620,4611,231,27,2313,0
88,670802254,98,9424,4712,4712,227,34,2386,0
88,670802254,99,9607,4813,4794,228,45,2381,5
89,1648932249,0,992,496,496,9,17,223,0
89,1648932249,1,1077,536,541,103,18,266,0
89,1648932249,2,1157,571,586,98,18,264,2
89,1648932249,3,1234,598,636,95,18,267,0
89,1648932249,4,1274,623,651,58,18,262,5
89,1648932249,5,1321,641,680,59,12,236,26
89,1648932249,6,1331,645,686,32,22,237,0
89,1648932249,7,1351,662,689,40,20,239,0
89,1648932249,8,1382,675,707,42,11,239,0
89,1648932249,9,1400,689,711,27,9,235,4
89,1648932249,10,1409,687,722,26,17,234,1
89,1648932249,11,1434,704,730,37,12,247,0
89,1648932249,12,1444,712,732,28,18,229,18
89,1648932249,13,1442,713,729,14,16,247,0
89,1648932249,14,1474,731,743,35,3,283,0
89,1648932249,15,1513,750,763,47,8,319,0
89,1648932249,16,1540,761,779,38,11,339,0
89,1648932249,17,1597,784,813,66,9,364,0
89,1648932249,18,1668,825,843,86,15,368,0
89,1648932249,19,1720,851,869,65,13,395,0
89,1648932249,20,1771,883,888,60,9,409,0
89,1648932249,21,1832,923,909,73,12,421,0
89,1648932249,22,1897,956,941,83,18,433,0
89,1648932249,23,1950,979,971,71,18,433,0
89,1648932249,24,2013,1016,997,81,18,403,30
89,1648932249,25,2057,1040,1017,58,14,438,0
89,1648932249,26,2097,1068,1029,62,22,447,0
89,1648932249,27,2137,1082,1055,56,16,444,3
89,1648932249,28,2180,1101,1079,62,19,462,0
89,1648932249,29,2216,1117,1099,54,18,476,0
89,1648932249,30,2241,1131,1110,47,22,514,0
89,1648932249,31,2280,1155,1125,48,9,540,0
89,1648932249,32,2334,1183,1151,68,14,566,0
89,1648932249,33,2408,1223,1185,88,14,570,0
89,1648932249,34,2466,1250,1216,72,14,604,0
89,1648932249,35,2508,1281,1227,60,18,618,0
89,1648932249,36,2580,1314,1266,88,16,633,0
89,1648932249,37,2660,1348,1312,100,20,658,0
89,1648932249,38,2747,1384,1363,105,18,673,0
89,1648932249,39,2815,1413,1402,79,11,701,0
89,1648932249,40,2867,1445,1422,65,13,711,0
89,1648932249,41,2937,1485,1452,92,22,715,0
89,1648932249,42,2995,1510,1485,78,20,737,0
89,1648932249,43,3090,1556,1534,113,18,724,13
89,1648932249,44,3146,1583,1563,73,17,755,0
89,1648932249,45,3209,1610,1599,74,11,781,0
89,1648932249,46,3254,1628,1626,64,19,816,0
89,1648932249,47,3332,1674,1658,98,20,800,16
89,1648932249,48,3417,1712,1705,96,11,856,0
89,1648932249,49,3491,1747,1744,97,23,880,0
89,1648932249,50,3563,1783,1780,80,8,922,0
89,1648932249,51,3521,1757,1764,97,139,886,36
89,1648932249,52,3587,1796,1791,82,16,928,0
89,1648932249,53,3675,1843,1832,103,15,947,0
89,1648932249,54,3746,1874,1872,84,13,977,0
89,1648932249,55,3857,1938,1919,127,16,1021,0
89,1648932249,56,3945,1991,1954,101,13,1042,0
89,1648932249,57,4017,2033,1984,86,14,1041,1
89,1648932249,58,4122,2089,2033,119,14,1046,0
89,1648932249,59,4226,2145,2081,119,15,1079,0
89,1648932249,60,4327,2190,2137,120,19,1096,0
89,1648932249,61,4431,2226,2205,118,14,1140,0
89,1648932249,62,4539,2284,2255,124,16,1186,0
89,1648932249,63,4619,2314,2305,99,19,1214,0
89,1648932249,64,4727,2365,2362,125,17,1217,0
89,1648932249,65,4674,2326,2348,141,194,1167,50
89,1648932249,66,4749,2362,2387,98,23,1238,0
89,1648932249,67,4880,2443,2437,146,15,1222,16
89,1648932249,68,4990,2504,2486,125,15,1268,0
89,1648932249,69,5105,2561,2544,135,20,1304,0
89,1648932249,70,5214,2626,2588,129,20,1328,0
89,1648932249,71,5345,2693,2652,152,21,1344,0
89,1648932249,72,5461,2748,2713,129,13,1378,0
89,1648932249,73,5580,2800,2780,143,24,1418,0
89,1648932249,74,5707,2857,2850,142,15,1440,0
89,1648932249,75,5821,2910,2911,137,23,1509,0
89,1648932249,76,5932,2964,2968,135,24,1539,0
89,1648932249,77,6044,3019,3025,137,25,1526,13
89,1648932249,78,6135,3062,3073,122,31,1556,0
89,1648932249,79,6208,3096,3112,113,40,1585,0
89,1648932249,80,6338,3163,3175,154,24,1615,0
89,1648932249,81,6475,3232,3243,165,28,1638,0
89,1648932249,82,6588,3280,3308,152,39,1638,0
89,1648932249,83,6735,3349,3386,179,32,1697,0
89,1648932249,84,6846,3388,3458,155,44,1710,0
89,1648932249,85,6990,3464,3526,180,36,1757,0
89,1648932249,86,7108,3532,3576,157,39,1823,0
89,1648932249,87,7236,3610,3626,176,48,1873,0
89,1648932249,88,7361,3683,3678,157,32,1900,0
89,1648932249,89,7504,3755,3749,180,37,1916,0
89,1648932249,90,7659,3827,3832,197,42,1968,0
89,1648932249,91,7815,3898,3917,197,41,1981,0
89,1648932249,92,7616,3654,3962,187,386,1752,229
89,1648932249,93,7758,3729,4029,186,44,1824,0
89,1648932249,94,7892,3788,4104,179,45,1821,3
89,1648932249,95,8032,3858,4174,188,48,1897,0
89,1648932249,96,8185,3935,4250,193,40,1935,0
89,1648932249,97,8342,4007,4335,212,55,1963,0
89,1648932249,98,8510,4084,4426,226,58,1955,8
89,1648932249,99,8716,4190,4526,227,21,2056,0
90,1787264313,0,1000,500,500,21,21,217,0
90,1787264313,1,1085,541,544,100,15,264,0
90,1787264313,2,1155,577,578,85,15,271,0
90,1787264313,3,1203,598,605,65,17,272,0
90,1787264313,4,1255,631,624,70,18,258,14
90,1787264313,5,1303,662,641,65,17,256,2
90,1787264313,6,1335,683,652,51,19,243,13
90,1787264313,7,1352,695,657,32,15,239,4
90,1787264313,8,1372,700,672,40,20,246,0
90,1787264313,9,1376,697,679,24,20,232,14
90,1787264313,10,1377,697,680,21,20,243,0
90,1787264313,11,1391,703,688,28,14,234,9
90,1787264313,12,1397,708,689,19,13,237,0
90,1787264313,13,1423,721,702,37,11,263,0
90,1787264313,14,1436,727,709,26,13,297,0
90,1787264313,15,1454,734,720,33,15,289,8
90,1787264313,16,1493,754,739,47,8,312,0
90,1787264313,17,1534,776,758,56,15,328,0
90,1787264313,18,1581,802,779,56,9,352,0
90,1787264313,19,1647,836,811,68,2,364,0
90,1787264313,20,1696,866,830,59,10,375,0
90,1787264313,21,1736,879,857,63,23,387,0
90,1787264313,22,1784,909,875,61,13,420,0
90,1787264313,23,1839,942,897,68,13,430,0
90,1787264313,24,1896,982,914,74,17,424,6
90,1787264313,25,1932,991,941,53,17,440,0
90,1787264313,26,1969,1013,956,52,15,450,0
90,1787264313,27,2004,1030,974,53,18,440,10
90,1787264313,28,2043,1052,991,55,16,461,0
90,1787264313,29,2059,1062,997,43,27,467,0
90,1787264313,30,2070,1073,997,29,18,495,0
90,1787264313,31,2108,1089,1019,54,16,502,0
90,1787264313,32,2135,1108,1027,52,25,512,0
90,1787264313,33,2173,1121,1052,51,13,526,0
90,1787264313,34,2220,1145,1075,64,17,546,0
90,1787264313,35,2268,1173,1095,61,13,562,0
90,1787264313,36,2331,1202,1129,78,15,579,0
90,1787264313,37,2381,1223,1158,65,15,591,0
90,1787264313,38,2428,1246,1182,54,7,586,5
90,1787264313,39,2484,1275,1209,62,6,623,0
90,1787264313,40,2547,1310,1237,82,19,618,5
90,1787264313,41,2623,1344,1279,82,6,633,0
90,1787264313,42,2698,1376,1322,85,10,651,0
90,1787264313,43,2768,1412,1356,77,7,670,0
90,1787264313,44,2825,1440,1385,77,20,688,0
90,1787264313,45,2883,1471,1412,71,13,706,0
90,1787264313,46,2954,1509,1445,82,11,716,0
90,1787264313,47,2984,1522,1462,41,11,722,0
90,1787264313,48,3046,1553,1493,72,10,720,2
90,1787264313,49,3111,1587,1524,73,8,761,0
90,1787264313,50,3175,1616,1559,69,5,814,0
90,1787264313,51,3238,1651,1587,78,15,817,0
90,1787264313,52,3311,1690,1621,77,4,830,0
90,1787264313,53,3379,1721,1658,82,14,836,0
90,1787264313,54,3431,1751,1680,78,26,868,0
90,1787264313,55,3493,1780,1713,82,20,915,0
90,1787264313,56,3547,1802,1745,75,21,938,0
90,1787264313,57,3649,1855,1794,116,14,957,0
90,1787264313,58,3720,1893,1827,92,21,923,34
90,1787264313,59,3826,1939,1887,117,11,976,0
90,1787264313,60,3910,1986,1924,106,22,986,0
90,1787264313,61,3995,2031,1964,103,18,993,0
90,1787264313,62,4100,2084,2016,116,11,1046,0
90,1787264313,63,4186,2131,2055,101,15,1053,0
90,1787264313,64,4258,2151,2107,97,25,1074,0
90,1787264313,65,4320,2181,2139,83,21,1072,2
90,1787264313,66,4387,2211,2176,89,22,1101,0
90,1787264313,67,4482,2264,2218,116,21,1132,0
90,1787264313,68,4555,2309,2246,96,23,1149,0
90,1787264313,69,4655,2359,2296,119,19,1167,0
90,1787264313,70,4706,2387,2319,74,23,1164,3
90,1787264313,71,4791,2427,2364,105,20,1217,0
90,1787264313,72,4891,2482,2409,115,15,1218,0
90,1787264313,73,5010,2540,2470,131,12,1252,0
90,1787264313,74,5094,2581,2513,101,17,1270,0
90,1787264313,75,5213,2635,2578,128,9,1319,0
90,1787264313,76,5347,2705,2642,143,9,1356,0
90,1787264313,77,5443,2754,2689,113,17,1380,0
90,1787264313,78,5538,2804,2734,117,22,1394,0
90,1787264313,79,5634,2844,2790,135,39,1438,0
90,1787264313,80,5755,2908,2847,150,29,1428,10
90,1787264313,81,5865,2954,2911,156,46,1456,0
90,1787264313,82,5984,3015,2969,153,34,1503,0
90,1787264313,83,6047,3050,2997,116,53,1508,0
90,1787264313,84,6172,3111,3061,162,37,1545,0
90,1787264313,85,6326,3178,3148,171,17,1571,0
90,1787264313,86,6441,3229,3212,138,23,1626,0
90,1787264313,87,6555,3282,3273,140,26,1639,0
90,1787264313,88,6647,3326,3321,127,35,1662,0
90,1787264313,89,6781,3385,3396,167,33,1704,0
90,1787264313,90,6932,3466,3466,183,32,1729,0
90,1787264313,91,6997,3506,3491,121,56,1737,0
90,1787264313,92,7091,3553,3538,136,42,1734,3
90,1787264313,93,7195,3597,3598,139,35,1779,0
90,1787264313,94,7292,3648,3644,147,50,1854,0
90,1787264313,95,7445,3730,3715,199,46,1897,0
90,1787264313,96,7614,3814,3800,211,42,1909,0
90,1787264313,97,7507,3735,3772,180,287,1829,80
90,1787264313,98,7674,3820,3854,203,36,1932,0
90,1787264313,99,7597,3781,3816,195,272,1840,92
91,934620676,0,995,495,500,13,18,200,0
91,934620676,1,1071,541,530,96,20,238,0
91,934620676,2,1145,580,565,91,17,255,0
91,934620676,3,1200,615,585,71,16,259,0
91,934620676,4,1248,641,607,71,23,252,7
91,934620676,5,1273,641,632,40,15,253,0
91,934620676,6,1306,653,653,42,9,249,4
91,934620676,7,1346,674,672,50,10,240,9
91,934620676,8,1362,686,676,32,16,237,3
91,934620676,9,1376,693,683,33,19,244,0
91,934620676,10,1397,702,695,49,28,239,5
91,934620676,11,1409,710,699,25,13,216,23
91,934620676,12,1406,706,700,22,25,217,0
91,934620676,13,1419,712,707,32,19,235,0
91,934620676,14,1439,725,714,33,13,274,0
91,934620676,15,1450,737,713,31,20,301,0
91,934620676,16,1470,754,716,37,17,327,0
91,934620676,17,1508,767,741,50,12,342,0
91,934620676,18,1559,794,765,64,13,360,0
91,934620676,19,1621,830,791,76,14,376,0
91,934620676,20,1671,850,821,67,17,381,0
91,934620676,21,1727,877,850,65,9,384,0
91,934620676,22,1766,899,867,59,20,378,6
91,934620676,23,1823,926,897,67,10,392,0
91,934620676,24,1867,951,916,62,18,407,0
91,934620676,25,1935,970,965,86,18,415,0
91,934620676,26,1975,995,980,55,15,429,0
91,934620676,27,2032,1026,1006,74,17,430,0
91,934620676,28,2062,1038,1024,56,26,445,0
91,934620676,29,2101,1056,1045,51,12,447,0
91,934620676,30,2110,1053,1057,33,24,468,0
91,934620676,31,2150,1072,1078,53,13,477,0
91,934620676,32,2200,1096,1104,60,10,508,0
91,934620676,33,2235,1112,1123,46,11,531,0
91,934620676,34,2293,1130,1163,79,21,553,0
91,934620676,35,2346,1152,1194,69,16,570,0
91,934620676,36,2399,1176,1223,68,15,569,1
91,934620676,37,2480,1222,1258,92,11,610,0
91,934620676,38,2540,1262,1278,65,5,626,0
91,934620676,39,2619,1308,1311,85,6,668,0
91,934620676,40,2705,1351,1354,93,7,668,0
91,934620676,41,2780,1387,1393,83,8,686,0
91,934620676,42,2846,1420,1426,81,15,716,0
91,934620676,43,2931,1463,1468,104,19,724,0
91,934620676,44,2987,1490,1497,81,25,731,0
91,934620676,45,3024,1504,1520,66,29,737,0
91,934620676,46,3082,1525,1557,89,31,753,0
91,934620676,47,3136,1544,1592,79,25,786,0
91,934620676,48,3197,1580,1617,80,19,777,9
91,934620676,49,3259,1607,1652,85,23,798,0
91,934620676,50,3335,1645,1690,90,14,832,0
91,934620676,51,3416,1683,1733,92,11,860,0
91,934620676,52,3506,1736,1770,105,15,888,0
91,934620676,53,3587,1780,1807,92,11,895,0
91,934620676,54,3678,1831,1847,102,11,922,0
91,934620676,55,3792,1893,1899,126,12,970,0
91,934620676,56,3897,1936,1961,125,20,1023,0
91,934620676,57,4005,1990,2015,119,11,1026,0
91,934620676,58,4122,2041,2081,129,12,1062,0
91,934620676,59,4229,2096,2133,126,19,1034,28
91,934620676,60,4345,2155,2190,132,16,1077,0
91,934620676,61,4447,2206,2241,112,10,1085,0
91,934620676,62,4531,2248,2283,110,26,1132,0
91,934620676,63,4474,2225,2249,90,147,1111,21
91,934620676,64,4572,2263,2309,119,21,1176,0
91,934620676,65,4662,2304,2358,104,14,1213,0
91,934620676,66,4768,2362,2406,124,18,1232,0
91,934620676,67,4860,2411,2449,104,12,1246,0
91,934620676,68,4950,2466,2484,108,18,1257,0
91,934620676,69,5107,2547,2560,174,17,1332,0
91,934620676,70,5211,2594,2617,132,28,1321,11
91,934620676,71,5333,2645,2688,146,24,1370,0
91,934620676,72,5466,2713,2753,145,12,1414,0
91,934620676,73,5587,2774,2813,138,17,1407,7
91,934620676,74,5721,2841,2880,147,13,1436,0
91,934620676,75,5885,2926,2959,179,15,1486,0
91,934620676,76,6005,2990,3015,133,13,1470,16
91,934620676,77,6147,3059,3088,165,23,1505,0
91,934620676,78,6300,3129,3171,173,20,1540,0
91,934620676,79,6425,3202,3223,154,29,1560,0
91,934620676,80,6550,3272,3278,162,37,1593,0
91,934620676,81,6673,3329,3344,144,21,1661,0
91,934620676,82,6800,3394,3406,166,39,1664,0
91,934620676,83,6957,3473,3484,196,39,1739,0
91,934620676,84,7065,3526,3539,156,48,1771,0
91,934620676,85,7149,3573,3576,141,57,1789,0
91,934620676,86,7256,3623,3633,160,53,1809,0
91,934620676,87,7399,3694,3705,195,52,1860,0
91,934620676,88,7542,3748,3794,181,38,1899,0
91,934620676,89,7715,3824,3891,214,41,1943,0
91,934620676,90,7856,3894,3962,184,43,1963,0
91,934620676,91,8008,3977,4031,184,32,1980,0
91,934620676,92,8205,4058,4147,246,49,2058,0
91,934620676,93,8384,4133,4251,200,21,2138,0
91,934620676,94,8584,4231,4353,216,16,2149,0
91,934620676,95,8769,4311,4458,211,26,2217,0
91,934620676,96,8971,4402,4569,263,61,2280,0
91,934620676,97,9144,4502,4642,230,57,2276,4
91,934620676,98,9339,4594,4745,240,45,2327,0
91,934620676,99,9523,4683,4840,246,62,2339,0
92,1728218297,0,995,496,499,14,19,205,0
92,1728218297,1,1095,544,551,118,18,244,0
92,1728218297,2,1153,574,579,88,30,257,0
92,1728218297,3,1198,605,593,61,16,258,0
92,1728218297,4,1244,623,621,65,19,249,9
92,1728218297,5,1280,636,644,54,18,245,4
92,1728218297,6,1298,644,654,35,17,244,1
92,1728218297,7,1314,645,669,40,24,233,11
92,1728218297,8,1331,648,683,34,17,219,14
92,1728218297,9,1341,652,689,26,16,226,0
92,1728218297,10,1372,661,711,45,14,223,3
92,1728218297,11,1379,663,716,29,22,228,0
92,1728218297,12,1381,660,721,24,22,237,0
92,1728218297,13,1380,659,721,11,12,262,0
92,1728218297,14,1385,661,724,16,11,299,0
92,1728218297,15,1408,668,740,43,20,314,0
92,1728218297,16,1443,691,752,47,12,345,0
92,1728218297,17,1495,721,774,68,16,354,0
92,1728218297,18,1565,760,805,85,15,338,16
92,1728218297,19,1608,777,831,58,15,352,0
92,1728218297,20,1670,813,857,73,11,375,0
92,1728218297,21,1714,842,872,59,15,347,28
92,1728218297,22,1762,863,899,62,14,372,0
92,1728218297,23,1802,887,915,55,15,393,0
92,1728218297,24,1859,911,948,71,14,387,6
92,1728218297,25,1927,944,983,81,13,399,0
92,1728218297,26,1965,962,1003,63,25,396,3
92,1728218297,27,2005,978,1027,57,17,378,18
92,1728218297,28,2020,987,1033,32,17,407,0
92,1728218297,29,2056,1003,1053,45,9,423,0
92,1728218297,30,2082,1017,1065,52,26,462,0
92,1728218297,31,2147,1048,1099,83,18,483,0
92,1728218297,32,2192,1071,1121,54,9,479,4
92,1728218297,33,2256,1100,1156,74,10,526,0
92,1728218297,34,2303,1115,1188,65,18,536,0
92,1728218297,35,2348,1139,1209,59,14,549,0
92,1728218297,36,2403,1166,1237,68,13,566,0
92,1728218297,37,2452,1191,1261,65,16,565,1
92,1728218297,38,2439,1181,1258,74,87,557,8
92,1728218297,39,2486,1204,1282,62,15,610,0
92,1728218297,40,2535,1230,1305,69,20,624,0
92,1728218297,41,2613,1260,1353,85,7,657,0
92,1728218297,42,2669,1288,1381,68,12,659,0
92,1728218297,43,2729,1323,1406,76,16,688,0
92,1728218297,44,2797,1358,1439,79,11,696,0
92,1728218297,45,2863,1390,1473,74,8,725,0
92,1728218297,46,2937,1421,1516,89,15,753,0
92,1728218297,47,3004,1453,1551,79,12,769,0
92,1728218297,48,3073,1485,1588,78,9,772,0
92,1728218297,49,3138,1521,1617,75,10,803,0
92,1728218297,50,3224,1562,1662,106,20,815,0
92,1728218297,51,3283,1598,1685,66,7,839,0
92,1728218297,52,3326,1625,1701,57,14,830,9
92,1728218297,53,3386,1652,1734,77,17,887,0
92,1728218297,54,3471,1693,1778,104,19,876,11
92,1728218297,55,3550,1733,1817,94,15,899,0
92,1728218297,56,3615,1772,1843,83,18,936,0
92,1728218297,57,3724,1826,1898,124,15,949,0
92,1728218297,58,3831,1880,1951,121,14,974,0
92,1728218297,59,3931,1917,2014,113,13,1000,0
92,1728218297,60,4028,1974,2054,110,13,1004,0
92,1728218297,61,4130,2034,2096,114,12,1052,0
92,1728218297,62,4229,2080,2149,115,16,1086,0
92,1728218297,63,4317,2115,2202,98,10,1098,0
92,1728218297,64,4405,2160,2245,100,12,1127,0
92,1728218297,65,4524,2224,2300,129,10,1123,4
92,1728218297,66,4633,2277,2356,123,14,1164,0
92,1728218297,67,4724,2318,2406,111,20,1168,0
92,1728218297,68,4828,2376,2452,115,11,1202,0
92,1728218297,69,4928,2435,2493,116,16,1212,0
92,1728218297,70,5057,2482,2575,139,10,1257,0
92,1728218297,71,5164,2540,2624,123,16,1267,0
92,1728218297,72,5269,2593,2676,112,7,1312,0
92,1728218297,73,5396,2649,2747,142,15,1349,0
92,1728218297,74,5520,2712,2808,134,10,1397,0
92,1728218297,75,5650,2772,2878,137,7,1418,0
92,1728218297,76,5773,2830,2943,134,11,1477,0
92,1728218297,77,5897,2899,2998,141,17,1496,0
92,1728218297,78,5877,2885,2992,164,184,1425,71
92,1728218297,79,6012,2949,3063,150,15,1486,0
92,1728218297,80,6134,3017,3117,144,22,1497,0
92,1728218297,81,6255,3077,3178,145,24,1546,0
92,1728218297,82,6385,3146,3239,152,22,1574,0
92,1728218297,83,6531,3243,3288,172,26,1644,0
92,1728218297,84,6634,3285,3349,140,37,1673,0
92,1728218297,85,6728,3329,3399,136,42,1730,0
92,1728218297,86,6888,3412,3476,189,29,1660,70
92,1728218297,87,6998,3461,3537,141,31,1724,0
92,1728218297,88,7136,3540,3596,170,32,1789,0
92,1728218297,89,7283,3622,3661,174,27,1851,0
92,1728218297,90,7449,3713,3736,177,11,1894,0
92,1728218297,91,7612,3795,3817,175,12,1892,2
92,1728218297,92,7743,3866,3877,183,52,1903,0
92,1728218297,93,7874,3931,3943,148,17,1977,0
92,1728218297,94,8018,4004,4014,180,36,2004,0
92,1728218297,95,8180,4088,4092,203,41,2067,0
92,1728218297,96,8326,4161,4165,183,37,2110,0
92,1728218297,97,8511,4254,4257,225,40,2158,0
92,1728218297,98,8658,4335,4323,189,42,2208,0
92,1728218297,99,8834,4430,4404,206,30,2235,0
93,1807519524,0,1003,502,501,18,15,221,0
93,1807519524,1,1100,543,557,120,23,252,0
93,1807519524,2,1198,592,606,118,20,245,7
93,1807519524,3,1262,617,645,84,20,247,0
93,1807519524,4,1319,642,677,69,12,254,0
93,1807519524,5,1349,658,691,42,12,248,6
93,1807519524,6,1373,668,705,39,15,241,7
93,1807519524,7,1402,685,717,44,15,247,0
93,1807519524,8,1407,688,719,21,16,240,7
93,1807519524,9,1428,687,741,41,20,233,7
93,1807519524,10,1443,704,739,37,22,218,15
93,1807519524,11,1455,709,746,26,14,240,0
93,1807519524,12,1447,704,743,22,30,233,7
93,1807519524,13,1445,704,741,21,23,232,1
93,1807519524,14,1454,711,743,24,15,268,0
93,1807519524,15,1491,729,762,50,13,305,0
93,1807519524,16,1508,740,768,34,17,334,0
93,1807519524,17,1542,761,781,51,17,347,0
93,1807519524,18,1590,777,813,61,13,373,0
93,1807519524,19,1655,801,854,77,12,375,0
93,1807519524,20,1720,826,894,82,17,372,3
93,1807519524,21,1737,829,908,89,72,366,6
93,1807519524,22,1791,855,936,69,15,378,0
93,1807519524,23,1846,877,969,67,12,396,0
93,1807519524,24,1908,909,999,71,9,401,0
93,1807519524,25,1960,934,1026,61,9,406,0
93,1807519524,26,2004,956,1048,59,15,426,0
93,1807519524,27,1956,914,1042,42,90,387,39
93,1807519524,28,1987,933,1054,45,14,384,3
93,1807519524,29,1995,943,1052,29,21,389,0
93,1807519524,30,2026,956,1070,42,11,414,0
93,1807519524,31,2061,975,1086,45,10,422,0
93,1807519524,32,2083,987,1096,42,20,453,0
93,1807519524,33,2111,1002,1109,43,15,488,0
93,1807519524,34,2174,1037,1137,76,13,504,0
93,1807519524,35,2247,1072,1175,86,13,514,0
93,1807519524,36,2316,1113,1203,95,26,536,0
93,1807519524,37,2370,1142,1228,69,15,552,0
93,1807519524,38,2445,1179,1266,89,14,590,0
93,1807519524,39,2535,1226,1309,109,19,609,0
93,1807519524,40,2612,1259,1353,97,20,610,0
93,1807519524,41,2689,1299,1390,89,12,623,0
93,1807519524,42,2778,1353,1425,100,11,647,0
93,1807519524,43,2846,1383,1463,81,13,664,0
93,1807519524,44,2894,1415,1479,64,16,643,21
93,1807519524,45,2982,1455,1527,97,9,691,0
93,1807519524,46,3043,1482,1561,74,13,695,0
93,1807519524,47,3101,1511,1590,78,20,717,0
93,1807519524,48,3167,1543,1624,82,16,728,0
93,1807519524,49,3225,1579,1646,69,11,776,0
93,1807519524,50,3281,1609,1672,71,15,816,0
93,1807519524,51,3362,1666,1696,94,13,845,0
93,1807519524,52,3442,1706,1736,89,9,888,0
93,1807519524,53,3516,1732,1784,89,15,892,0
93,1807519524,54,3589,1768,1821,90,17,939,0
93,1807519524,55,3700,1831,1869,129,18,959,0
93,1807519524,56,3817,1891,1926,131,14,986,0
93,1807519524,57,3920,1951,1969,121,18,1013,0
93,1807519524,58,4008,1991,2017,104,16,1025,0
93,1807519524,59,4127,2041,2086,127,8,1050,0
93,1807519524,60,4217,2080,2137,104,14,1094,0
93,1807519524,61,4306,2123,2183,110,21,1102,0
93,1807519524,62,4394,2181,2213,102,14,1115,0
93,1807519524,63,4493,2228,2265,116,17,1130,0
93,1807519524,64,4583,2270,2313,102,12,1162,0
93,1807519524,65,4680,2334,2346,109,12,1197,0
93,1807519524,66,4818,2405,2413,141,3,1232,0
93,1807519524,67,4931,2464,2467,124,11,1250,0
93,1807519524,68,5040,2512,2528,131,22,1255,0
93,1807519524,69,5173,2586,2587,155,22,1312,0
93,1807519524,70,5293,2654,2639,136,16,1329,0
93,1807519524,71,5403,2700,2703,127,17,1405,0
93,1807519524,72,5531,2767,2764,145,17,1420,0
93,1807519524,73,5635,2816,2819,122,18,1444,0
93,1807519524,74,5739,2875,2864,127,23,1454,0
93,1807519524,75,5868,2939,2929,151,22,1486,0
93,1807519524,76,6008,3017,2991,154,14,1497,0
93,1807519524,77,6161,3084,3077,175,22,1519,0
93,1807519524,78,6276,3133,3143,136,21,1579,0
93,1807519524,79,6428,3204,3224,179,27,1623,0
93,1807519524,80,6577,3281,3296,175,26,1633,0
93,1807519524,81,6731,3356,3375,170,16,1679,0
93,1807519524,82,6873,3425,3448,164,22,1709,0
93,1807519524,83,7005,3496,3509,160,28,1746,0
93,1807519524,84,7141,3576,3565,176,40,1757,0
93,1807519524,85,7255,3638,3617,169,55,1818,0
93,1807519524,86,7385,3699,3686,172,42,1807,11
93,1807519524,87,7491,3751,3740,157,51,1873,0
93,1807519524,88,7634,3824,3810,181,38,1894,0
93,1807519524,89,7775,3892,3883,176,35,1929,0
93,1807519524,90,7941,3988,3953,196,30,1983,0
93,1807519524,91,8095,4063,4032,190,36,2036,0
93,1807519524,92,8288,4166,4122,220,27,2122,0
93,1807519524,93,8451,4248,4203,196,33,2131,0
93,1807519524,94,8641,4338,4303,233,43,2176,0
93,1807519524,95,8802,4411,4391,222,61,2223,0
93,1807519524,96,8919,4463,4456,203,86,2237,0
93,1807519524,97,9048,4534,4514,204,75,2281,0
93,1807519524,98,9211,4630,4581,238,75,2333,0
93,1807519524,99,9395,4731,4664,242,58,2339,0
94,832103482,0,1006,501,505,19,13,237,0
94,832103482,1,1092,548,544,101,15,280,0
94,832103482,2,1184,598,586,107,15,276,4
94,832103482,3,1233,622,611,73,24,284,0
94,832103482,4,1311,659,652,84,6,276,8
94,832103482,5,1363,677,686,62,10,274,2
94,832103482,6,1389,688,701,36,10,259,15
94,832103482,7,1413,697,716,31,7,251,8
94,832103482,8,1435,706,729,39,17,256,0
94,832103482,9,1441,709,732,19,13,252,4
94,832103482,10,1462,717,745,31,10,253,0
94,832103482,11,1464,721,743,18,16,260,0
94,832103482,12,1469,725,744,34,29,254,6
94,832103482,13,1474,727,747,33,28,256,0
94,832103482,14,1474,725,749,21,21,304,0
94,832103482,15,1493,730,763,39,20,328,0
94,832103482,16,1532,750,782,52,13,346,0
94,832103482,17,1580,777,803,66,18,360,0
94,832103482,18,1666,819,847,96,10,362,0
94,832103482,19,1666,802,864,69,69,363,0
94,832103482,20,1706,823,883,54,14,379,0
94,832103482,21,1782,862,920,89,13,393,0
94,832103482,22,1822,887,935,60,20,401,0
94,832103482,23,1879,926,953,73,16,404,0
94,832103482,24,1936,951,985,72,15,411,0
94,832103482,25,1920,917,1003,78,94,339,72
94,832103482,26,1974,944,1030,71,17,370,0
94,832103482,27,2017,969,1048,54,11,380,0
94,832103482,28,2043,981,1062,44,18,399,0
94,832103482,29,2054,988,1066,34,23,411,0
94,832103482,30,2097,1016,1081,51,8,443,0
94,832103482,31,2135,1038,1097,54,16,478,0
94,832103482,32,2169,1053,1116,42,8,495,0
94,832103482,33,2230,1080,1150,76,15,511,0
94,832103482,34,2302,1122,1180,89,17,526,0
94,832103482,35,2363,1148,1215,76,15,520,6
94,832103482,36,2427,1180,1247,76,12,559,0
94,832103482,37,2500,1213,1287,76,3,576,0
94,832103482,38,2573,1252,1321,86,13,596,0
94,832103482,39,2661,1293,1368,97,9,621,0
94,832103482,40,2729,1334,1395,82,14,635,0
94,832103482,41,2797,1371,1426,85,17,638,0
94,832103482,42,2878,1416,1462,95,14,674,0
94,832103482,43,2960,1463,1497,98,16,691,0
94,832103482,44,2967,1474,1493,109,102,698,0
94,832103482,45,3036,1512,1524,83,14,722,0
94,832103482,46,3105,1551,1554,80,11,734,0
94,832103482,47,3169,1579,1590,71,7,764,0
94,832103482,48,3240,1611,1629,77,6,796,0
94,832103482,49,3308,1650,1658,80,12,831,0
94,832103482,50,3394,1697,1697,98,12,832,0
94,832103482,51,3483,1743,1740,97,8,880,0
94,832103482,52,3573,1784,1789,97,7,949,0
94,832103482,53,3668,1833,1835,100,5,954,0
94,832103482,54,3749,1879,1870,88,7,973,0
94,832103482,55,3858,1941,1917,116,7,991,0
94,832103482,56,3956,1990,1966,107,9,1017,0
94,832103482,57,4082,2057,2025,139,13,1050,0
94,832103482,58,4164,2098,2066,95,13,1041,9
94,832103482,59,4280,2159,2121,132,16,1019,22
94,832103482,60,4377,2206,2171,107,10,1075,0
94,832103482,61,4477,2248,2229,114,14,1076,0
94,832103482,62,4573,2303,2270,108,12,1158,0
94,832103482,63,4679,2356,2323,115,9,1153,5
94,832103482,64,4769,2401,2368,102,12,1195,0
94,832103482,65,4860,2446,2414,105,14,1254,0
94,832103482,66,5000,2522,2478,156,16,1273,0
94,832103482,67,5094,2560,2534,112,18,1272,1
94,832103482,68,5201,2616,2585,120,13,1290,0
94,832103482,69,5330,2681,2649,147,18,1334,0
94,832103482,70,5487,2754,2733,168,11,1356,0
94,832103482,71,5616,2821,2795,139,10,1414,0
94,832103482,72,5713,2878,2835,114,17,1419,0
94,832103482,73,5853,2945,2908,160,20,1471,0
94,832103482,74,5997,3004,2993,161,17,1505,0
94,832103482,75,5856,2823,3033,154,295,1312,193
94,832103482,76,5983,2891,3092,135,8,1428,0
94,832103482,77,6102,2953,3149,132,13,1445,0
94,832103482,78,6215,3006,3209,132,19,1489,0
94,832103482,79,6323,3057,3266,123,15,1521,0
94,832103482,80,6442,3112,3330,141,22,1557,0
94,832103482,81,6568,3171,3397,147,21,1623,0
94,832103482,82,6550,3163,3387,202,220,1536,87
94,832103482,83,6697,3234,3463,185,38,1609,0
94,832103482,84,6831,3324,3507,178,44,1650,0
94,832103482,85,6962,3389,3573,158,27,1680,0
94,832103482,86,7117,3478,3639,177,22,1732,0
94,832103482,87,7261,3529,3732,180,36,1801,0
94,832103482,88,7449,3620,3829,211,23,1830,0
94,832103482,89,7629,3711,3918,206,26,1836,0
94,832103482,90,7810,3802,4008,210,29,1878,0
94,832103482,91,7993,3891,4102,207,24,1877,1
94,832103482,92,8164,3982,4182,197,26,1916,0
94,832103482,93,8321,4060,4261,196,39,1952,0
94,832103482,94,8094,3943,4151,169,396,1883,69
94,832103482,95,8265,4025,4240,199,28,1942,0
94,832103482,96,8425,4106,4319,195,35,2026,0
94,832103482,97,8614,4197,4417,220,31,2086,0
94,832103482,98,8801,4288,4513,221,34,2192,0
94,832103482,99,8984,4390,4594,229,46,2232,0
95,1928628490,0,999,495,504,21,22,230,0
95,1928628490,1,1100,548,552,112,11,266,0
95,1928628490,2,1188,588,600,95,7,273,0
95,1928628490,3,1264,630,634,93,17,271,2
95,1928628490,4,1226,608,618,97,135,224,47
95,1928628490,5,1266,636,630,53,13,231,0
95,1928628490,6,1292,649,643,40,14,232,0
95,1928628490,7,1302,655,647,34,24,232,0
95,1928628490,8,1331,664,667,43,14,225,7
95,1928628490,9,1347,672,675,27,11,213,12
95,1928628490,10,1367,685,682,32,12,205,8
95,1928628490,11,1375,685,690,19,11,219,0
95,1928628490,12,1381,687,694,21,15,227,0
95,1928628490,13,1388,694,694,18,11,256,0
95,1928628490,14,1405,699,706,27,10,288,0
95,1928628490,15,1437,709,728,43,11,303,0
95,1928628490,16,1476,728,748,51,12,333,0
95,1928628490,17,1511,748,763,58,23,366,0
95,1928628490,18,1558,771,787,62,15,374,0
95,1928628490,19,1637,796,841,89,10,376,0
95,1928628490,20,1615,752,863,69,91,337,39
95,1928628490,21,1699,794,905,90,6,348,0
95,1928628490,22,1755,832,923,76,20,359,0
95,1928628490,23,1802,850,952,54,7,361,0
95,1928628490,24,1856,875,981,65,11,382,0
95,1928628490,25,1900,899,1001,56,12,375,7
95,1928628490,26,1955,929,1026,65,10,381,0
95,1928628490,27,2002,952,1050,59,12,387,0
95,1928628490,28,2026,960,1066,36,12,408,0
95,1928628490,29,2059,980,1079,44,11,418,0
95,1928628490,30,2101,1007,1094,56,14,422,0
95,1928628490,31,2124,1020,1104,40,17,452,0
95,1928628490,32,2176,1046,1130,64,12,466,0
95,1928628490,33,2207,1065,1142,46,15,487,0
95,1928628490,34,2251,1087,1164,61,17,518,0
95,1928628490,35,2334,1132,1202,94,11,553,0
95,1928628490,36,2407,1170,1237,85,12,563,0
95,1928628490,37,2494,1219,1275,93,6,588,0
95,1928628490,38,2585,1257,1328,109,18,616,0
95,1928628490,39,2648,1289,1359,76,13,628,0
95,1928628490,40,2739,1334,1405,105,14,651,0
95,1928628490,41,2817,1375,1442,93,15,661,0
95,1928628490,42,2884,1416,1468,79,12,698,0
95,1928628490,43,2991,1472,1519,120,13,694,4
95,1928628490,44,3046,1499,1547,70,15,683,11
95,1928628490,45,3111,1539,1572,81,16,701,0
95,1928628490,46,3175,1570,1605,82,18,748,0
95,1928628490,47,3223,1600,1623,66,18,759,0
95,1928628490,48,3285,1639,1646,81,19,802,0
95,1928628490,49,3343,1677,1666,78,20,813,0
95,1928628490,50,3403,1709,1694,79,19,837,0
95,1928628490,51,3473,1736,1737,97,27,862,0
95,1928628490,52,3558,1769,1789,105,20,889,0
95,1928628490,53,3644,1812,1832,103,17,952,0
95,1928628490,54,3740,1860,1880,107,11,970,0
95,1928628490,55,3864,1922,1942,135,11,992,0
95,1928628490,56,3957,1964,1993,107,14,1026,0
95,1928628490,57,4048,2003,2045,108,17,1014,12
95,1928628490,58,4167,2056,2111,133,14,1075,0
95,1928628490,59,4278,2104,2174,130,19,1096,0
95,1928628490,60,4369,2153,2216,104,13,1105,0
95,1928628490,61,4468,2205,2263,121,22,1118,0
95,1928628490,62,4558,2252,2306,108,18,1149,0
95,1928628490,63,4635,2294,2341,93,16,1153,0
95,1928628490,64,4558,2265,2293,112,189,1146,7
95,1928628490,65,4668,2322,2346,123,13,1186,0
95,1928628490,66,4758,2373,2385,104,14,1245,0
95,1928628490,67,4640,2229,2411,103,221,1118,127
95,1928628490,68,4736,2276,2460,114,18,1173,0
95,1928628490,69,4847,2327,2520,125,14,1184,0
95,1928628490,70,4967,2387,2580,134,14,1221,0
95,1928628490,71,5110,2465,2645,148,5,1236,0
95,1928628490,72,5233,2539,2694,137,14,1310,0
95,1928628490,73,5324,2588,2736,110,19,1324,0
95,1928628490,74,5462,2652,2810,151,13,1375,0
95,1928628490,75,5614,2736,2878,163,11,1369,6
95,1928628490,76,5728,2794,2934,121,7,1400,0
95,1928628490,77,5863,2858,3005,146,11,1437,0
95,1928628490,78,5999,2931,3068,154,18,1478,0
95,1928628490,79,6126,2997,3129,143,16,1505,0
95,1928628490,80,6256,3060,3196,150,20,1537,0
95,1928628490,81,6384,3133,3251,149,21,1549,0
95,1928628490,82,6538,3210,3328,184,30,1562,0
95,1928628490,83,6642,3257,3385,146,42,1614,0
95,1928628490,84,6762,3320,3442,147,27,1659,0
95,1928628490,85,6896,3398,3498,148,14,1688,0
95,1928628490,86,7032,3458,3574,149,13,1734,0
95,1928628490,87,7196,3529,3667,176,12,1779,0
95,1928628490,88,7334,3606,3728,160,22,1797,0
95,1928628490,89,7469,3671,3798,162,27,1815,0
95,1928628490,90,7638,3740,3898,191,22,1857,0
95,1928628490,91,7811,3818,3993,203,30,1921,0
95,1928628490,92,7968,3905,4063,190,33,1974,0
95,1928628490,93,8177,4004,4173,238,29,1992,0
95,1928628490,94,8337,4077,4260,186,26,2083,0
95,1928628490,95,8518,4161,4357,212,31,2126,0
95,1928628490,96,8728,4277,4451,244,34,2145,0
95,1928628490,97,8879,4358,4521,194,43,2155,0
95,1928628490,98,9045,4433,4612,208,42,2203,0
95,1928628490,99,9199,4510,4689,193,39,2243,0
96,619179887,0,1000,506,494,17,17,235,0
96,619179887,1,1107,562,545,119,12,262,0
96,619179887,2,1153,578,575,75,29,262,0
96,619179887,3,1208,603,605,86,31,254,8
96,619179887,4,1246,632,614,62,24,235,19
96,619179887,5,1280,650,630,56,22,226,9
96,619179887,6,1312,658,654,51,19,237,0
96,619179887,7,1326,670,656,33,19,231,6
96,619179887,8,1338,678,660,26,14,238,0
96,619179887,9,1358,688,670,32,12,240,0
96,619179887,10,1381,696,685,36,13,239,1
96,619179887,11,1389,699,690,25,17,235,4
96,619179887,12,1390,696,694,16,15,217,18
96,619179887,13,1390,697,693,11,11,238,0
96,619179887,14,1401,699,702,29,18,266,0
96,619179887,15,1441,718,723,51,11,314,0
96,619179887,16,1472,737,735,48,17,323,0
96,619179887,17,1523,755,768,69,18,351,0
96,619179887,18,1579,771,808,76,20,376,0
96,619179887,19,1640,795,845,73,12,379,0
96,619179887,20,1692,824,868,66,14,391,0
96,619179887,21,1744,843,901,68,16,403,0
96,619179887,22,1807,873,934,74,11,422,0
96,619179887,23,1850,898,952,60,17,416,6
96,619179887,24,1911,927,984,73,12,420,0
96,619179887,25,1972,959,1013,72,11,444,0
96,619179887,26,2025,983,1042,67,14,442,2
96,619179887,27,2083,1009,1074,61,3,449,0
96,619179887,28,2130,1035,1095,58,11,448,1
96,619179887,29,2159,1049,1110,37,8,466,0
96,619179887,30,2196,1063,1133,47,10,490,0
96,619179887,31,2224,1074,1150,55,27,514,0
96,619179887,32,2271,1095,1176,60,13,524,0
96,619179887,33,2315,1111,1204,61,17,529,0
96,619179887,34,2365,1141,1224,65,15,556,0
96,619179887,35,2417,1159,1258,75,23,585,0
96,619179887,36,2458,1174,1284,59,18,583,2
96,619179887,37,2516,1204,1312,74,16,605,0
96,619179887,38,2572,1240,1332,71,15,635,0
96,619179887,39,2665,1287,1378,106,13,633,2
96,619179887,40,2761,1336,1425,110,14,661,0
96,619179887,41,2843,1384,1459,96,14,683,0
96,619179887,42,2933,1431,1502,106,16,693,0
96,619179887,43,3016,1463,1553,96,13,715,0
96,619179887,44,3093,1506,1587,93,16,732,0
96,619179887,45,3168,1538,1630,87,12,738,0
96,619179887,46,3253,1578,1675,98,13,741,0
96,619179887,47,3307,1608,1699,66,12,775,0
96,619179887,48,3388,1645,1743,99,18,796,0
96,619179887,49,3456,1682,1774,86,18,813,0
96,619179887,50,3516,1717,1799,79,19,849,0
96,619179887,51,3576,1749,1827,91,31,837,12
96,619179887,52,3646,1771,1875,88,18,874,0
96,619179887,53,3713,1797,1916,94,27,906,0
96,619179887,54,3793,1843,1950,97,17,952,0
96,619179887,55,3870,1889,1981,99,22,988,0
96,619179887,56,3946,1933,2013,85,9,1037,0
96,619179887,57,4056,1989,2067,121,11,1053,0
96,619179887,58,4166,2045,2121,133,23,1074,0
96,619179887,59,4265,2087,2178,115,16,1093,0
96,619179887,60,4380,2148,2232,135,20,1107,0
96,619179887,61,4488,2199,2289,126,18,1143,0
96,619179887,62,4626,2267,2359,145,7,1173,0
96,619179887,63,4731,2325,2406,117,12,1183,0
96,619179887,64,4865,2386,2479,137,3,1202,0
96,619179887,65,4957,2429,2528,110,18,1211,0
96,619179887,66,5047,2477,2570,109,19,1231,0
96,619179887,67,5174,2540,2634,140,13,1282,0
96,619179887,68,5300,2599,2701,133,7,1301,0
96,619179887,69,5427,2656,2771,146,19,1344,0
96,619179887,70,5510,2700,2810,108,25,1347,0
96,619179887,71,5615,2753,2862,138,33,1382,0
96,619179887,72,5744,2801,2943,150,21,1437,0
96,619179887,73,5862,2873,2989,133,15,1467,0
96,619179887,74,5994,2938,3056,149,17,1515,0
96,619179887,75,6133,3008,3125,168,29,1557,0
96,619179887,76,6233,3055,3178,120,20,1590,0
96,619179887,77,6362,3123,3239,159,30,1589,1
96,619179887,78,6506,3210,3296,170,26,1650,0
96,619179887,79,6650,3295,3355,178,34,1688,0
96,619179887,80,6799,3373,3426,183,34,1728,0
96,619179887,81,6960,3461,3499,193,32,1745,0
96,619179887,82,6778,3381,3397,184,366,1661,84
96,619179887,83,6898,3445,3453,156,36,1736,0
96,619179887,84,7023,3507,3516,163,38,1767,0
96,619179887,85,7164,3570,3594,175,34,1771,0
96,619179887,86,7278,3622,3656,160,46,1844,0
96,619179887,87,7393,3672,3721,138,23,1908,0
96,619179887,88,7220,3609,3611,182,355,1826,82
96,619179887,89,7364,3674,3690,175,31,1875,0
96,619179887,90,7204,3584,3620,194,354,1853,22
96,619179887,91,7350,3671,3679,173,27,1877,0
96,619179887,92,7514,3753,3761,197,33,1961,0
96,619179887,93,7661,3829,3832,183,36,2000,0
96,619179887,94,7850,3930,3920,224,35,2063,0
96,619179887,95,8035,4024,4011,204,19,2098,0
96,619179887,96,8231,4116,4115,210,14,2099,0
96,619179887,97,8388,4191,4197,189,32,2185,0
96,619179887,98,8517,4260,4257,173,44,2203,0
96,619179887,99,8688,4341,4347,214,43,2257,0
97,514446424,0,986,494,492,8,22,218,0
97,514446424,1,1089,547,542,119,16,277,0
97,514446424,2,1196,599,597,116,9,287,0
97,514446424,3,1259,636,623,83,20,277,10
97,514446424,4,1293,649,644,50,16,274,3
97,514446424,5,1326,665,661,57,24,257,17
97,514446424,6,1375,690,685,61,12,252,5
97,514446424,7,1417,713,704,53,11,251,1
97,514446424,8,1443,724,719,41,15,245,6
97,514446424,9,1446,724,722,23,20,234,11
97,514446424,10,1461,728,733,26,11,242,0
97,514446424,11,1468,735,733,23,16,258,0
97,514446424,12,1480,743,737,26,14,249,9
97,514446424,13,1487,748,739,23,16,263,0
97,514446424,14,1501,755,746,28,14,297,0
97,514446424,15,1527,770,757,40,14,325,0
97,514446424,16,1543,779,764,37,21,339,0
97,514446424,17,1575,794,781,48,16,359,0
97,514446424,18,1640,824,816,78,13,384,0
97,514446424,19,1620,831,789,84,104,375,9
97,514446424,20,1709,871,838,101,12,391,0
97,514446424,21,1751,887,864,60,18,418,0
97,514446424,22,1814,919,895,78,15,414,4
97,514446424,23,1882,948,934,80,12,427,0
97,514446424,24,1949,980,969,74,7,437,0
97,514446424,25,2002,1015,987,65,12,427,10
97,514446424,26,2042,1038,1004,53,13,434,0
97,514446424,27,2080,1052,1028,48,10,436,0
97,514446424,28,2096,1058,1038,36,20,443,0
97,514446424,29,2138,1078,1060,53,11,471,0
97,514446424,30,2174,1100,1074,38,2,489,0
97,514446424,31,2213,1115,1098,42,3,530,0
97,514446424,32,2260,1144,1116,55,8,540,0
97,514446424,33,2315,1173,1142,67,12,566,0
97,514446424,34,2365,1199,1166,63,13,578,0
97,514446424,35,2421,1225,1196,66,10,608,0
97,514446424,36,2485,1256,1229,76,12,651,0
97,514446424,37,2592,1312,1280,114,7,668,0
97,514446424,38,2673,1364,1309,93,12,693,0
97,514446424,39,2761,1417,1344,103,15,691,2
97,514446424,40,2847,1469,1378,95,9,701,0
97,514446424,41,2928,1508,1420,94,13,732,0
97,514446424,42,3044,1565,1479,124,8,752,0
97,514446424,43,3123,1596,1527,94,15,736,16
97,514446424,44,3202,1641,1561,89,10,762,0
97,514446424,45,3262,1674,1588,77,17,778,0
97,514446424,46,3324,1704,1620,73,11,780,0
97,514446424,47,3381,1739,1642,75,18,787,0
97,514446424,48,3432,1760,1672,60,9,820,0
97,514446424,49,3514,1801,1713,94,12,843,0
97,514446424,50,3574,1827,1747,75,15,869,0
97,514446424,51,3643,1862,1781,79,10,908,0
97,514446424,52,3725,1902,1823,101,19,936,0
97,514446424,53,3825,1958,1867,108,8,964,0
97,514446424,54,3934,2012,1922,123,14,994,0
97,514446424,55,4010,2039,1971,94,18,1029,0
97,514446424,56,4102,2080,2022,111,19,1056,0
97,514446424,57,4217,2149,2068,132,17,1072,0
97,514446424,58,4335,2206,2129,136,18,1120,0
97,514446424,59,4481,2270,2211,155,9,1125,0
97,514446424,60,4585,2321,2264,113,9,1145,0
97,514446424,61,4709,2382,2327,133,9,1154,0
97,514446424,62,4788,2419,2369,89,10,1184,0
97,514446424,63,4870,2465,2405,90,8,1209,0
97,514446424,64,4974,2512,2462,110,6,1244,0
97,514446424,65,5056,2553,2503,100,18,1247,0
97,514446424,66,5163,2604,2559,122,15,1299,0
97,514446424,67,5283,2661,2622,138,18,1300,0
97,514446424,68,5398,2710,2688,127,12,1372,0
97,514446424,69,5519,2768,2751,135,14,1409,0
97,514446424,70,5673,2847,2826,167,13,1432,0
97,514446424,71,5803,2915,2888,147,17,1486,0
97,514446424,72,5953,2987,2966,162,12,1541,0
97,514446424,73,6104,3067,3037,162,11,1592,0
97,514446424,74,6247,3126,3121,156,13,1601,0
97,514446424,75,6385,3193,3192,158,20,1619,0
97,514446424,76,6520,3267,3253,156,21,1653,0
97,514446424,77,6438,3214,3224,163,245,1562,91
97,514446424,78,6559,3288,3271,142,21,1619,0
97,514446424,79,6692,3362,3330,155,22,1634,0
97,514446424,80,6814,3421,3393,149,27,1659,0
97,514446424,81,6972,3511,3461,193,35,1700,0
97,514446424,82,7102,3570,3532,156,26,1758,0
97,514446424,83,7252,3639,3613,165,15,1829,0
97,514446424,84,7386,3716,3670,174,40,1896,0
97,514446424,85,7521,3778,3743,169,34,1892,4
97,514446424,86,7716,3868,3848,217,22,1925,0
97,514446424,87,7863,3952,3911,185,38,1972,0
97,514446424,88,8011,4026,3985,189,41,1991,0
97,514446424,89,8223,4130,4093,231,19,2046,0
97,514446424,90,8397,4213,4184,200,26,2089,0
97,514446424,91,8538,4296,4242,173,32,2129,0
97,514446424,92,8736,4394,4342,239,41,2188,0
97,514446424,93,8917,4494,4423,210,29,2217,0
97,514446424,94,9116,4580,4536,234,35,2261,0
97,514446424,95,9287,4669,4618,210,39,2289,0
97,514446424,96,9034,4541,4493,220,473,2162,127
97,514446424,97,9236,4643,4593,222,20,2275,0
97,514446424,98,9469,4744,4725,268,35,2299,0
97,514446424,99,9671,4857,4814,240,38,2404,0
98,1465647933,0,991,493,498,13,22,210,0
98,1465647933,1,1095,533,562,121,17,262,0
98,1465647933,2,1174,571,603,96,17,267,0
98,1465647933,3,1248,613,635,88,14,277,0
98,1465647933,4,1321,651,670,87,14,269,8
98,1465647933,5,1365,677,688,58,14,259,10
98,1465647933,6,1385,684,701,39,19,253,6
98,1465647933,7,1396,688,708,32,21,245,8
98,1465647933,8,1401,690,711,30,25,246,0
98,1465647933,9,1411,694,717,30,20,239,7
98,1465647933,10,1419,701,718,19,11,237,2
98,1465647933,11,1438,711,727,36,17,220,17
98,1465647933,12,1442,711,731,18,14,227,0
98,1465647933,13,1439,711,728,20,23,235,0
98,1465647933,14,1453,721,732,29,15,268,0
98,1465647933,15,1487,743,744,43,9,318,0
98,1465647933,16,1510,755,755,38,15,346,0
98,1465647933,17,1580,785,795,84,14,366,0
98,1465647933,18,1643,813,830,72,9,377,0
98,1465647933,19,1705,844,861,75,13,395,0
98,1465647933,20,1778,882,896,89,16,419,0
98,1465647933,21,1848,922,926,89,19,411,8
98,1465647933,22,1913,959,954,76,11,412,0
98,1465647933,23,1981,985,996,84,16,424,0
98,1465647933,24,2044,1019,1025,78,15,422,2
98,1465647933,25,2093,1047,1046,68,19,421,1
98,1465647933,26,2131,1061,1070,53,15,437,0
98,1465647933,27,2166,1070,1096,54,19,448,0
98,1465647933,28,2211,1098,1113,61,16,459,0
98,1465647933,29,2242,1113,1129,45,14,469,0
98,1465647933,30,2263,1125,1138,39,18,505,0
98,1465647933,31,2307,1144,1163,56,12,507,0
98,1465647933,32,2359,1168,1191,63,11,534,0
98,1465647933,33,2402,1181,1221,59,16,571,0
98,1465647933,34,2461,1207,1254,73,14,625,0
98,1465647933,35,2512,1237,1275,66,15,639,0
98,1465647933,36,2586,1272,1314,87,13,654,0
98,1465647933,37,2639,1298,1341,80,27,696,0
98,1465647933,38,2722,1343,1379,102,19,706,0
98,1465647933,39,2796,1383,1413,97,23,728,0
98,1465647933,40,2876,1414,1462,98,18,732,0
98,1465647933,41,2943,1448,1495,79,12,742,0
98,1465647933,42,3032,1495,1537,104,15,746,0
98,1465647933,43,3108,1525,1583,91,15,761,0
98,1465647933,44,3173,1554,1619,88,23,788,0
98,1465647933,45,3245,1588,1657,83,11,798,0
98,1465647933,46,3304,1624,1680,68,9,843,0
98,1465647933,47,3390,1682,1708,91,5,851,0
98,1465647933,48,3457,1726,1731,73,6,881,0
98,1465647933,49,3541,1763,1778,95,11,894,0
98,1465647933,50,3634,1813,1821,107,14,914,0
98,1465647933,51,3703,1842,1861,84,15,924,0
98,1465647933,52,3770,1884,1886,84,17,968,0
98,1465647933,53,3889,1945,1944,128,9,993,0
98,1465647933,54,3988,1996,1992,114,15,1035,0
98,1465647933,55,4080,2043,2037,97,5,1020,15
98,1465647933,56,4183,2088,2095,110,7,1058,0
98,1465647933,57,4283,2135,2148,109,9,1149,0
98,1465647933,58,4418,2188,2230,147,12,1129,20
98,1465647933,59,4521,2243,2278,118,15,1146,0
98,1465647933,60,4618,2294,2324,109,12,1184,0
98,1465647933,61,4746,2366,2380,141,13,1225,0
98,1465647933,62,4877,2424,2453,143,12,1255,0
98,1465647933,63,5003,2479,2524,147,21,1266,0
98,1465647933,64,5086,2519,2567,115,32,1280,0
98,1465647933,65,5192,2571,2621,119,13,1285,0
98,1465647933,66,5046,2406,2640,119,265,1155,130
98,1465647933,67,5160,2464,2696,128,14,1178,0
98,1465647933,68,5265,2517,2748,116,11,1231,0
98,1465647933,69,5361,2559,2802,109,13,1252,0
98,1465647933,70,5459,2610,2849,112,14,1310,0
98,1465647933,71,5550,2653,2897,108,17,1337,0
98,1465647933,72,5670,2719,2951,136,16,1391,0
98,1465647933,73,5813,2782,3031,156,13,1407,0
98,1465647933,74,5964,2863,3101,161,10,1441,0
98,1465647933,75,6106,2936,3170,157,15,1478,0
98,1465647933,76,6235,3011,3224,147,18,1515,0
98,1465647933,77,6337,3074,3263,121,19,1549,0
98,1465647933,78,6490,3139,3351,177,24,1551,0
98,1465647933,79,6666,3229,3437,197,21,1623,0
98,1465647933,80,6831,3316,3515,187,22,1660,0
98,1465647933,81,6959,3392,3567,154,26,1682,0
98,1465647933,82,6821,3225,3596,171,309,1538,144
98,1465647933,83,6961,3298,3663,168,28,1533,5
98,1465647933,84,7115,3359,3756,188,34,1556,0
98,1465647933,85,7268,3438,3830,175,22,1602,0
98,1465647933,86,7376,3497,3879,140,32,1669,0
98,1465647933,87,7498,3569,3929,153,31,1730,0
98,1465647933,88,7645,3637,4008,181,34,1776,0
98,1465647933,89,7784,3718,4066,161,22,1800,0
98,1465647933,90,7949,3807,4142,192,27,1820,0
98,1465647933,91,8125,3889,4236,209,33,1904,0
98,1465647933,92,8271,3960,4311,187,41,1948,0
98,1465647933,93,8441,4052,4389,202,32,2038,0
98,1465647933,94,8600,4127,4473,193,34,2032,6
98,1465647933,95,8784,4216,4568,219,35,2112,0
98,1465647933,96,8972,4312,4660,236,48,2094,18
98,1465647933,97,9196,4433,4763,260,36,2154,0
98,1465647933,98,9375,4527,4848,229,50,2205,0
98,1465647933,99,9553,4612,4941,227,49,2266,0
99,1367435607,0,991,495,496,12,21,225,0
99,1367435607,1,1087,547,540,113,17,271,0
99,1367435607,2,1167,583,584,99,19,254,17
99,1367435607,3,1216,604,612,65,16,252,2
99,1367435607,4,1253,621,632,54,17,249,3
99,1367435607,5,1295,647,648,57,15,252,0
99,1367435607,6,1308,651,657,35,22,240,12
99,1367435607,7,1316,654,662,35,27,249,0
99,1367435607,8,1339,665,674,39,16,250,0
99,1367435607,9,1345,662,683,25,19,233,17
99,1367435607,10,1363,673,690,31,13,242,0
99,1367435607,11,1361,674,687,18,20,225,17
99,1367435607,12,1358,670,688,16,19,225,0
99,1367435607,13,1373,684,689,32,17,253,0
99,1367435607,14,1392,692,700,30,11,290,0
99,1367435607,15,1426,712,714,44,10,312,0
99,1367435607,16,1452,730,722,40,14,328,0
99,1367435607,17,1489,752,737,59,22,345,0
99,1367435607,18,1523,764,759,48,14,363,0
99,1367435607,19,1568,791,777,64,19,375,0
99,1367435607,20,1639,827,812,85,14,378,0
99,1367435607,21,1689,848,841,66,16,393,0
99,1367435607,22,1730,875,855,60,19,388,5
99,1367435607,23,1771,900,871,65,24,396,0
99,1367435607,24,1828,932,896,76,19,377,19
99,1367435607,25,1878,957,921,73,23,387,0
99,1367435607,26,1934,988,946,69,13,398,0
99,1367435607,27,1986,1015,971,72,20,415,0
99,1367435607,28,2023,1036,987,44,7,421,0
99,1367435607,29,2041,1047,994,33,15,445,0
99,1367435607,30,2071,1055,1016,44,14,470,0
99,1367435607,31,2096,1068,1028,42,17,489,0
99,1367435607,32,2138,1094,1044,55,13,509,0
99,1367435607,33,2188,1114,1074,60,10,514,0
99,1367435607,34,2238,1141,1097,61,11,541,0
99,1367435607,35,2308,1185,1123,85,15,551,0
99,1367435607,36,2358,1209,1149,63,13,576,0
99,1367435607,37,2439,1250,1189,95,14,604,0
99,1367435607,38,2494,1291,1203,64,9,616,0
99,1367435607,39,2541,1313,1228,62,15,625,0
99,1367435607,40,2621,1359,1262,95,15,646,0
99,1367435607,41,2716,1403,1313,107,12,638,8
99,1367435607,42,2791,1438,1353,84,9,671,0
99,1367435607,43,2852,1460,1392,74,13,687,0
99,1367435607,44,2937,1500,1437,97,12,715,0
99,1367435607,45,3001,1532,1469,80,16,732,0
99,1367435607,46,3036,1543,1493,48,13,758,0
99,1367435607,47,3079,1562,1517,62,19,757,1
99,1367435607,48,3130,1586,1544,66,15,793,0
99,1367435607,49,3187,1608,1579,67,10,803,0
99,1367435607,50,3241,1636,1605,78,24,824,0
99,1367435607,51,3321,1669,1652,95,15,816,8
99,1367435607,52,3408,1706,1702,106,19,867,0
99,1367435607,53,3473,1735,1738,84,19,877,0
99,1367435607,54,3583,1800,1783,121,11,904,0
99,1367435607,55,3643,1838,1805,78,18,947,0
99,1367435607,56,3739,1884,1855,110,14,958,0
99,1367435607,57,3828,1920,1908,118,29,978,0
99,1367435607,58,3923,1965,1958,110,15,1022,0
99,1367435607,59,4004,2011,1993,105,24,1016,6
99,1367435607,60,4074,2047,2027,89,19,1026,0
99,1367435607,61,4171,2091,2080,117,20,1041,0
99,1367435607,62,4254,2136,2118,112,29,1077,0
99,1367435607,63,4328,2180,2148,106,32,1095,0
99,1367435607,64,4424,2229,2195,122,26,1105,0
99,1367435607,65,4503,2270,2233,93,14,1145,0
99,1367435607,66,4639,2341,2298,148,12,1148,0
99,1367435607,67,4712,2374,2338,96,23,1174,0
99,1367435607,68,4809,2428,2381,121,24,1202,0
99,1367435607,69,4909,2468,2441,126,26,1228,0
99,1367435607,70,5012,2516,2496,129,26,1241,0
99,1367435607,71,5116,2569,2547,115,11,1285,0
99,1367435607,72,5231,2629,2602,134,19,1335,0
99,1367435607,73,5345,2690,2655,136,22,1370,0
99,1367435607,74,5471,2756,2715,140,14,1373,0
99,1367435607,75,5571,2812,2759,121,21,1455,0
99,1367435607,76,5687,2870,2817,134,18,1477,0
99,1367435607,77,5816,2930,2886,149,20,1481,0
99,1367435607,78,5930,2980,2950,140,26,1511,0
99,1367435607,79,6025,3027,2998,132,37,1525,0
99,1367435607,80,6121,3075,3046,122,26,1553,0
99,1367435607,81,6213,3119,3094,125,33,1596,0
99,1367435607,82,6362,3201,3161,180,31,1561,35
99,1367435607,83,6514,3281,3233,183,31,1598,0
99,1367435607,84,6631,3336,3295,149,32,1655,0
99,1367435607,85,6751,3399,3352,147,27,1698,0
99,1367435607,86,6884,3459,3425,165,32,1735,0
99,1367435607,87,7001,3523,3478,153,36,1776,0
99,1367435607,88,7148,3600,3548,188,41,1817,0
99,1367435607,89,7251,3640,3611,145,42,1868,0
99,1367435607,90,7403,3727,3676,186,34,1903,0
99,1367435607,91,7523,3795,3728,166,46,1913,0
99,1367435607,92,7654,3851,3803,175,44,1983,0
99,1367435607,93,7797,3930,3867,173,30,1956,27
99,1367435607,94,7924,3984,3940,165,38,1986,0
99,1367435607,95,8084,4062,4022,200,40,2043,0
99,1367435607,96,8242,4141,4101,198,40,2073,0
99,1367435607,97,8387,4202,4185,188,43,2157,0
99,1367435607,98,8502,4264,4238,183,68,2193,0
99,1367435607,99,8665,4343,4322,229,66,2169,24
100,300116172,0,1005,498,507,28,23,233,0
100,300116172,1,1100,551,549,111,16,249,0
100,300116172,2,1189,603,586,100,11,259,0
100,300116172,3,1232,625,607,66,23,253,6
100,300116172,4,1260,643,617,60,32,250,3
100,300116172,5,1285,650,635,52,27,236,14
100,300116172,6,1302,657,645,41,24,222,14
100,300116172,7,1301,651,650,25,26,222,0
100,300116172,8,1316,659,657,32,17,218,4
100,300116172,9,1324,659,665,26,18,224,0
100,300116172,10,1323,653,670,21,22,229,0
100,300116172,11,1349,665,684,28,2,233,0
100,300116172,12,1366,669,697,27,10,231,2
100,300116172,13,1376,674,702,20,10,249,0
100,300116172,14,1383,680,703,21,14,284,0
100,300116172,15,1405,695,710,35,13,313,0
100,300116172,16,1436,703,733,48,17,339,0
100,300116172,17,1468,717,751,44,12,345,0
100,300116172,18,1520,743,777,67,15,364,0
100,300116172,19,1578,767,811,69,11,380,0
100,300116172,20,1568,765,803,95,105,360,20
100,300116172,21,1625,791,834,68,11,362,0
100,300116172,22,1678,818,860,65,12,388,0
100,300116172,23,1657,805,852,49,70,364,24
100,300116172,24,1717,836,881,68,8,379,0
100,300116172,25,1771,864,907,64,10,388,0
100,300116172,26,1753,854,899,55,73,357,31
100,300116172,27,1787,871,916,42,8,401,0
100,300116172,28,1831,890,941,56,12,407,0
100,300116172,29,1866,904,962,40,5,396,11
100,300116172,30,1899,911,988,41,8,418,0
100,300116172,31,1938,933,1005,49,10,425,0
100,300116172,32,1953,943,1010,33,18,452,0
100,300116172,33,1999,967,1032,53,7,488,0
100,300116172,34,2041,988,1053,58,16,520,0
100,300116172,35,2089,1016,1073,64,16,523,0
100,300116172,36,2136,1044,1092,60,13,543,0
100,300116172,37,2189,1068,1121,60,7,547,0
100,300116172,38,2258,1104,1154,82,13,575,0
100,300116172,39,2323,1129,1194,78,13,577,0
100,300116172,40,2404,1171,1233,94,13,587,0
100,300116172,41,2471,1208,1263,82,15,580,7
100,300116172,42,2535,1244,1291,83,19,621,0
100,300116172,43,2624,1291,1333,97,8,626,0
100,300116172,44,2696,1323,1373,83,11,630,0
100,300116172,45,2777,1368,1409,92,11,650,0
100,300116172,46,2842,1400,1442,77,12,675,0
100,300116172,47,2900,1430,1470,76,18,671,4
100,300116172,48,2961,1462,1499,69,8,692,0
100,300116172,49,2993,1482,1511,57,25,680,12
100,300116172,50,3052,1515,1537,71,12,719,0
100,300116172,51,3121,1544,1577,89,20,774,0
100,300116172,52,3194,1574,1620,82,9,784,0
100,300116172,53,3291,1634,1657,109,12,803,0
100,300116172,54,3357,1667,1690,81,15,821,0
100,300116172,55,3439,1711,1728,93,11,861,0
100,300116172,56,3527,1758,1769,96,8,915,0
100,300116172,57,3616,1805,1811,98,9,919,0
100,300116172,58,3717,1855,1862,118,17,937,0
100,300116172,59,3813,1907,1906,119,23,979,0
100,300116172,60,3893,1948,1945,87,7,950,29
100,300116172,61,3987,1998,1989,108,14,996,0
100,300116172,62,4068,2035,2033,93,12,1027,0
100,300116172,63,4170,2081,2089,113,11,1046,0
100,300116172,64,4269,2133,2136,119,20,1053,0
100,300116172,65,4346,2169,2177,89,12,1082,0
100,300116172,66,4454,2225,2229,120,12,1108,0
100,300116172,67,4540,2267,2273,109,23,1108,0
100,300116172,68,4654,2320,2334,134,20,1148,0
100,300116172,69,4756,2371,2385,113,11,1175,0
100,300116172,70,4861,2426,2435,126,21,1230,0
100,300116172,71,4956,2471,2485,122,27,1257,0
100,300116172,72,5080,2531,2549,148,24,1297,0
100,300116172,73,5189,2577,2612,137,28,1323,0
100,300116172,74,5308,2649,2659,143,24,1348,0
100,300116172,75,5434,2713,2721,141,15,1400,0
100,300116172,76,5521,2748,2773,108,21,1392,8
100,300116172,77,5623,2808,2815,123,21,1449,0
100,300116172,78,5742,2858,2884,142,23,1494,0
100,300116172,79,5825,2896,2929,122,39,1492,2
100,300116172,80,5919,2926,2993,131,37,1502,0
100,300116172,81,6016,2971,3045,130,33,1542,0
100,300116172,82,6151,3029,3122,172,37,1557,0
100,300116172,83,6267,3077,3190,141,25,1581,0
100,300116172,84,6397,3143,3254,165,35,1613,0
100,300116172,85,6491,3187,3304,139,45,1645,0
100,300116172,86,6622,3248,3374,158,27,1688,0
100,300116172,87,6725,3298,3427,139,36,1714,0
100,300116172,88,6898,3373,3525,202,29,1715,0
100,300116172,89,7030,3453,3577,171,39,1772,0
100,300116172,90,7197,3541,3656,197,30,1786,0
100,300116172,91,7300,3592,3708,152,49,1852,0
100,300116172,92,7409,3645,3764,143,34,1863,0
100,300116172,93,7553,3714,3839,178,34,1861,2
100,300116172,94,7704,3782,3922,189,38,1946,0
100,300116172,95,7853,3852,4001,178,29,1973,0
100,300116172,96,7964,3920,4044,169,58,1992,0
100,300116172,97,8109,4001,4108,192,47,2036,0
100,300116172,98,8285,4085,4200,213,37,2067,0
100,300116172,99,8422,4144,4278,180,43,2103,0
